"","MEAN_ALL","MEAN_0","MEAN_1","MEAN_2","SUM_ALL","SUM_0","SUM_1","SUM_2","VAR_ALL","VAR_0","VAR_1","VAR_2","NTP_0","NTP_1","NTP_2","AEROFLEX TMP","AEROFLEX HUMIDITY","AEROFLEX VIS","MUNICIPAL TMP","MUNICIPAL HUMIDITY","MUNICIPAL VIS","NEWARK TMP","NEWARK HUMIDITY","NEWARK VIS","TETERBORO TMP","TETERBORO HUMIDITY","TETERBORO VIS"
"2020-03-01",0.0437477201830559,0.154423158626915,0.0208692926017544,0.00951913421053484,8.92453491734341,6.48577266233042,1.6486741155386,0.790088139474392,0.0241456526509982,0.103136453757042,0.000194050039250583,5.83404776479251e-05,42,79,83,24.98,0.0102720621572727,99999,30.92,0.0165917847893069,16093,28.49,4.25711064659321e-05,16046.5,26.06,0.00676328302132136,16093
"2020-03-02",0.0384281386472124,0.154189352855264,0.0166252564209012,0.00994754240319536,8.87690002750605,6.47595281992108,1.29677000083029,1.10417720675468,0.0219351521047999,0.105764028184979,0.000139587037082559,7.33492171500117e-05,42,78,111,30.02,11.1949313817771,99999,28.94,1.29704111413715,16093,41.54,0.0260451400911238,16046.5,39.02,0.0849161570617071,16093
"2020-03-03",0.0473671692599719,0.162076763786553,0.0152943890099808,0.012539681934175,8.76292631309479,6.80722407903522,0.902368951588869,1.0533332824707,0.0265420831840886,0.101293701568618,0.000141395881914256,8.76276998075456e-05,42,59,84,53.96,1.84773431740421,99999,51.98,4.23851888182842,16093,58.01,1.33326504309973,16046.5,55.04,3.29817007266474,16093
"2020-03-04",0.0461042621198411,0.161982983040313,0.0144776292145252,0.00938324122689664,8.43707996793091,6.80328528769314,0.883135382086039,0.750659298151731,0.0270321732090762,0.101818630152983,0.000148481357535484,4.45871321306668e-05,42,61,80,51.08,59.2373963293759,99999,48.02,70.0694018800033,14484,52.58,76.8904895912364,9437.33333333333,50.54,65.1362152619922,6437
"2020-03-05",0.0376741807863471,0.144552843101944,0.0153829718726766,0.0127804687352113,8.70273576164618,6.07121941028163,1.27678666543216,1.3547296859324,0.0220601596572506,0.108865460380415,0.000162176948951735,9.86275768309054e-05,42,83,106,44.96,19.435823083285,99999,51.08,0.557624947170878,16093,52.52,1.12402781685993,16046.5,48.92,5.82441177486499,16093
"2020-03-06",0.0413898215195987,0.160008158213237,0.017738679686609,0.00836686280212903,8.89881162671372,6.72034264495596,1.3836170155555,0.794851966202259,0.023129392237948,0.102306252227594,0.000171621602367863,3.97378042025542e-05,42,78,95,35.96,9.03652595480954,99999,37.94,5.6840180080208,16093,44.51,5.39660036544498,16046.5,42.98,6.15598848124189,16093
"2020-03-07",0.0439803649063165,0.15887714891384,0.0172312471109468,0.00840248726308346,8.62015152163804,6.6728402543813,1.27511228621006,0.672198981046677,0.0251812630258762,0.102088717117694,0.000186923588831828,3.03686412284396e-05,42,74,80,39.02,11.0698729498013,99999,37.04,48.7439876414333,12875,38.075,52.6727786813226,11960.5,39.02,40.8768592241803,16093
"2020-03-08",0.0465451209796204,0.165167239871586,0.0128791004779839,0.0136492604982447,8.93666322808713,6.9370240746066,0.798504229635,1.20113492384553,0.0257482580300752,0.101169051277172,8.09848762939245e-05,9.83498394439005e-05,42,62,88,37.04,0.0119044037307058,99999,37.04,0.0244161714469456,16093,43.07,6.81230772358236e-07,16046.5,39.92,0.000171199655844063,16093
"2020-03-09",0.0422011386583348,0.151441794792412,0.0179291435528591,0.0126203114873376,8.94664139556699,6.3605553812813,1.48811891488731,1.09796709939837,0.0238947119967147,0.107173898598105,0.000139337839579809,0.000116230613208029,42,83,87,48.02,0.169146350770898,99999,48.92,0.0918806960699505,16093,52.97,0.0348886034878785,16046.5,53.06,0.0988604927861652,16093
"2020-03-10",0.036017312609355,0.143846195484955,0.0152987727434725,0.0131928488089327,8.96831083972938,6.04154021036811,1.42278586514294,1.50398476421833,0.0206382501450867,0.109887711745731,0.000136369794533551,0.000112362770374201,42,93,114,48.02,5.2302511795539,99999,51.98,3.40098837609451,16093,65.03,0.012835131828426,16046.5,59,0.143531590545522,16093
"2020-03-11",0.0413707393187484,0.150370497051405,0.014627551070497,0.0120221922573234,8.48100156034343,6.315560876159,1.15557653456926,1.00986414961517,0.0244099492447454,0.105656551154463,0.00015359668377776,9.49126281099547e-05,42,79,84,60.08,17.1178678616902,99999,62.06,10.96821301591,16093,64.49,11.1408350931622,16046.5,62.96,13.7323987589883,16093
"2020-03-12",0.0400213681326972,0.148125703734834,0.0160376738273987,0.0145536930683781,9.00480782985687,6.22127955686301,1.2990515800193,1.48447669297457,0.0222343561921306,0.106064776380381,0.000163450177043084,0.00015028588344124,42,81,102,44.06,4.9540518488514,99999,48.02,10.9899707097874,16093,51.53,0.44077456358069,16046.5,51.08,0.0604352573585707,16093
"2020-03-13",0.0365045134517019,0.147549630292425,0.0150245014004982,0.0129461324895206,9.05311933602206,6.19708447228186,1.36722962744534,1.48880523629487,0.0206743158025152,0.108736767914004,0.000115821705495271,0.000124653910224228,42,91,115,44.96,36.6874446821266,99999,50,49.6948099458734,16093,48.02,40.4611736618387,16046.5,44.78,35.1734620804399,9656
"2020-03-14",0.0463121312423027,0.16100667897124,0.0177764005082495,0.00951776366967422,8.89192919852212,6.76228051679209,1.51099404320121,0.618654638528824,0.0255964214591287,0.101502011971228,0.000151838107390142,7.59879170449442e-05,42,85,65,55.94,0.00363386737058466,99999,62.96,0.00729796309291977,16093,61.07,0.000835709142415002,16046.5,57.92,0.00696581342369651,16093
"2020-03-15",0.0401855818342776,0.150562278837675,0.0196552282035515,0.0140765337800642,9.60435405839235,6.32361571118236,1.78862576652318,1.49211258068681,0.0212494459369134,0.107377124202646,0.000182976379229714,0.00015368675998425,42,91,106,44.96,1.26587323386952,99999,51.98,0.0509358487521849,16093,51.08,0.0428192382583445,16046.5,48.02,0.255262586841197,16093
"2020-03-16",0.037024429575558,0.14352151958294,0.0193252265152912,0.0145890970699607,9.66337611922063,6.02790382248349,1.79724606592208,1.83822623081505,0.0196716376233959,0.109979859926183,0.000202050233136545,0.000143677820006839,42,93,126,39.92,0.0115717399420676,99999,37.94,14.0815027522344,16093,49.01,0.315110487375032,16046.5,46.94,0.000973644428179784,16093
"2020-03-17",0.0385883174680143,0.144393388148663,0.0193188189035829,0.0146062184029665,9.41554946219549,6.06452230224386,1.64209960680455,1.70892755314708,0.0209877374039336,0.109706178458672,0.00019763732293385,0.000141674416216425,42,85,117,37.94,10.3444618515909,99999,42.98,13.756540800302,16093,41,8.24621170797872,16046.5,39.92,5.09319079327946,16093
"2020-03-18",0.0390857558806185,0.145772160125142,0.0171352891394725,0.0126672824250257,8.87246658490039,6.12243072525598,1.559311311692,1.19072454795241,0.0221431368647752,0.107096034086191,0.000185084047783721,9.95546907576204e-05,42,91,94,44.96,15.1009082544764,99999,55.94,10.4292914852439,16093,51.53,12.7009440212389,16046.5,48.92,11.4951960753526,16093
"2020-03-19",0.0381199110700503,0.148007794654751,0.0153279758667872,0.0124796855228919,8.80569945718162,6.21632737549953,1.24156604520977,1.34780603647232,0.022104706212998,0.10836167688222,0.000154219583231558,8.1054157183748e-05,42,81,108,46.04,3.35931001641753,99999,46.04,4.51665947445609,16093,46.49,1.14715490262011,16046.5,46.94,0.856452687673368,16093
"2020-03-20",0.0401132132199245,0.14715003409046,0.0160776416974506,0.0127898978323422,8.70456726872362,6.18030143179931,1.3987548276782,1.12551100924611,0.0234645268172618,0.10852956158473,0.000160300767983526,8.84212437645231e-05,42,87,88,44.96,68.4440758222811,99999,50,58.5482721964592,16093,51.53,26.4519733205775,16046.5,50,27.6562261681667,16093
"2020-03-21",0.0386598738285621,0.146380426376016,0.015599672509314,0.0121902291042109,8.65981173759792,6.14797790779267,1.34157183580101,1.17026199400425,0.0228235962186545,0.109008873704609,0.00013266997281478,9.12731130343297e-05,42,86,96,68,4.87045765782592,99999,75.02,5.65866264870691,16093,74.03,2.7801490019737,16046.5,69.08,6.03879751557349,16093
"2020-03-22",0.0421221521962434,0.1516403413289,0.0159235485495092,0.0101687414571643,8.42443043924868,6.36889433581382,1.24203678686172,0.813499316573143,0.0251112098352098,0.105887088683557,0.000155916584385393,6.04870511361718e-05,42,78,80,39.92,0.0115717399420676,99999,41,5.28250462143517,16093,45.5,0.0019873417324186,16046.5,44.96,0.003379487245381,16093
"2020-03-23",0.0495613357062986,0.199688479708996,0.015735482147923,0.0118499124353683,10.7052485125605,8.38691614777781,1.03854182176292,1.27979054301977,0.0314832424860214,0.135970729342337,0.000137630038405645,8.82224032670986e-05,42,66,108,35.06,5.91843738475673,99999,39.92,9.09192832977616,16093,39.02,2.32389139928244,16046.5,37.04,1.81895545383231,16093
"2020-03-24",0.0468928042676129,0.154138132053915,0.0146947901631738,0.0112601157680557,8.15934794256464,6.47380154626444,0.852297829464078,0.833248566836119,0.0283099658611784,0.10355706266065,0.000149874694875795,8.34230492567386e-05,42,58,74,35.06,61.7566251421904,99999,42.98,53.7702108204089,16093,37.94,57.8427799526524,16046.5,37.16,40.3256884972694,15020.3333333333
"2020-03-25",0.0455365862732794,0.153815305913754,0.0143553814559709,0.0128172386246614,8.3787318742834,6.46024284837767,0.918744413182139,0.999744612723589,0.0268283970489373,0.103780760825735,0.000135858674492071,0.000102312917977331,42,64,78,41,12.4105156406824,99999,44.96,30.2389663249685,16093,49.01,4.04968195304345,16046.5,48.02,5.2302511795539,16093
"2020-03-26",0.041914384615599,0.157667439874439,0.0145540634542704,0.0140965209148898,9.13733584620059,6.62203247472644,1.09155475907028,1.42374861240387,0.0228765555374768,0.10363202292685,9.814729538902e-05,0.000109871544172607,42,75,101,39.92,15.606925654758,99999,42.98,13.756540800302,16093,43.52,22.6824160261984,16046.5,42.98,20.0965310851004,16093
"2020-03-27",0.044592371442028,0.157104881968172,0.0144814428050017,0.00881032595360602,8.24958871677518,6.59840504266322,0.999219553545117,0.651964120566845,0.0268005130011508,0.103148283092217,0.000138752941931016,5.19521513645661e-05,42,69,74,48.02,20.8574560434061,99999,46.94,39.687874610205,16093,51.08,11.1220365900424,16046.5,48.02,17.1638823727513,16093
"2020-03-28",0.0502299368895727,0.157995279856204,0.0151631656449799,0.0111193787306547,8.18747971300036,6.63580175396055,0.773321447893977,0.77835651114583,0.0300799670654676,0.10252931989948,0.000123918575581206,7.98117678735574e-05,42,51,70,46.94,10.393624167971,99999,51.08,28.4414541320232,16093,61.52,0.00206034661889946,16046.5,59,0.00364312215320653,16093
"2020-03-29",0.0455521220530106,0.157027434441261,0.015522432388432,0.0104208863585403,8.42714257980697,6.59515224653296,1.04000297002494,0.791987363249063,0.0266667919177432,0.102761917365758,0.000143062597227435,0.000104890315823406,42,67,76,42.98,83.7133013753373,99999,51.08,83.458443615956,4023,44.96,76.3931754309428,3617.16666666667,44.96,68.4440758222811,9656
"2020-03-30",0.0495694270208079,0.175725757765273,0.0126845450510108,0.013291154738243,9.26948285289109,7.38048182614148,0.799126338213682,1.08987468853593,0.0313435289380302,0.120816380925371,9.84734096341492e-05,0.000101720471511236,42,63,82,46.94,69.5141778310537,99999,53.78,73.7970125978523,15288.5,46.04,81.8395569373373,4818.66666666667,46.04,55.9591793224568,8047
"2020-03-31",0.0510816132869229,0.157507961139172,0.0184478241734315,0.0158724837478191,8.88820071192458,6.61533436784521,1.27289986796677,0.999966476112604,0.0282104586294759,0.103271763150402,0.000172915844676754,0.000116296689510003,42,69,63,46.94,58.582928865737,99999,46.04,55.9591793224568,16093,46.04,55.9591793224568,9437.33333333333,46.04,37.5440932883284,4828
"2020-04-01",0.0460796617460308,0.157525616509485,0.012615803268648,0.0122358841555459,8.34041877603158,6.61607589339837,0.782179802656174,0.942163079977036,0.0272515468270054,0.102695979959307,9.61037729070536e-05,0.000126409705361612,42,62,77,44.06,28.3460643704556,99999,42.08,16.5077106692468,16093,42.98,20.0965310851004,16046.5,42.98,17.9520368393892,16093
"2020-04-02",0.0427673949652585,0.151676591419216,0.015939293146322,0.0154922148833672,9.02392033766955,6.37041683960706,1.25920415855944,1.39429933950305,0.0237149215846212,0.105715715876333,0.000155529518367256,0.00013115419415136,42,79,90,48.92,0.434034427184787,99999,39.92,15.606925654758,16093,50,0.489871053562864,16046.5,48.02,0.695390711634533,16093
"2020-04-03",0.0435355289725632,0.155195918045051,0.0175203630504639,0.0123564056281386,8.92478343937546,6.51822855789214,1.33154759183526,1.07500728964806,0.0243242046978443,0.104433111027587,0.000158902701927785,0.00010224166467228,42,76,87,48.92,0.829552312107553,99999,53.06,0.202719345568259,16093,53.51,0.363277930285334,16046.5,51.08,1.02029579664305,16093
"2020-04-04",0.0450921494123601,0.153230467994165,0.0156410665843974,0.0113513972852137,8.34204764128663,6.43567965575494,1.03231039457023,0.874057590961456,0.0270415897914651,0.105450816445562,0.000136662702810404,9.52159767175946e-05,42,66,77,50,23.0795019500046,99999,51.08,6.39902711643931,16093,51.08,31.1236529263033,16046.5,51.98,16.4916627986519,16093
"2020-04-05",0.0365130027980407,0.141561477514361,0.0170285069040562,0.0130175089617388,8.98219868831802,5.94558205560315,1.61770815588534,1.41890847682953,0.0208311179155091,0.110227933176466,0.000156347671551326,9.13500461999818e-05,42,95,109,48.92,33.3728338876252,99999,44.06,43.5802780038409,16093,50,23.0795019500046,16046.5,50,18.480596187948,16093
"2020-04-06",0.0397780707296492,0.151625884197918,0.0145471824084719,0.0125422305201443,8.75117556052282,6.36828713631257,1.09103868063539,1.29184974357486,0.023120401622208,0.107151590101184,0.000109134339012873,0.000122650162639697,42,75,103,55.04,21.7603782812699,99999,48.92,33.3728338876252,16093,53.96,28.1522670727535,16046.5,53.96,21.0591420654228,16093
"2020-04-07",0.0534628470883366,0.212949871678748,0.0169946099505634,0.015003178967163,11.7618263594341,8.94389461050741,1.25760113634169,1.56033061258495,0.0355334996332324,0.15696095393177,0.000158515321036824,0.000138862566444135,42,74,104,51.98,0.0211489328321536,99999,48.92,22.3252942185556,16093,61.07,0.0014189663738158,16046.5,57.02,0.0136018172432453,16093
"2020-04-08",0.0396012340613845,0.148596266229149,0.0159902570627724,0.0130078598637791,8.83107519568875,6.24104318162426,1.26323030795902,1.32680170610547,0.0227193300113149,0.10741216336019,0.000154072250606669,0.000125172899573392,42,79,102,57.92,6.38402480622964,99999,51.98,35.6412799323956,16093,54.5,12.4894587240999,16046.5,53.96,4.85298701331105,16093
"2020-04-09",0.0365606901204574,0.145077041793792,0.0159055189956184,0.0110552977593172,8.70144424866885,6.09323575533926,1.44740222860128,1.16080626472831,0.0215794110234593,0.109506928062153,0.000150032346462725,8.96240070230359e-05,42,91,105,51.98,29.0872873839015,99999,50,40.5946827880642,16093,54.05,25.8138311495545,16046.5,51.98,35.6412799323956,16093
"2020-04-10",0.039333177553148,0.145611754496626,0.0148914037601036,0.0131117549243864,8.57463270658627,6.1156936888583,1.26576931960881,1.19316969811916,0.0233670218612551,0.108838329684142,0.000149898154095298,8.81979325635948e-05,42,85,91,44.96,0.65010172058964,99999,48.02,0.109754672336034,16093,49.46,0.144432772525919,16046.5,46.94,0.315866219541939,16093
"2020-04-11",0.0551958315163141,0.200507582852706,0.014937480516506,0.0126520983046956,10.4320121565834,8.42131847981364,0.985873714089394,1.02481996268034,0.0356211378411412,0.135110763911961,0.000134541519182542,0.00010075219049425,42,66,81,42.08,1.70851176722112,99999,44.96,0.0879651334583771,16093,44.51,1.39231745555342,16046.5,42.98,2.6599671397481,16093
"2020-04-12",0.0406020227840752,0.143796116413016,0.0162698316552183,0.0164965367578763,8.97304703528062,6.03943688934669,1.38293569069356,1.55067445524037,0.0227854041592428,0.108124582636633,0.000155575209920636,0.00015492591859839,42,85,94,41,1.08996966027887,99999,42.08,2.28986113780552,16093,52.07,0.00789884277587427,16046.5,50,0.0311787776740607,16093
"2020-04-13",0.0367314382693825,0.139458631093259,0.0167475723950513,0.0145250092388998,8.99920237599872,5.85726250591688,1.45703879836947,1.68490107171237,0.020127446092296,0.106067567002024,0.000142000318122901,0.000129976880051828,42,87,116,60.98,3.21008812812605,99999,59,20.0490678912634,16093,61.07,4.81670771389231,16046.5,57.92,7.67811682331027,16093
"2020-04-14",0.0377592026760809,0.144327138664223,0.0168628166592138,0.0146664085894309,9.21324545296375,6.06173982389737,1.45020223269239,1.70130339637399,0.020654001223504,0.10770831228098,0.000140936551275032,0.00012614452235897,42,86,116,64.04,9.77126636036052,99999,64.04,11.8261553591139,16093,67.01,13.4364547624781,16046.5,64.94,14.6666527955941,16093
"2020-04-15",0.0412717436325545,0.146642325670525,0.015627515146901,0.0140563251634876,8.62579441920388,6.15897767816205,1.18769115116447,1.27912558987737,0.0236734781477045,0.105351343077626,0.000150148455699681,0.000107906145660447,42,76,91,48.02,1.7845798432592,99999,50,9.49698766566393,16093,53.96,0.253765917957503,16046.5,51.98,0.628543662910886,16093
"2020-04-16",0.0454602834080733,0.16902405263335,0.0170214137473664,0.0154614299722016,9.95580206636805,7.09901021060068,1.31064885854721,1.54614299722016,0.0268720560868119,0.122959580127799,0.000157575524016185,0.000113789209021523,42,77,100,41,2.1533155774031,99999,39.02,3.33377032131115,16093,49.01,0.00601200803014015,16046.5,46.94,0.136416610196661,16093
"2020-04-17",0.0382003277951766,0.144371712718913,0.0172758939276849,0.0147086258653713,9.20627899863757,6.06361193419434,1.45117508992553,1.6914919745177,0.020901218251335,0.107733301641206,0.000136866132324545,0.000124439384524919,42,84,115,35.06,11.2211681442434,99999,42.98,0.018394126496399,16093,41.99,1.85796817226825,16046.5,39.92,1.89822838717819,16093
"2020-04-18",0.0441417970545238,0.170452248925964,0.0154074306418705,0.0111197093311621,9.35806097555906,7.15899445489049,1.10933500621468,1.08973151445389,0.0278097346099032,0.122271492483544,0.000157070291689902,7.39818950524942e-05,42,72,98,37.04,48.7439876414333,99999,46.94,8.36784354827438,16093,44.51,18.70701763104,15046.5,41,20.623412159112,14484
"2020-04-19",0.0429944543365911,0.156260419437396,0.0172390566786399,0.0116618048031252,8.89985204767436,6.56293761637062,1.27569019421935,1.06122423708439,0.0239001568137813,0.103083159443435,0.00018360225880884,7.07690431995174e-05,42,74,91,35.96,12.5617111382267,99999,35.96,22.239068657848,16093,44.51,1.45546288042911,16046.5,42.08,3.20832107130586,16093
"2020-04-20",0.0412242042119636,0.15427819303503,0.0147600068793267,0.0135409131568546,8.94565231399611,6.47968410747126,1.16604054346681,1.29992766305804,0.0230444530320615,0.104671431779817,0.000142176152349087,9.76197925653664e-05,42,79,96,53.96,1.84773431740421,99999,51.98,24.4624925091318,16093,57.47,0.355190798034958,16046.5,57.02,0.655301491520918,16093
"2020-04-21",0.0371642106896555,0.150000318979091,0.0143293470553145,0.0122367521666962,8.88224635482766,6.3000133971218,1.17500645853579,1.40722649917006,0.0210070270096541,0.105611639993488,0.000151975492923622,7.30339664555104e-05,42,82,115,44.96,15.1009082544764,99999,48.02,13.5030377634171,16093,51.98,0.357025719328017,16046.5,48.92,0.586614297227621,16093
"2020-04-22",0.0405345716102179,0.147685195275006,0.015606823783945,0.0137653941763382,8.71493289619684,6.20277820155025,1.1080844886601,1.4040702059865,0.022760332030309,0.103624230858463,0.000151622226052459,0.000119607286061363,42,71,102,39.02,6.21303271708252,99999,50,0.0743774808074626,16093,45.95,1.23685427293067,16046.5,42.98,2.6599671397481,16093
"2020-04-23",0.0545357605819968,0.166216177777165,0.0102960486642339,0.0102731455482689,8.07129256613553,6.98107946664095,0.566282676532865,0.523930422961712,0.0325948586675226,0.0988269444959955,6.76900960411108e-05,8.95416077310825e-05,42,55,51,42.08,0.0133859026600773,99999,41,0.481958086483272,16093,49.46,7.25773604357889e-05,16046.5,44.96,0.003379487245381,16093
"2020-04-24",0.0541819663634415,0.179047547840691,0.0158945633439531,0.011369274708174,9.31929821451195,7.51999700930901,1.12851399742067,0.670787207782269,0.0336795085970639,0.118894308024504,0.000163890074656411,0.000103350219279502,42,71,59,48.02,0.98215414401279,99999,46.94,69.5141778310537,11265,46.04,2.24716917429737,16046.5,46.04,1.89328377198567,16093
"2020-04-25",0.0427652588621298,0.153477770985947,0.0150521978611747,0.0125129537547336,8.63858229015023,6.44606638140976,1.12891483958811,1.06360106915236,0.0243288700174913,0.102999237871327,0.000138672160177132,7.9455338171882e-05,42,75,85,46.04,68.9952129764515,99999,50,58.5482721964592,12874.5,48.92,56.2295917813458,16062,48.38,47.1102953890703,16093
"2020-04-26",0.0417406187782315,0.151951680303596,0.0147636936272721,0.0131257043989456,8.68204870587215,6.38197057275102,1.09251332841814,1.207564804703,0.0238815333972864,0.104464547456631,0.0001581304845495,0.00010495279647211,42,74,92,55.04,0.668574282399066,99999,50,27.6562261681667,16093,52.97,0.077837635653271,16046.5,51.98,0.079189259774613,16093
"2020-04-27",0.0387674398251485,0.146335903979239,0.0150541361845747,0.0130924446128526,8.68390652083326,6.14610796712805,1.1892767585814,1.34852179512382,0.0223021040773153,0.106146236169097,0.000155048939635267,0.000107620450882297,42,79,103,42.08,53.0742213973604,99999,50,62.7105261958423,12338,45.5,68.7196443993663,10437.5,44.33,51.8962819834303,8047
"2020-04-28",0.0426051361511674,0.150897820563322,0.0160643475717061,0.0125957662774914,8.60623750253581,6.33770846365951,1.17269737273455,1.09583166614175,0.0245073679367265,0.104492962912008,0.000153277816554916,9.78551322373221e-05,42,73,87,44.96,15.1009082544764,99999,50,3.65779830558798,16093,46.49,11.342722456661,16046.5,44.96,12.1733219724384,16093
"2020-04-29",0.0497643212977972,0.17631203086958,0.0165063060871134,0.0117752595657581,9.50498536787927,7.40510529652238,1.20496034435928,0.894919726997614,0.0304291292681026,0.119564079396319,0.000146469349014439,7.77886448490156e-05,42,73,76,51.98,10.4825817986016,99999,51.98,24.4624925091318,16093,57.56,7.84628129105076,16046.5,57.02,2.40150550530141,16093
"2020-04-30",0.0449613739450575,0.154666530356432,0.0138298373888521,0.0134338792177695,8.49769967561588,6.49599427497014,0.94042894244194,1.06127645820379,0.0263082069969059,0.104281622923051,0.000157638486865108,0.000127268139879786,42,68,79,51.08,19.191050413792,99999,54.5,53.4321944668282,16093,50.54,30.7310389443751,16046.5,51.08,15.3574616999619,16093
"2020-05-01",0.0425949013829799,0.152294381288812,0.0163697508875938,0.0101343505512709,8.39119557244703,6.39636401413009,1.11314306035638,0.881688497960567,0.0251684190383567,0.104254514826028,0.000137222602170474,6.41365378303542e-05,42,68,87,57.02,54.1368838922545,99999,1831.82,100,99999,57.47,54.3950735467652,9523.5,59,55.2312580061016,4828
"2020-05-02",0.0399110370803032,0.144943079068547,0.0151185500274958,0.0133886913166327,8.5409619351849,6.08760932087898,1.31531385239214,1.13803876191378,0.023492495714559,0.107433935427606,0.000149587697072088,0.000114821596597276,42,87,85,59,14.0256679101483,99999,62.06,7.59686439148136,16093,62.51,10.3137140884682,16046.5,62.96,9.65921516102639,16093
"2020-05-03",0.0457680941989986,0.155542535441262,0.0171464779192493,0.0111092706613335,8.51286552101374,6.53278648853302,1.08022810891271,0.89985092356801,0.0264328483109047,0.102880557382686,0.000147957504823435,9.71672724066028e-05,42,63,81,60.98,4.85992050425395,99999,62.06,1.37715729959227,16093,68.99,0.376270542751292,16046.5,66.92,0.885193353802679,16093
"2020-05-04",0.0428593390244281,0.154654200111205,0.015757362056576,0.0142908462313647,9.0004611951299,6.49547640467063,1.1187727060169,1.38621208444238,0.0237775446463789,0.104664799004426,0.000157030300898446,0.000114791776573315,42,71,97,64.94,20.2931667892232,99999,69.98,19.5191779397319,16093,74.03,3.0123214095877,16046.5,73.94,3.27726213307772,16093
"2020-05-05",0.0426373335587096,0.151861706682082,0.0147494659991935,0.0145850208632293,8.78329071309417,6.37819168064743,1.17995727993548,1.22514175251126,0.0236897144869871,0.102617450294374,0.000139492626905151,0.000104538001741835,42,80,84,48.92,4.44116691309554,99999,59,0.643329846580347,16093,54.5,1.60078912617841,14046.5,51.98,2.5864848028855,16093
"2020-05-06",0.0398453083783222,0.149105404847346,0.0170418288754789,0.0129032365907476,8.92534907674417,6.26242700358853,1.2951789945364,1.36774307861924,0.0224129403073826,0.106243544544869,0.000163430256583132,0.000114229850344521,42,76,106,48.92,0.586614297227621,99999,53.06,7.18547437830229,16093,59,0.00421750768869617,16046.5,57.92,0.0024976936375176,16093
"2020-05-07",0.0400743985587764,0.153029703219155,0.0163471088499615,0.0128443172822396,9.05681407428347,6.42724753520451,1.24238027259707,1.38718626648188,0.0222554526515276,0.105460055638128,0.000139885836099059,0.000134419959764175,42,76,108,44.96,45.9703330017747,99999,46.04,51.3705556669151,12070,46.04,37.5440932883284,16046.5,46.94,13.3968616412116,16093
"2020-05-08",0.0363845549383547,0.147946634684645,0.0153523159914472,0.0103314245395638,8.69590863026679,6.21375865675509,1.3663561232388,1.11579385027289,0.0214796449863236,0.1087102607266,0.000147470535346908,6.21030112582553e-05,42,89,108,57.02,1.119336433692,99999,55.04,0.668574282399066,16093,61.52,0.0467712889961063,16046.5,60.98,0.0725399708999175,16093
"2020-05-09",0.037116014413902,0.146362447268551,0.017311160142223,0.0122001199942568,9.05630751699209,6.14722278527915,1.5060709323734,1.40301379933953,0.0209744806246706,0.108965241074893,0.000147301396951574,8.57779417899132e-05,42,87,115,42.98,44.3644102515897,99999,50,58.5482721964592,16093,45.5,30.6770040057445,8023.5,44.24,40.273345162145,6437
"2020-05-10",0.0358456829104455,0.144240346548724,0.0175957144493913,0.0119462718124971,9.10480345925316,6.05809455504641,1.6012100148946,1.44549888931215,0.020232276274932,0.109743321073055,0.000186125724273093,8.03491771955145e-05,42,91,121,39.02,1.1437977092202,99999,42.08,0.109522169136478,16093,42.53,1.76019398085126,16046.5,39.92,2.72684724103297,16093
"2020-05-11",0.0441998031247207,0.168202549102716,0.01690180859425,0.0139657830880893,9.85655609681271,7.06450706231408,1.5211627734825,1.27088626101613,0.0265106252589849,0.123548433798687,0.000157204473693154,0.000109024918135844,42,90,91,55.04,0.513313569340806,99999,53.96,1.84773431740421,16093,59.99,0.132130556109457,16046.5,57.02,0.369179136782649,16093
"2020-05-12",0.0462470886317993,0.157694098916614,0.0169122587839091,0.00821683070424832,8.41697013098747,6.6231521544978,1.25150715000927,0.542310826480389,0.0269205901895059,0.10184524425635,0.000177621224749931,4.94142155410659e-05,42,74,66,46.04,9.90187041908453,99999,50,1.23899273780352,16093,52.07,2.36208251712336,16046.5,48.92,11.4951960753526,16093
"2020-05-13",0.0630783460554085,0.202032488033486,0.0144610323102003,0.0126890512183309,10.0925353688654,8.48536449740641,0.896584003232419,0.710586868226528,0.0417669842239099,0.134813440193757,0.000114463579601985,0.000126110894328859,42,62,56,51.98,0.0345555499128445,99999,48.02,2.30899517482768,16093,56.03,0.00468650026457997,16046.5,51.98,0.0509358487521849,16093
"2020-05-14",0.042528811066101,0.156936342329053,0.0199299231844853,0.0113648895887618,9.31380962347612,6.59132637782022,1.65418362431228,1.06829962134361,0.0227113494863239,0.103359059901837,0.000241640691047141,0.000108773467934415,42,83,94,51.08,0.29007640163122,99999,50,18.480596187948,16093,60.53,0.00391990874291124,16046.5,57.02,0.0202676048412712,16093
"2020-05-15",0.0389309048123073,0.153518742338444,0.019813493807234,0.0131406953205933,9.92738072713837,6.44778717821464,2.02097636833787,1.45861718058586,0.0195480349920638,0.104361050843127,0.000169137994065067,6.11886814147623e-05,42,102,111,64.04,6.80762929574796,99999,60.98,25.4102166021163,16093,63.95,8.50104168058595,16046.5,62.96,9.65921516102639,16093
"2020-05-16",0.039098662359433,0.150133708392137,0.0136115526407957,0.0136177484291019,8.79719903087243,6.30561575246975,1.02086644805968,1.47071683034301,0.0226754718448737,0.10782599740285,0.000135914240167651,0.000109644437028546,42,75,108,78.08,4.70998627779075,99999,75.02,7.77996638482521,16093,80.51,3.98993971611933,16046.5,78.98,4.24720705770997,16093
"2020-05-17",0.0462191837116521,0.157931988061007,0.0156597739842255,0.0128516768809499,8.6892065377906,6.63314349856228,1.00222553499043,1.05383750423789,0.0262158352307486,0.102673998354925,0.00013897296124954,0.000108101827746371,42,64,82,62.06,18.7505491566826,99999,60.98,25.4102166021163,16093,69.53,4.50558773914906,16046.5,68,4.87045765782592,16093
"2020-05-18",0.0430059736654494,0.156625999281892,0.0143143296025801,0.0123211644835525,8.68720668042079,6.57829196983948,0.98768874257803,1.12122596800327,0.0246799964411222,0.103790078830201,0.000131162110308626,0.000129826063618538,42,69,91,62.06,8.99194740203775,99999,57.02,16.0018240624701,16093,56.48,23.9120494338868,16046.5,59,8.09103819265754,16093
"2020-05-19",0.05045839802835,0.177370906984877,0.0165157722542062,0.0125610746335292,9.63755402341485,7.44957809336483,1.3212617803365,0.866714149713516,0.0305541459149878,0.120015553617509,0.000160592438312672,6.1938485129409e-05,42,80,69,64.04,6.80762929574796,99999,60.08,4.60895608558572,16093,64.04,6.96930090536981,16046.5,60.98,7.20879477208885,16093
"2020-05-20",0.0617424818749927,0.200794284963714,0.0189567701743236,0.0186647299217851,10.9901617737487,8.433359968476,1.19427652098238,1.36252528429031,0.0374697739097419,0.135220624947997,0.000196253880891819,0.000181322305174433,42,63,73,55.94,2.85169069529387,99999,53.06,0.391799696948982,16093,57.47,2.48913583967436,16046.5,57.02,1.4783626216995,16093
"2020-05-21",0.0549107204688092,0.166506873288502,0.00958751025609672,0.013051981665194,8.23660807032138,6.9932886781171,0.460200492292643,0.783118899911642,0.0326792608790815,0.100814031194381,5.97745824922372e-05,0.000105749283674008,42,48,60,53.06,1.69989976185877,99999,48.92,17.7751295002646,16093,54.5,1.18343860693858,16046.5,55.04,0.513313569340806,16093
"2020-05-22",0.0543837613652327,0.178464119782716,0.0160665051781968,0.0141468388338884,9.51715823891573,7.49549303087406,1.17285487800837,0.848810330033302,0.0333883308535146,0.120536378566008,0.000151105526792582,9.74421002333311e-05,42,73,60,62.06,15.5824315852243,99999,57.02,26.9781190583781,16093,57.92,23.5503439261063,16046.5,57.02,18.9030641116624,16093
"2020-05-23",0.048214951153135,0.157220438255795,0.0140058227555185,0.00988458767533303,8.10011179372668,6.60325840674341,0.854355188086629,0.642498198896646,0.0293537800614845,0.103009956240944,0.000126624020468432,8.02837483322539e-05,42,61,65,66.02,58.8381031066585,99999,62.06,75.8013166851593,4828,64.34,79.8773371624146,7479.33333333333,64.94,76.7179826187594,8047
"2020-05-24",0.0398695104881668,0.152495936701252,0.0146351186434428,0.0106145567500714,8.53207524446771,6.40482934145257,1.09763389825821,1.02961200475693,0.0237835723841056,0.106971724379189,0.000109401439263022,8.78213332065872e-05,42,75,97,60.08,34.5058230540262,99999,64.28,57.9991576856924,16093,59,23.0935710704866,16046.5,57.92,23.5503439261063,16093
"2020-05-25",0.0405661173681265,0.150121964747086,0.0164676027473163,0.0109023751789018,8.55945076467469,6.30512251937762,1.21860260330141,1.03572564199567,0.0237609505477939,0.10590498167226,0.000149211789101354,6.52114521981821e-05,42,74,95,62.06,21.8133041706564,99999,58.46,36.7530219123135,16093,59.54,29.3464482940333,16046.5,60.98,25.4102166021163,16093
"2020-05-26",0.0483205827538456,0.169628898347063,0.0125772981851731,0.00831364309415221,8.45610198192298,7.12441373057663,0.666596803814173,0.665091447532177,0.0282439462071146,0.0998618055582097,6.22350542745085e-05,3.87391486648859e-05,42,53,80,66.02,44.5139477994901,99999,64.04,42.2464541037741,16093,63.5,40.5570263156807,16046.5,64.94,32.7008489254029,16093
"2020-05-27",0.0426166461530461,0.154743707339678,0.0157235005283601,0.0106848212782034,8.56594587676227,6.4992357082665,1.14781553857028,0.918894629925489,0.0250596723297638,0.105542170907537,0.000140465792593039,7.13185244724232e-05,42,73,86,73.94,24.9105889440666,99999,64.04,49.5401177754826,16093,65.48,41.695800749737,16046.5,66.02,38.0748523871005,16093
"2020-05-28",0.0379517793082574,0.148743801739156,0.0168922569274026,0.0123874441321407,9.07047525467351,6.24723967304453,1.43584183882922,1.38739374279976,0.0211436057665283,0.106871652148114,0.000154436047827171,9.93642374669673e-05,42,85,112,71.96,36.5848203308962,99999,68,51.6180908460532,16093,63.98,58.7325547340941,16062,66.02,50.5997641229985,16093
"2020-05-29",0.038883438252794,0.148743790008926,0.0164036599241874,0.0108417969672604,8.70989016862586,6.24723918037489,1.4435220733285,1.01912891492248,0.0219281636222435,0.103578319628933,0.000152716822688577,5.04003141537462e-05,42,88,94,73.04,61.9021373836484,99999,1831.82,100,16093,72.98,54.6757664959022,16062,69.89,65.7876220233336,8047
"2020-05-30",0.0421962310821552,0.15265802289581,0.0152839707749847,0.0116778372841723,8.56583490967751,6.41163696162403,1.16158177889884,0.992616169154644,0.0249709457566915,0.106773248324348,0.000163154457369826,8.9335861349128e-05,42,76,85,66.92,77.3089972397004,99999,73.04,54.0171747115416,16093,76.55,18.6867060630869,16046.5,71.06,58.2259442683865,13947.6666666667
"2020-05-31",0.0585293919751138,0.193739942585429,0.0171862327183286,0.00776346228898517,9.65734967589378,8.137077588588,1.03117396309972,0.489098124206066,0.0351077270192427,0.114900108878258,0.000204542386621771,3.12505739623249e-05,42,60,63,64.94,32.7008489254029,99999,64.04,22.9248009438237,16093,77.99,1.29606810549227,16046.5,75.02,2.87406622464423,16093
"2020-06-01",0.0403450169372109,0.151978683258806,0.0150320812251913,0.0106020247371032,8.55314359068871,6.38310469686985,1.24766274169087,0.922376152127981,0.0238477456005085,0.106260607886003,0.00014648754133803,0.000111910158538164,42,83,87,55.94,1.33257386901553,99999,62.06,0.678892959864605,16093,63.95,0.182864806221273,16046.5,60.98,0.473218451313114,16093
"2020-06-02",0.0385649551150643,0.150046122892361,0.0145329259425761,0.0102749485326441,8.48429012531415,6.30193716147915,1.20623285323381,0.976120110601187,0.0232242811538588,0.107843734305799,0.000125788778436519,8.79270188995746e-05,42,83,95,59,6.51784284736218,99999,62.96,3.02852314192705,16093,68,0.334666868230957,16046.5,64.94,0.731082764086432,16093
"2020-06-03",0.0585459457581927,0.168892754751834,0.018724859588676,0.00784742893004903,8.48916213493794,7.09349569957703,1.01114241778851,0.384524017572403,0.0328198388752811,0.0972626469282805,0.000246094870891787,4.70878643623765e-05,42,54,49,66.92,3.87604167557507,99999,66.02,17.5677133458961,16093,70.52,2.17294240026841,16046.5,69.08,4.22706749127887,16093
"2020-06-04",0.0420933616375412,0.153548020991452,0.0138819742671869,0.0113757550238799,8.46076568914577,6.449016881641,1.12443991564214,0.887308891862631,0.0250674763832893,0.105798317717644,0.000125146685210763,7.73707951506069e-05,42,81,78,64.94,88.7363297225126,99999,72.5,26.0388975918507,16093,78.98,17.9341899092994,16062,75.02,28.7290138419506,16093
"2020-06-05",0.0410245891393548,0.150471689847542,0.0152062273636046,0.0109382574702357,8.41004077356774,6.31981097359676,1.09484837017953,0.995381429791451,0.0245315729767751,0.106225050456284,0.00013153192875858,7.11625630393454e-05,42,72,91,69.98,68.1226607478378,99999,73.94,28.8776791333303,16093,77.45,21.7890364906442,16046.5,77,20.2435621428186,16093
"2020-06-06",0.049738332280672,0.153558397111261,0.0176010377705097,0.00917550049988286,8.10734816174954,6.44945267867297,1.14406745508313,0.513828027993441,0.0302771387982084,0.104332304911671,0.000191929754281525,5.48261280518932e-05,42,65,56,73.94,48.5748272295102,99999,73.94,48.5748272295102,16093,72.5,70.279161283254,16046.5,71.06,78.4535801770309,16093
"2020-06-07",0.0474221170530654,0.157164123957045,0.0188688260710074,0.0087353391855052,8.53598106955178,6.60089320619591,1.35855547711253,0.576532386243343,0.0273202350761944,0.102713272824151,0.000180701320774084,4.53575612332874e-05,42,72,66,69.98,4.43432952734903,99999,71.96,36.5848203308962,16093,81.95,0.817792029651383,16046.5,78.98,1.015098635955,16093
"2020-06-08",0.0496548072325394,0.163313224091239,0.0149367694791995,0.0102924782730324,8.44131722953171,6.85915541183203,0.851395860314369,0.730765957385302,0.0290335055450244,0.101732758680068,0.00014032306418281,9.26276880561981e-05,42,57,71,60.98,18.1658696976157,99999,64.94,17.5346126643867,16093,74.03,0.575971404670985,16046.5,71.06,1.51827692195436,16093
"2020-06-09",0.0425985000376609,0.150659297537502,0.0142147726034873,0.0121473717376774,8.34930600738153,6.32769049657509,1.03767840005457,0.983937110751867,0.0254017912159167,0.105203412615865,0.000129349971211841,7.92008325509883e-05,42,73,81,62.96,36.2704043268697,99999,64.04,16.5785575230192,16093,77.99,0.823826762811796,16046.5,73.94,1.86287821609072,16093
"2020-06-10",0.0573214059728627,0.165812256247071,0.0117838382055717,0.0106583381461543,8.08231824217364,6.96411476237699,0.659894939512014,0.458308540284634,0.0339335619696801,0.0985312315857035,7.43095212628398e-05,6.48694791105372e-05,42,56,43,73.04,36.2761931074056,99999,71.96,15.2684654188044,16093,85.01,4.48050891667452,16046.5,84.02,6.05610822474349,16093
"2020-06-11",0.0584883905606332,0.182979265405309,0.0138179743154482,0.00899296466793333,8.94872375577688,7.68512914702296,0.759988587349653,0.503606021404266,0.0374358297137997,0.116653703856055,0.000126329897797589,5.03489847466766e-05,42,55,56,80.96,28.2708990017333,99999,77,39.1580452176118,16093,79.97,28.318039687405,16046.5,78.98,27.3451053663947,16093
"2020-06-12",0.045858989534107,0.156642545790722,0.0157897707469987,0.0125047279987484,8.62149003241211,6.57898692321032,1.04212486930192,1.00037823989987,0.0259322551785661,0.101696563557248,0.000141317996819443,8.15966199854852e-05,42,66,80,71.96,41.286768509909,99999,71.51,74.4202072307681,16093,76.46,59.4090361108106,16046.5,75.02,62.6872214180452,16093
"2020-06-13",0.0594779093922288,0.168114294697131,0.0138564999690469,0.00658520209518346,8.02951776795089,7.06080037727952,0.6789684984833,0.289748892188072,0.0355435302560626,0.0983916492093611,0.000134300997317427,3.65177141652447e-05,42,49,44,66.92,25.18171906398,99999,69.08,34.1646440508998,16093,81.05,1.59489541735438,16046.5,75.92,3.64684529032484,16093
"2020-06-14",0.0463345017959364,0.164204285934656,0.0159293468254553,0.0142452497163723,9.26690035918728,6.89658000925556,1.13098362460732,1.23933672532439,0.0247107987159429,0.101517773083064,0.000143859235272202,7.45212276425759e-05,42,71,87,60.98,3.21008812812605,99999,62.96,19.2359078396267,16093,70.97,0.450979019534815,16046.5,66.02,1.97107617826709,16093
"2020-06-15",0.0412017869621552,0.153527664209139,0.0134172288012015,0.0109836510225628,8.40516454027966,6.44816189678386,0.979457702487707,0.977544941008091,0.0247650310909958,0.106002609299149,9.23680825489172e-05,7.95655908194782e-05,42,73,89,64.04,3.13376170001274,99999,60.98,15.0286064958272,16093,65.93,5.60945493786029,16046.5,64.94,7.34286820014552,16093
"2020-06-16",0.0427578415461751,0.156038537488452,0.0193343155227507,0.0118287918256952,9.19293593242764,6.55361857451499,1.52741092629731,1.11190643161535,0.0230570667159745,0.10344879134872,0.000164418596122326,8.34007231263163e-05,42,79,94,60.98,25.4102166021163,99999,62.06,21.8133041706564,16093,65.93,17.9456562764526,16046.5,64.94,20.2931667892232,16093
"2020-06-17",0.0381111641215168,0.150825170833351,0.0162513279692107,0.012980547053023,9.26101288152859,6.33465717500076,1.57637881301343,1.34997689351439,0.0208226507078461,0.106494555329883,0.000168449417743991,0.000106933031636965,42,97,104,64.04,22.9248009438237,99999,64.04,16.5785575230192,16093,68,13.6935457972374,16046.5,68,16.1040303413546,16093
"2020-06-18",0.0465535570704247,0.155417668477943,0.0135982738091395,0.0118364246828215,8.23997960146517,6.52754207607359,0.88388779759407,0.828549727797508,0.0282207499605391,0.104916098797256,0.000109282447365747,8.081798955931e-05,42,65,70,69.98,26.8373797536275,99999,66.08,49.7875113173361,16093,67.28,54.7014022265978,16062,69.98,40.2607295545486,16093
"2020-06-19",0.0528219799755724,0.198772972516183,0.0145687893142595,0.0127228354103863,10.4587520351633,8.3484648456797,0.990677673369646,1.119609516114,0.0337256872594382,0.133919587799592,0.000117568020844528,0.000111557106650918,42,68,88,69.08,52.1353346108998,99999,71.06,31.0988597332371,16093,69.53,56.7143924411511,16046.5,73.04,41.8411485033739,16093
"2020-06-20",0.0399329961020778,0.149861695499913,0.0154434008574164,0.0113128397081579,8.54566116584465,6.29419121099636,1.14281166344881,1.10865829139948,0.0232605164050016,0.105031922391249,0.000133163711438996,6.45870151442547e-05,42,74,98,75.02,28.7290138419506,99999,71.96,31.5747140867401,16093,76.46,24.3746906687933,16046.5,73.94,32.6022265259677,16093
"2020-06-21",0.045509698924919,0.161224634475296,0.0114511432896914,0.00945181059651076,8.19174580648541,6.77143464796245,0.664166310802102,0.756144847720861,0.0273846234628668,0.101461340468367,7.18160446756759e-05,5.27662526298304e-05,42,58,80,69.98,78.1656785920073,99999,73.04,47.045119647269,16093,75.47,25.660925105462,16046.5,75.02,28.7290138419506,16093
"2020-06-22",0.0419452750385542,0.153893440961838,0.0145299849458612,0.011060572128339,8.5148908328265,6.46352452039719,1.13333882577717,0.918027486652136,0.0249165840345365,0.106166097324258,0.000113747065246207,9.05556593885127e-05,42,78,83,71.96,47.6082703628255,99999,71.96,36.5848203308962,16093,79.97,21.4568935852615,16046.5,78.08,23.3693406032636,16093
"2020-06-23",0.0395413919817656,0.148343799657942,0.0168755026999861,0.011414555452612,8.69910623598844,6.23043958563358,1.35004021599889,1.11862643435597,0.0232154884888771,0.108561862307895,0.000120232514903789,8.07599266309765e-05,42,80,98,75.92,44.2731823853929,99999,74,60.1778448506973,14483.6666666667,83.48,15.6563806123782,16046.5,82.04,17.0146940457644,16093
"2020-06-24",0.0437793070668704,0.155710867705888,0.0175011936087339,0.00599500378876021,8.40562695683911,6.5398564436473,1.47010026313365,0.395670250058174,0.0255522516358706,0.102129048973718,0.000152727879969914,3.19675174548306e-05,42,84,66,75.92,38.6097938610047,99999,80.06,27.8533474571757,16093,81.05,26.5077780599342,16046.5,80.06,24.2684710933061,16093
"2020-06-25",0.0507525581288264,0.178794905443543,0.016532666515559,0.00919524449855089,9.23696557944641,7.5093860286288,0.991959990933537,0.735619559884071,0.0320708122555597,0.119321514897584,0.000157437948142608,8.0275831064555e-05,42,60,80,69.08,34.1646440508998,99999,71.06,12.5886743979873,16093,81.95,2.03663658453521,16046.5,78.98,3.56001223633226,16093
"2020-06-26",0.0407711332047577,0.151979002270049,0.0154141081522589,0.00908947396981581,8.31731117377058,6.38311809534207,1.1252298951149,0.808963183313608,0.0244693336489164,0.104790368697901,0.000144237180504728,5.44699351391552e-05,42,73,89,73.04,15.7437950163399,99999,71.96,31.5747140867401,16093,77,11.6703234188266,16046.5,75.02,14.572160573799,16093
"2020-06-27",0.0481468475320273,0.182023361680054,0.0163177762600318,0.00858273536843412,9.5330758113414,7.64498119056225,1.15856211446226,0.7295325063169,0.0296104434868996,0.118573172704165,0.000150370221389868,4.15142863407636e-05,42,71,85,69.08,39.7593706867986,99999,78.08,8.71748419995576,16093,83.03,1.59048484958494,16046.5,80.06,2.2507679116928,16093
"2020-06-28",0.0481041139664335,0.15463714867032,0.0163476252797204,0.0149746100737977,8.65874051395804,6.49476024415344,1.16068139486015,1.00329887494445,0.0275043666833628,0.104360066711964,0.000143156358087186,0.000192263593169549,42,71,67,73.94,55.6761312352654,99999,75.92,44.2731823853929,16093,78.53,39.7162906867067,16046.5,75.92,49.5084709191338,16093
"2020-06-29",0.0406941205014785,0.15113646080274,0.0160110797025735,0.0148420236789836,9.15617711283267,6.34773135371506,1.26487529650331,1.5435704626143,0.0221951909129267,0.105304247483535,0.00012462130408615,0.000141702439270936,42,79,104,73.94,32.6022265259677,99999,77,34.140994877415,16093,75.47,25.660925105462,16046.5,73.04,47.045119647269,16093
"2020-06-30",0.0465020504780114,0.159082044669915,0.0125719832877318,0.0119821052902784,8.37036908604205,6.68144587613642,0.754318997263908,0.934604212641716,0.027407860832279,0.102453861839291,9.162751161594e-05,7.3404842927333e-05,42,60,78,69.98,30.5342409701082,99999,77,15.3807490959903,16093,77.54,20.0012129724451,16046.5,73.04,27.7291803131041,16093
"2020-07-01",0.0463269440097856,0.157580140856139,0.014941516416994,0.0121006802410672,8.52415769780055,6.61836591595784,0.986140083521605,0.919651698321104,0.026895754372482,0.103155740339295,0.00015381061317732,0.000115364135161734,42,66,76,68,59.749444318092,99999,71.96,61.4352975466549,16093,71.96,57.4769138848102,16046.5,71.96,36.5848203308962,16093
"2020-07-02",0.0781503833412867,0.189933321527427,0.0194898951474739,0.00684677809476852,9.06544446758926,7.97719950415194,0.8965351767838,0.191709786653519,0.0477301023283181,0.113475020790019,0.000226708897333616,3.07409635988759e-05,42,46,28,66.92,68.5741687716848,99999,66.92,77.3089972397004,16093,74.48,35.512896471376,16046.5,73.04,41.8411485033739,8047
"2020-07-03",0.0429662897787057,0.159142774607365,0.0148830251768231,0.00985738249834288,8.59325795574114,6.68399653350934,1.04181176237762,0.867449659854174,0.0248483675367925,0.102708771238807,0.000152628301396582,5.38934495503147e-05,42,70,88,73.94,71.0433607413602,99999,75.92,56.535170951326,16093,87.53,5.35646303535061,16046.5,84.92,8.4966805604917,16093
"2020-07-04",0.0420669562418412,0.156364765306491,0.0173848366489013,0.00892820330650618,8.66579298581928,6.56732014287263,1.3038627486676,0.794610094279051,0.0241250998013086,0.103343607774461,0.000166200530979729,4.70781972273543e-05,42,75,89,71.96,61.4352975466549,99999,80.96,32.3167353245135,16093,74.2228571428572,68.1493537497836,4936.42857142857,74.84,66.1297000307696,8851
"2020-07-05",0.0397668994477832,0.153394359795909,0.0136409181241806,0.0103633855619738,8.47034958237782,6.44256311142817,1.06399161368608,0.963794857263565,0.023727074856018,0.105783104469411,0.000143753286520332,6.57421650007055e-05,42,78,93,73.04,78.9611645544086,99999,73.94,55.6761312352654,16093,77.45,27.36691954188,16046.5,78.08,20.2368945156089,16093
"2020-07-06",0.0406687818265156,0.150115367634931,0.0142161004342042,0.0115790075453168,8.41843783808872,6.30484544066712,1.09463973343372,1.01895266398787,0.0244063642569091,0.106824744367076,0.000140762890811553,6.61148246806016e-05,42,77,88,73.04,41.8411485033739,99999,78.98,44.747547990942,16093,90.05,1.3996398382997,16046.5,84.92,8.4966805604917,16093
"2020-07-07",0.04877238446705,0.154461342508772,0.015143907211464,0.0137233062004539,8.34007774386555,6.48737638536841,0.878346618264914,0.974354740232229,0.0289527379891312,0.104510740299522,0.000137001813263593,0.000103709239235212,42,58,71,73.94,24.9105889440666,99999,68.864,49.3938076899079,7644.4,75.47,31.1669382529711,16046.5,73.04,47.045119647269,16093
"2020-07-08",0.0476969653886876,0.153059949782411,0.0158542687101151,0.0129729552815358,8.34696894302033,6.42851789086126,1.06223600357771,0.856215048581362,0.0281820117357888,0.104135823391738,0.000164517769421024,0.000145707059052906,42,67,66,75.92,49.5084709191338,99999,77,63.4412945444284,16093,78.32,53.2835667748387,16062,77,43.7967047419146,16093
"2020-07-09",0.0581864164778381,0.22204107184717,0.0144502151937735,0.010797200047157,11.1717919637449,9.32572501758114,0.895913342013955,0.950153604149818,0.0401869722163937,0.151624624955109,0.000148803929217969,7.09477323374689e-05,42,62,88,73.94,90.0011310800958,99999,77,50.0237365680767,16093,78.53,50.4925508350624,16046.5,78.08,56.2375536791828,16093
"2020-07-10",0.0441781871001391,0.154734163855513,0.0159909776064442,0.0109877294176314,8.48221192322671,6.49883488193154,1.07139549963176,0.911981541663408,0.0259294045701221,0.104260523427606,0.000174620554139072,0.000101140875719543,42,67,83,80.06,31.1695884143327,99999,77,50.0237365680767,16093,79.52,40.1856023145504,16046.5,80.06,27.8533474571757,16093
"2020-07-11",0.0586637871814986,0.221849168617544,0.0170438618327563,0.0130759753941835,11.6154298619367,9.31766508193687,1.10785101912916,1.1899137608707,0.0391737002873987,0.153166728374293,0.000154783693313989,8.13827521957769e-05,42,65,91,73.94,79.1843188676742,99999,73.94,68.1083873613955,15556.6666666667,73.49,83.5904120423225,4011.5,73.49,79.0727417110414,3219
"2020-07-12",0.045608924428487,0.160847222875981,0.0142809500205604,0.00899127206286868,8.3920420948416,6.75558336079121,0.97110460139811,0.665354132652283,0.0269321415584137,0.102246472704282,0.00013924259006754,4.70107628952679e-05,42,68,74,71.96,78.6561851828595,99999,80.06,27.8533474571757,16093,78.08,49.4395154168957,16046.5,76.01,59.9533544014436,16093
"2020-07-13",0.0407173080719633,0.151493690093048,0.013823618623428,0.0119688840604377,8.50991738704033,6.36273498390801,1.10588948987424,1.04129291325808,0.0242628538103901,0.106910593763216,0.000138625660730184,8.40004475689741e-05,42,80,87,73.04,61.9021373836484,99999,78.08,30.233160629548,16093,86,5.57440851480993,16046.5,82.94,10.490456502544,16093
"2020-07-14",0.0381067621140273,0.147651246599188,0.0157915336820178,0.00978715289937388,8.42159442720003,6.20135235716589,1.23173962719738,0.988502442836761,0.0229825081257414,0.107664047681242,0.00016309297601487,5.52428054100458e-05,42,78,101,71.06,46.05406030035,99999,77,29.70817618529,16093,83.48,4.10985257854557,16046.5,80.96,8.44525954522126,16093
"2020-07-15",0.0478642710078603,0.172635814285881,0.0170335646193379,0.0100561414162318,9.33353284653276,7.25070420000702,1.32861804030836,0.754210606217384,0.0299102112187745,0.120783726309808,0.000159086966018433,4.04658582687253e-05,42,78,75,71.06,46.05406030035,99999,71.96,41.286768509909,16093,83.48,3.81378454114983,16046.5,78.98,12.2864259326387,16093
"2020-07-16",0.0443540872200518,0.15155720637579,0.0170261866013919,0.00888041651820484,8.20550613570958,6.3654026677832,1.19183306209743,0.648270405828953,0.0263289933194412,0.102489650139543,0.000171490104794095,5.28069935230484e-05,42,70,73,73.04,32.1378265716412,99999,71.06,46.05406030035,16093,73.94,30.739952829649,16046.5,73.04,32.1378265716412,16093
"2020-07-17",0.0424399240058847,0.156315458018244,0.0152463254479455,0.00965800525984545,8.48798480117694,6.56524923676625,1.08248910680413,0.840246457606554,0.024785462118494,0.103075615179272,0.000149984216569443,5.89331002672961e-05,42,71,87,69.08,30.0344600239578,99999,69.98,46.6259246487347,16093,71.51,20.7079013054255,16046.5,71.06,17.0585201897239,16093
"2020-07-18",0.0431239450603125,0.154941223206974,0.0153466907427891,0.0112072246402134,8.58166506700218,6.50753137469292,1.16634849645197,0.907785195857286,0.0251139153699919,0.104610281356426,0.000142664307251994,8.1886549191761e-05,42,76,81,75.92,71.6717192611912,99999,80.06,57.0267756578068,16093,82.94,31.2132511034804,16046.5,80.96,41.0430972696145,16093
"2020-07-19",0.0418752903942412,0.150896845939791,0.0162123908582879,0.00942436486114691,8.333182788454,6.33766752947122,1.23214170522988,0.763373553752899,0.0247492236068498,0.103706011812712,0.000139206444199843,4.26180133594328e-05,42,76,81,75.02,54.9059368465321,99999,80.06,24.2684710933061,16093,88.52,3.32801719374091,16046.5,82.94,13.7183832688679,16093
"2020-07-20",0.0447157262183884,0.153719454393944,0.016702143550926,0.010398582848784,8.4512722552754,6.45621708454564,1.23595862276852,0.759096547961235,0.0258267469110869,0.102399985417028,0.000147154077273356,4.4565160268152e-05,42,74,73,82.04,32.1093324150252,99999,82.04,40.6646220143232,16093,90.05,4.6034062612492,16046.5,86,24.1801866281813,16093
"2020-07-21",0.0425568846939132,0.15295076736116,0.0168470191663202,0.00957633158828639,8.51137693878263,6.42393222916871,1.33091451413929,0.756530195474625,0.0245585552804945,0.102958784336388,0.000162369507719431,4.0809206798737e-05,42,79,79,75.92,38.6097938610047,99999,86,24.1801866281813,16093,90.05,4.0961040073787,16046.5,87.08,6.78588270746726,16093
"2020-07-22",0.0441008616315643,0.158692143547038,0.0156984256087419,0.00979766888277871,8.55556715652347,6.66507002897561,1.06749294139445,0.823004186153412,0.0250532386538774,0.100415123817247,0.000128919095161136,5.31271908692034e-05,42,68,84,77,43.7967047419146,99999,80.96,41.0430972696145,16093,85.01,11.8576931662931,16046.5,82.94,13.7183832688679,16093
"2020-07-23",0.0423377344609591,0.158645243683298,0.0152723543578759,0.00876137669439668,8.59456009557471,6.6631002346985,1.22178834863007,0.709671512246132,0.0245225922211851,0.102933533996843,0.000152384032690411,3.97269360351918e-05,42,80,81,71.06,78.4535801770309,99999,73.04,78.9611645544086,16093,73.94,65.1734139814308,15525.6666666667,73.49,70.1154394537134,16093
"2020-07-24",0.0465118983273755,0.176287951103101,0.0153541432753686,0.00947175723941703,9.25586776714772,7.40409394633025,0.951956883072853,0.899816937744617,0.0297352562517623,0.121364236718746,0.000106515595753229,7.729446823689e-05,42,62,95,77,55.784017110645,99999,80.06,57.0267756578068,16093,81.05,35.9276183551989,16046.5,82.04,32.1093324150252,16093
"2020-07-25",0.0439360714493406,0.153506875060321,0.0159588471369844,0.0112411861307919,8.47966178972274,6.4472887525335,1.13307814672589,0.899294890463352,0.0260115078708564,0.105592254195221,0.000177207486303554,9.10212685773553e-05,42,71,80,73.04,61.9021373836484,99999,74.03,74.4220683946095,16093,77,50.4308220057425,16046.5,78.08,23.3693406032636,16093
"2020-07-26",0.0425729140274457,0.149762521143116,0.0154147007829183,0.010429166307052,8.25914532132447,6.29002588801086,1.18693196028471,0.782187473028898,0.0253214248719385,0.10380846422053,0.000144855328298933,4.0958739130246e-05,42,77,75,75.92,63.0340551109763,99999,75.92,63.0340551109763,16093,85.55,12.9495919828843,16046.5,84.92,12.5332865145177,16093
"2020-07-27",0.0402635955706585,0.149586031967331,0.017615841324912,0.00959821222793487,8.65667304769158,6.28261334262788,1.56780987791717,0.80624982714653,0.0229910521790166,0.10428539394806,0.000163987416494319,4.04079165281547e-05,42,89,84,73.94,37.6115822918154,99999,82.04,32.1093324150252,16093,88.52,3.56350802784292,16046.5,86,4.91013536635674,16093
"2020-07-28",0.0425647583514528,0.148697165173611,0.0167130836236634,0.0106053505665981,8.34269263688475,6.24528093729168,1.27019435539842,0.827217344194651,0.0250106412866345,0.103828575094359,0.000164971356466036,5.42591023559414e-05,42,76,78,82.94,22.8673604032811,99999,84.02,18.2170296775658,16093,90.05,7.97952187047353,16046.5,89.06,9.44838046330576,16093
"2020-07-29",0.0528617909112008,0.175021458705444,0.0158734877607716,0.00865362863987684,8.93364266399294,7.35090126562864,1.06352367997169,0.519217718392611,0.0342246845292017,0.119573175241518,0.000133680378476893,4.63025738645837e-05,42,67,60,73.04,61.9021373836484,99999,82.04,36.5524425104391,16093,84.47,16.1730052851701,16046.5,80.96,22.0037443553779,16093
"2020-07-30",0.0357528061664722,0.130942522681185,0.0161315043446388,0.011009155271145,7.93712296895683,5.49958595260978,1.43570388667285,1.0018331296742,0.0177633695158686,0.0838399208965844,0.000139650616993107,6.03779186401479e-05,42,89,91,75.02,21.9403124150427,99999,75.02,42.8341122164359,16093,84.47,19.5042909258615,16046.5,80.96,36.061709509162,16093
"2020-07-31",0.0519638640764456,0.171558341521415,0.017788637883197,0.0120096198456772,9.30153166968375,7.20545034389943,1.38751375488937,0.708567570894957,0.0323400035182254,0.12085187546079,0.000155572543847645,6.22664834875446e-05,42,78,59,77,39.1580452176118,99999,78.98,44.747547990942,16093,87.53,6.48612284900126,16046.5,82.04,17.0146940457644,16093
"2020-08-01",0.0475266360128675,0.156336431114358,0.0148761948062615,0.0103715240955353,8.22210803022608,6.56613010680303,0.981828857213259,0.674149066209793,0.0280521164266345,0.101343629454233,0.000139212025447852,5.42561555294708e-05,42,66,65,71.06,46.05406030035,99999,75.02,62.6872214180452,16093,79.07,29.4762805244917,16046.5,78.98,13.9447091956365,16093
"2020-08-02",0.044883191535199,0.154737740577686,0.0150873197478728,0.0101834114951392,8.30339043401182,6.49898510426283,1.07119970209897,0.733205627650023,0.0263343035426786,0.101876893935148,0.000125038061184653,4.53924134110189e-05,42,71,72,80.06,14.351593263258,99999,75.92,56.535170951326,16093,81.05,15.6646693265553,16046.5,80.06,14.351593263258,16093
"2020-08-03",0.0437670522041843,0.153621645611046,0.0212424051898875,0.0079396478831768,8.70964338863268,6.45210911566392,1.61442279443145,0.643111478537321,0.0245395958040346,0.102232102868731,0.000198258083555131,3.83236292213898e-05,42,76,81,77,55.784017110645,99999,84.11,35.2847474473828,14484,87.98,17.8022570123971,16046.5,87.98,13.5731583121317,16093
"2020-08-04",0.0434083351175542,0.154656020458788,0.0154800409800373,0.00864939584609974,8.20417533721775,6.49555285926908,0.990722622722387,0.717899855226278,0.0258555938199754,0.101927445429338,0.000124201388278988,4.88914362499249e-05,42,64,83,75.92,49.5084709191338,99999,75.92,71.6717192611912,16093,81.2,23.0422593775538,10109.6666666667,84.56,9.06643291591628,16093
"2020-08-05",0.043250540474382,0.151490593340159,0.0163308341801167,0.0108517680603724,8.43385539250448,6.36260492028669,1.22481256350875,0.846437908709049,0.0250584809557005,0.102864953977089,0.000154846989625995,5.36359197281685e-05,42,75,78,69.98,68.1226607478378,99999,78.08,38.8000843938408,16093,77.54,24.8856133539738,16046.5,75.92,29.8711162949667,16093
"2020-08-06",0.0472063943012726,0.15385443514346,0.0167163187371833,0.00902217109479121,8.11949981981888,6.46188627602533,1.05312808044255,0.604485463351011,0.0282835289268453,0.102168150042411,0.000161759536704676,5.46129485140246e-05,42,63,67,68,59.749444318092,99999,73.94,55.6761312352654,16093,81.95,5.21175321324232,16046.5,78.08,11.6583096479057,16093
"2020-08-07",0.0435107615236463,0.151986937515349,0.0208914729838188,0.0097588137597651,9.00672763539478,6.38345137564465,1.90112404152751,0.722152218222618,0.0239823503446444,0.104583799731745,0.000236173259697593,8.3513848709874e-05,42,91,74,71.06,68.4893090173705,99999,73.04,54.0171747115416,16093,76.46,10.2059152728934,16046.5,75.02,10.5669411481109,16093
"2020-08-08",0.0434322985653312,0.152632032410197,0.0175495052423615,0.00919855266809463,8.46929822023958,6.41054536122829,1.36886140890419,0.689891450107098,0.025012182530909,0.102327959566621,0.000162680524122233,4.60587391213881e-05,42,78,75,69.98,68.1226607478378,99999,69.23,74.7950969822737,9924.16666666667,72.2,76.0721526944479,9104,71.96,61.4352975466549,13679
"2020-08-09",0.0445792506285314,0.155074588472157,0.0152652291581035,0.00875944482243579,8.24716136627831,6.51313271583058,1.12962695769966,0.60440169274807,0.0264754616856934,0.102250179341495,0.000148161368550357,5.15364347167721e-05,42,74,69,73.94,62.2384406014661,99999,74.96,55.5509494557107,16093,75.47,43.8586848227819,16046.5,75.02,42.8341122164359,16093
"2020-08-10",0.053961760919871,0.195667219891523,0.0180552708035385,0.0106124318645973,10.3606580966152,8.21802323544398,1.33609003946185,0.806544821709394,0.0350617465508775,0.136563181042507,0.000174797370385715,4.45558225190203e-05,42,74,76,73.04,61.9021373836484,99999,75.92,63.0340551109763,16093,82.49,30.6500265290046,16046.5,80.06,39.7459042953725,16093
"2020-08-11",0.0417561048885162,0.152586283273108,0.0160188939083706,0.00834232680499554,8.30946487281471,6.40862389747053,1.23345483094454,0.667386144399643,0.0247117554290942,0.102950657927099,0.0001698559151834,3.56734225660823e-05,42,77,80,75.92,56.535170951326,99999,78.08,56.2375536791828,16093,87.98,14.3580906362001,16046.5,86,11.2021034354398,16093
"2020-08-12",0.0437179078526525,0.151463374916819,0.0170125322989546,0.0102618760237955,8.43755621556193,6.36146174650639,1.32697751931846,0.749116949737072,0.025360226733698,0.103153759516567,0.000154689482133961,4.20770694021959e-05,42,78,73,80.06,39.7459042953725,99999,78.98,71.1363215906362,16093,83.48,34.9982919724132,16046.5,80.96,45.6526982459674,16093
"2020-08-13",0.122225005924702,0.219348385486574,0.0155344344675541,0.0105463892221451,9.77800047397614,9.21263219043612,0.512636337429285,0.0527319461107254,0.0760961663618203,0.126130713171051,0.000186142127225183,2.54690228922883e-05,42,33,5,75.02,54.9059368465321,99999,75.02,79.44549937148,16093,82.04,25.1622086626926,16093,82.04,32.1093324150252,16093
"2020-08-14",0.0422450676666234,0.147442178540154,0.0172491486343305,0.0102367798822957,8.36452339799143,6.19257149868645,1.4144301880151,0.757521711289883,0.0247968548867286,0.104334960650708,0.000148730878804659,4.60431462745057e-05,42,82,74,71.96,61.4352975466549,99999,73.67,79.9744001316351,16093,79.52,35.6416767884595,16046.5,77,55.784017110645,16093
"2020-08-15",0.0418203780403817,0.148263716970437,0.0151854008436203,0.010062709916383,8.19679409591481,6.22707611275837,1.24520286917686,0.724515113979578,0.0251356863992396,0.104372549881837,0.000147581008504838,5.03426529629667e-05,42,82,72,71.06,68.4893090173705,99999,75.02,14.572160573799,16093,79.52,11.5872811199647,16046.5,80.06,6.9677029343676,16093
"2020-08-16",0.0394909442240453,0.149924782570451,0.0178066315534322,0.0119569395901635,9.08291717153043,6.29684086795896,1.63821010291576,1.1478662006557,0.0212186389778439,0.102658891082948,0.000174307923674839,6.24871299523395e-05,42,92,96,71.96,27.8628320639877,99999,71.06,59.675371156314,16093,76.46,15.1605619784468,16046.5,73.94,18.8561356515989,16093
"2020-08-17",0.0357316599056258,0.125332735190611,0.0171139939161746,0.0126932341647282,7.96816015895456,5.26397487800568,1.57448744028807,1.12969784066081,0.0177204926134977,0.0852858488488578,0.000169834981054421,6.20057483464206e-05,42,92,89,66.02,58.8381031066585,99999,68.36,65.9440696195637,16093,69.53,42.6444080306989,16046.5,68.54,42.6741168701766,16093
"2020-08-18",0.0427430944451069,0.154372515422957,0.0158873388858198,0.0091463956886377,8.42038960568607,6.48364564776421,1.22332509420812,0.713418863713741,0.0248958540668078,0.102355854384691,0.000162820202742363,4.77826075201554e-05,42,77,78,66.92,77.3089972397004,99999,73.04,47.045119647269,16093,72.725,43.6377775620819,15265.25,66.17,72.7422150454164,5833.83333333333
"2020-08-19",0.0442116629969525,0.155933889893017,0.0156307043241603,0.00970311911824422,8.40021596942097,6.5492233755067,1.09414930269122,0.756843291223049,0.0257710160291863,0.102000778465435,0.000157876171750068,4.53536695819291e-05,42,70,78,64.94,67.8011264884704,99999,73.04,36.2761931074056,16093,79.07,3.92836737494456,16046.5,77,5.33799939186719,16093
"2020-08-20",0.0425950408261269,0.153202199510166,0.016345118813507,0.0101968103352888,8.51900816522539,6.43449237942696,1.25857414864004,0.825941637158394,0.0244031417180564,0.102185031931327,0.000144080629619944,4.73045747091932e-05,42,77,81,62.06,55.3842131017433,99999,66.92,77.3089972397004,16093,73.49,33.4781951403182,16046.5,71.96,27.8628320639877,16093
"2020-08-21",0.0434926922874231,0.153316811658442,0.0146031388338061,0.0103378337395342,8.26361153461039,6.43930608965456,1.00761657953262,0.816688865423203,0.0256322105945581,0.101890781397547,0.000156341264750158,6.83363494641443e-05,42,69,79,62.06,64.9085301411956,99999,69.08,52.1353346108998,16093,76.01,1.54004359304482,16046.5,73.04,3.66118720533411,16093
"2020-08-22",0.054934950369234,0.157599894551649,0.0182194047607482,0.00908723473548889,8.13037265464664,6.61919557116926,1.09316428564489,0.418012797832489,0.0321157271143663,0.0997493466129669,0.000158197684716332,3.77049446402748e-05,42,60,46,69.98,68.1226607478378,99999,73.04,54.0171747115416,16093,80.51,16.8661288979128,16046.5,80.06,16.2230913034315,16093
"2020-08-23",0.0438265443808632,0.151123704455261,0.0158100126642887,0.0118619481754767,8.41469652112573,6.34719558712095,1.15413092449307,0.913370009511709,0.0255098111437875,0.103299859737489,0.000151226624327356,8.79677701482793e-05,42,73,77,71.96,70.3868342845053,99999,73.94,62.2384406014661,16093,83.03,15.901598766908,16046.5,80.06,21.1029304878542,16093
"2020-08-24",0.0424737883943387,0.14976864632973,0.0175773169300178,0.00916468875633704,8.40981010207906,6.29028314584866,1.44133998826146,0.678186967968941,0.0248640563576696,0.103994617955206,0.000183486090560066,4.29648442777474e-05,42,82,74,73.04,78.9611645544086,99999,73.04,69.1875181660666,16093,81.05,23.372858340869,16046.5,78.98,40.1137651625862,16093
"2020-08-25",0.0433452081725157,0.14941068075686,0.0163490679625371,0.0106605816828577,8.27893476095051,6.27524859178811,1.19348196126521,0.810204207897186,0.025655493835048,0.103727102806305,0.00015006662311592,5.38831672515663e-05,42,73,76,71.06,68.4893090173705,99999,78.98,44.747547990942,16093,83.48,20.0420267821698,16046.5,82.94,17.7840606131287,16093
"2020-08-26",0.0708602429844263,0.190243731385895,0.0154189897218236,0.00568995793019572,8.99925085902214,7.9902367182076,0.832625444978476,0.176388695836067,0.0440990123032405,0.113437652273101,0.000167049065603777,1.44324572315417e-05,42,54,31,75.92,4.37810207553822,99999,73.04,47.045119647269,16093,79.97,18.3930925634823,16046.5,75.02,33.1517278368024,16093
"2020-08-27",0.0436397359651969,0.149726995810245,0.0159381550187484,0.00989059479359318,8.20427036145702,6.28853382403031,1.24317609146237,0.672560445964336,0.0260521322515383,0.103550510195554,0.000167454267674063,4.9056614035578e-05,42,78,68,62.96,57.3487396742577,99999,71.06,46.05406030035,16093,74.48,4.80669456823055,16046.5,73.04,7.18782896339924,16093
"2020-08-28",0.0427666565956315,0.150216602964238,0.0162799494794092,0.00917611158403911,8.21119806636125,6.309097324498,1.20471626147628,0.697384480386972,0.0254910878892543,0.103221457993102,0.000142305100361502,5.00274560941705e-05,42,74,76,75.02,21.9403124150427,99999,82.04,25.1622086626926,16093,75.668,41.9164972291801,8690.4,72.284,63.7927563355749,13518.2
"2020-08-29",0.0487857102278686,0.15573719008604,0.0173272275365889,0.00675840089295772,8.2447850285098,6.54096198361367,1.38617820292711,0.317644841969013,0.0287641633298226,0.101799876753495,0.00018984554809119,2.12598132618109e-05,42,80,47,73.04,78.9611645544086,99999,71.06,78.4535801770309,16093,76.01,52.4648367073044,16046.5,75.92,71.6717192611912,16093
"2020-08-30",0.0645095128492694,0.168052908144004,0.0159124815515403,0.00783563184517402,8.19270813185722,7.05822214204818,0.922923929989338,0.211562059819698,0.0368844297825496,0.0966999147479004,0.000134916534131752,4.07894720768965e-05,42,58,27,77,34.140994877415,99999,75.92,71.6717192611912,16093,78.98,44.747547990942,16046.5,78.08,44.326473060159,16093
"2020-08-31",0.0459533412888771,0.152467097255534,0.0160870141692852,0.00699437285463014,8.225648090709,6.40361808473244,1.52826634608209,0.293763659894466,0.0273884133979696,0.103253406936375,0.000166633869681686,2.68130362728187e-05,42,95,42,60.08,47.2635832852552,99999,64.04,57.885874922211,16093,74.48,2.82035887345951,16046.5,69.98,6.49512772299169,16093
"2020-09-01",0.0488968260322574,0.156889570976741,0.0157431203979945,0.00802246968854557,8.11687312135473,6.5893619810231,1.08627530746162,0.441235832870007,0.0293267911246854,0.101730132277703,0.00013133989106468,2.7777671797329e-05,42,69,55,66.92,39.5864375492862,99999,69.08,58.8016566337261,16093,73.04,20.103714279018,16046.5,71.96,23.923660495471,16093
"2020-09-02",0.0441808916042529,0.151263706508048,0.0173631566177521,0.00877228651095081,8.21764583839104,6.35307567333803,1.21542096324265,0.64914920181036,0.0263793418536862,0.103444125687297,0.00015339501721197,5.01357834256443e-05,42,70,74,69.98,40.2607295545486,99999,71.96,53.5185302229656,16093,73.49,42.3283509695422,16046.5,71.96,41.286768509909,16093
"2020-09-03",0.0445889439033244,0.155593224978518,0.0164429166221193,0.00821113450503026,8.29354356601834,6.53491544909775,1.15100416354835,0.60762395337224,0.0262911968737747,0.101939470903006,0.000153815006847046,3.88563121638604e-05,42,70,74,73.94,79.1843188676742,99999,78.08,62.5254598936207,16093,79.52,48.1776373947037,16046.5,77,55.784017110645,16093
"2020-09-04",0.0399604281559416,0.149961810791865,0.0175007152046715,0.0101747052236037,8.75133376615122,6.29839605325833,1.55756365321577,0.895374059677124,0.0225629512197875,0.104101149815389,0.000171281476762742,4.96893735336194e-05,42,89,88,71.06,78.4535801770309,99999,78.08,65.3037519489563,15556.6666666667,73.16,62.9666854040812,6080.66666666667,71.06,59.675371156314,8047
"2020-09-05",0.0399716333287986,0.131262222171894,0.0155797815077925,0.011840132664736,7.51466706581414,5.51301333121955,1.13732405006886,0.864329684525728,0.0208647246911267,0.0837926562370648,0.000153258450776604,5.47236188083625e-05,42,73,73,64.94,58.3243666914097,99999,75.02,69.8829722348104,12875,78.53,3.05273792404119,16046.5,75.02,5.65866264870691,16093
"2020-09-06",0.042260968281577,0.154639994603626,0.0161749236285686,0.00974528311511104,8.49445462459698,6.4948797733523,1.13224465399981,0.867330197244883,0.0243824634806471,0.102183935413275,0.000150821626373062,4.9931899871303e-05,42,70,89,60.08,63.9720478621045,99999,62.06,48.4132037059584,16093,72.5,7.43683446588792,16046.5,69.98,7.57540994157676,16093
"2020-09-07",0.0450155585799571,0.152216966663088,0.0171823392527691,0.00864982610227356,8.19283166155219,6.3931125998497,1.18558140844107,0.614137653261423,0.0268634292642608,0.10290075721372,0.000160959356512923,3.40836437467076e-05,42,69,71,62.96,66.9897115553817,99999,64.94,51.3220777246896,16093,75.47,13.8427240297353,16046.5,73.94,16.5578930485779,16093
"2020-09-08",0.0455625430315246,0.171798921123679,0.0178731401968333,0.0112956939492284,9.75038420874625,7.21555468719453,1.608582617715,0.926246903836727,0.0273130923563645,0.12107453733999,0.000147207393747363,7.34067684783149e-05,42,90,82,69.98,35.5429732729122,99999,1831.82,100,16093,73.49,28.5242077578539,16046.5,71.06,31.0988597332371,16093
"2020-09-09",0.0394105813654794,0.146778591010453,0.0181134188871669,0.010431973898614,8.74914906313643,6.16470082243904,1.66643453761935,0.918013703078032,0.0220398846806067,0.103669751697483,0.000169104186513251,5.93981878205921e-05,42,92,88,68,59.749444318092,99999,71.06,59.675371156314,16093,73.49,45.8143785016785,16046.5,73.04,27.7291803131041,16093
"2020-09-10",0.0438660409402203,0.172587946500807,0.0174625374790695,0.0101993218064308,9.7382610887289,7.24869375303388,1.57162837311625,0.917938962578773,0.0264096564320268,0.120959128081293,0.000129077419795178,5.68173650767181e-05,42,90,90,69.98,78.1656785920073,99999,73.94,79.1843188676742,8931.6,75.62,45.8846468517816,16062,77,39.1580452176118,16093
"2020-09-11",0.0384443816641029,0.13256663971004,0.0178556056926027,0.0117334040334901,8.15020891278982,5.56779886782169,1.71413814648986,0.86827189847827,0.0186238394262439,0.0839092495819747,0.000188836344641039,8.00277957595121e-05,42,96,74,73.94,79.1843188676742,99999,74.48,85.6675258389072,6437.2,75.2,79.700249195536,8844.5,75.62,79.5875650680979,10728.6666666667
"2020-09-12",0.0477004976178697,0.154996772784562,0.0169613366487666,0.00922563551895079,8.25218608789146,6.50986445695162,1.17033222876489,0.57198940217495,0.0278311258693635,0.100774552488316,0.000174420005559302,4.64667737482489e-05,42,69,62,64.04,36.9106231737213,99999,71.96,41.286768509909,16093,68,8.19285954399381,16046.5,66.02,9.03771020056874,16093
"2020-09-13",0.0518323303063869,0.160447736071157,0.016309742256999,0.00677475392818451,8.13767585810274,6.73880491498858,1.06013324670494,0.338737696409225,0.0306752071543009,0.0998716377776116,0.000161324592861731,2.55865155693117e-05,42,65,50,60.08,39.8773994113552,99999,62.96,26.5803909133972,16093,66.47,13.2166260624599,16046.5,64.04,11.8261553591139,16093
"2020-09-14",0.0529500597545149,0.156199416167857,0.016605461606135,0.00895420096966686,7.99545902293175,6.56037547904998,0.996327696368098,0.438755847513676,0.0318578734400986,0.101037587077719,0.000189472042965063,6.50233189253057e-05,42,60,49,71.06,46.05406030035,99999,71.06,46.05406030035,16093,73.04,39.0586708053898,16046.5,71.96,41.286768509909,16093
"2020-09-15",0.0459040210456461,0.154604597815445,0.017090551084143,0.00914237215848905,8.49224389344454,6.49339310824871,1.48687794432044,0.511972840875387,0.0262292294744069,0.101575465536672,0.000173198852467953,4.57552312091869e-05,42,87,56,59,8.09103819265754,99999,64.04,14.2418041727387,16093,67.55,2.46578443106372,16046.5,64.94,2.76270160214856,16093
"2020-09-16",0.0444550089159748,0.15878093235993,0.0145101006556716,0.0105363500710481,8.53536171186715,6.66879915911704,1.04472724720836,0.821835305541754,0.0252827641707044,0.100233879454636,0.000164650021973797,5.8077119559309e-05,42,72,78,51.08,59.2373963293759,99999,53.06,60.3879918872506,16093,61.34,12.5373740594977,16046.5,59,14.0256679101483,16093
"2020-09-17",0.0467719741926719,0.162607564945661,0.0153953926513592,0.0103683336705401,8.69958719983697,6.82951772771776,1.15465444885194,0.715415023267269,0.0260662819690838,0.0994838791077976,0.000140432553205063,6.18045907796661e-05,42,75,69,55.94,73.5942831412005,99999,60.98,56.300567940167,16093,67.46,23.8465015135304,16046.5,66.02,24.0171574601337,16093
"2020-09-18",0.0542051239452999,0.185771847409861,0.0140296591418809,0.0104956745155274,9.43169156648219,7.80241759121418,0.968046480789781,0.661227494478226,0.0329391445765733,0.115310178597714,0.000132253600099285,4.86537726510202e-05,42,69,63,62.06,75.8013166851593,99999,68.36,74.3322151127408,12874.6666666667,72.5,34.303595288913,16046.5,69.08,30.0344600239578,16093
"2020-09-19",0.0503333752376982,0.161285231909936,0.0135185221831004,0.00926947632902546,8.1540067885071,6.77397974021733,0.851666897535324,0.528360150754452,0.0295973662886943,0.0988563217468824,0.00015134648616011,7.40748032253079e-05,42,63,57,55.94,1.33257386901553,99999,62.96,22.980602365692,16093,64.94,0.92238520679341,16046.5,60.98,2.53673842124726,16093
"2020-09-20",0.0540600564106014,0.157849411136426,0.0120473163652009,0.0113397458361255,7.83870817953721,6.62967526772991,0.698744349181652,0.510288562625647,0.0329558979800128,0.100003824113631,9.92028737202163e-05,6.60020263593332e-05,42,58,45,44.06,43.5802780038409,99999,46.04,46.7819320113734,16093,55.49,0.445774285728709,16046.5,55.94,0.317421056408796,16093
"2020-09-21",0.0447258561704388,0.154683075213273,0.014409238944451,0.0107482198247875,8.31900924770162,6.49668915895745,1.08069292083383,0.741627167910337,0.026187959018129,0.101849459652446,0.000125116015907154,4.83795052475725e-05,42,75,69,42.98,44.3644102515897,99999,46.94,20.8945911115725,16093,56.03,1.09989451325211,16046.5,55.94,1.33257386901553,16093
"2020-09-22",0.0406284269958323,0.155634396266015,0.0154114043565862,0.0115832231870485,8.8163686580956,6.53664464317262,1.01715268753469,1.26257132738829,0.0230020902154643,0.103905578616712,0.000120885135049668,0.000102160003614064,42,66,109,44.06,54.578315381776,99999,46.04,46.7819320113734,16093,57.92,0.665071264973775,16046.5,57.92,1.28159424726098,16093
"2020-09-23",0.0471200934903962,0.152781259889404,0.0188844088585146,0.00927281825685165,8.24601636081934,6.41681291535497,1.17083334922791,0.658370096236467,0.0281558582244008,0.104016047436051,0.000183996288911838,4.58067255211012e-05,42,62,71,60.08,2.9008813800107,99999,51.98,29.0872873839015,16093,66.11,0.835253864868504,16046.5,64.94,0.731082764086432,16093
"2020-09-24",0.0481549264359716,0.155576911067501,0.0194605630423342,0.013865639902141,8.90866139065474,6.53423026483506,1.36223941296339,1.01219171285629,0.0263133699243335,0.102195599561716,0.000199126455064435,0.000135787499633043,42,70,73,55.94,73.5942831412005,99999,64.04,31.3027937401257,16093,74.48,4.01225148203715,16046.5,66.92,13.4698757316019,16093
"2020-09-25",0.0447014924498832,0.157622678770817,0.0149199031552093,0.0122212999965996,8.67208953527734,6.6201525083743,1.07423302717507,0.977703999727964,0.0255446501893473,0.103135413581484,0.000163838699823222,7.75428865853482e-05,42,72,80,60.08,73.1471312268328,99999,60.98,64.3898632333238,14484,70.52,11.713850838224,16046.5,64.94,20.2931667892232,16093
"2020-09-26",0.0472296323268649,0.15749435583573,0.0205340969978886,0.0106605156385279,8.83194124512374,6.61476294510067,1.39631859585643,0.820859704166651,0.0263458318567509,0.102954405800673,0.000163521480459297,8.10095767332835e-05,42,68,77,60.98,75.4392328098995,99999,64.04,57.885874922211,16093,70.52,37.7478477859152,16046.5,66.02,44.5139477994901,16093
"2020-09-27",0.0450194768289133,0.156715205227513,0.0145218396248917,0.0135759344058377,8.68875902798027,6.58203861955553,0.871310377493501,1.23541003093123,0.0255719362261864,0.102898941569137,0.000161517802660561,0.000129539758662161,42,60,91,66.92,68.5741687716848,99999,66.92,77.3089972397004,16093,70.52,63.8990159520759,16046.5,71.06,53.0942618938945,16093
"2020-09-28",0.0395503200532142,0.151179852961962,0.015170091321986,0.0125451486380327,8.81972137186676,6.34955382440239,1.15292694047093,1.31724060699344,0.0226466508687034,0.106373808672549,0.000154279119545794,9.17558328913846e-05,42,76,105,71.96,53.5185302229656,99999,71.24,82.1611437879788,9119.33333333333,73.49,58.7891343094569,16046.5,73.94,48.5748272295102,16093
"2020-09-29",0.0407017601840198,0.154564774850206,0.0189053249581681,0.0114194856218572,9.15789604140446,6.49172054370865,1.45571002177894,1.21046547591686,0.0225600176351244,0.106351656669377,0.000165891320216444,8.02465392477648e-05,42,77,106,68,67.3747245819523,99999,69.98,52.5972805191283,16093,73.04,34.2070098395234,16046.5,71.96,31.5747140867401,16093
"2020-09-30",0.0390753534985548,0.154127443342337,0.0159672938428725,0.0129305616669033,9.22178342565894,6.47335262037814,1.26141621358693,1.48701459169388,0.0215002658282,0.106176925902489,0.000148497060807598,9.63119094422566e-05,42,79,115,69.98,68.1226607478378,99999,71.96,72.4541720090939,11064,71.06,78.4535801770309,7718.5,71.06,78.4535801770309,12875
