"","MEAN_ALL","MEAN_0","MEAN_1","MEAN_2","SUM_ALL","SUM_0","SUM_1","SUM_2","VAR_ALL","VAR_0","VAR_1","VAR_2","NTP_0","NTP_1","NTP_2","MARIANNA TMP","MARIANNA HUMIDITY","MARIANNA VIS","PUNTAGORDA TMP","PUNTAGORDA HUMIDITY","PUNTAGORDA VIS","WINTERHAVEN TMP","WINTERHAVEN HUMIDITY","WINTERHAVEN VIS","MIAMI TMP","MIAMI HUMIDITY","MIAMI VIS"
"2020-03-01",0.0391695257353907,0.188968254579231,0.0272296144161373,0.013039753785623,18.8013723529875,11.3380952747539,3.81214601825923,3.65113105997443,0.0199320286435017,0.134421153414092,0.000244998005808357,8.97010526162177e-05,60,140,280,53.06,5.63367388172045,16093,55.94,1.05092213952687,16093,55.94,1.33257386901553,16093,65.03,0.162666139639217,16046.5
"2020-03-02",0.0358321411966236,0.142999069516857,0.0298123903304874,0.0123485165015186,16.4111206680536,8.57994417101145,4.97866918519139,2.85250731185079,0.0147994697984545,0.0992209217469959,0.000418950369936378,7.49950032018555e-05,60,167,231,57.92,7.67811682331027,16093,57.92,13.9537294046302,16093,64.04,6.80762929574796,16093,70.52,4.14840767064241,16046.5
"2020-03-03",0.0366537683788982,0.160300042061135,0.0277673632578825,0.0117925332718286,17.1173098329455,9.61800252366811,4.69268439058214,2.80662291869521,0.0165172089323593,0.110970101298967,0.000333012732997683,6.78661654734877e-05,60,169,238,64.94,67.8011264884704,16093,66.02,24.0171574601337,16093,69.98,6.49512772299169,16093,71.96,8.98694207737436,16046.5
"2020-03-04",0.0402606988746601,0.162653291970491,0.0294702243562674,0.0113243867541842,16.7484507318586,9.75919751822948,4.80364657007158,2.18560664355755,0.0184500456503077,0.110088044218688,0.000407856923186205,8.3984612233013e-05,60,163,193,71.06,59.675371156314,16093,69.08,87.335875123781,16093,73.94,18.8561356515989,16093,75.47,40.7219530387203,16046.5
"2020-03-05",0.0432154437238541,0.196946038755899,0.0289152745689665,0.012998657028296,18.971579794772,11.8167623253539,4.0481384396553,3.10667902976274,0.0217405025194171,0.131600463146922,0.000478109594377766,0.000111851103412778,60,140,239,64.04,82.4606508675026,16093,73.94,71.0433607413602,16093,77,20.2435621428186,16093,77.54,39.240397348796,16046.5
"2020-03-06",0.0448440273091952,0.184356901810194,0.0309787363840077,0.00880076013328064,17.7133907871321,11.0614141086116,5.17344897612929,1.47852770239115,0.0217803475970161,0.119759016010057,0.000523476063799406,6.34170529754055e-05,60,167,168,59,78.4535376012285,12069.6666666667,75.92,79.6585979164068,16093,79.52,31.4797278852151,16093,83.03,14.6210574528253,16046.5
"2020-03-07",0.0407243877436208,0.196103883348405,0.0260725412895349,0.0136247799364906,19.221911014989,11.7662330009043,3.85873611085117,3.59694190323353,0.02023025581773,0.132002439852127,0.00026575946253115,0.000102744763954465,60,148,264,57.02,0.19896094530158,16093,62.96,11.3514253235955,16093,64.04,11.8261553591139,16093,74.93,10.0179636477393,16046.5
"2020-03-08",0.0410018519142572,0.173370808719968,0.0293677182912472,0.0104528572220279,17.3847852116451,10.4022485231981,4.93377667292953,2.04876001551747,0.0202927823783264,0.123201466817394,0.000274154989766487,6.27154409436572e-05,60,168,196,51.98,1.52786815316783,16093,57.92,6.38402480622964,16093,53.96,6.19358138257039,16093,69.08,4.22706749127887,16046.5
"2020-03-09",0.0349307830410832,0.159242946576948,0.0283393103035132,0.0104697878076427,16.9064989918843,9.55457679461688,4.61930757947266,2.73261461779475,0.0159560158811192,0.111158521900652,0.000250651212481313,6.66837774191247e-05,60,163,261,62.96,3.65123509276836,16093,60.08,20.6835485897104,16093,64.94,8.63550517410965,16093,71.06,3.98283659756599,16046.5
"2020-03-10",0.0365896008408337,0.161489365280916,0.0289498576996746,0.00970170385971468,17.160522794351,9.68936191685498,5.26887410134077,2.20228677615523,0.0164757480974744,0.110519828820004,0.000366564113685302,5.70831345501438e-05,60,182,227,64.04,6.80762929574796,16093,69.98,14.4136382733923,16093,69.08,16.1475808129025,16093,73.04,9.86991770951469,16046.5
"2020-03-11",0.048906872132877,0.2676354970783,0.022303108223959,0.00976917651835187,21.7146512269974,16.058129824698,3.39007245004177,2.26644895225763,0.0298441296736739,0.166610555287603,0.000274414287918234,6.93062621490067e-05,60,152,232,68,25.0897272250454,16093,71.96,15.2684654188044,16093,69.08,19.0709060488939,16093,74.93,11.8172487297724,16046.5
"2020-03-12",0.050898558432846,0.267261011588077,0.0249004476915108,0.0111528532579541,22.5480613857508,16.0356606952846,4.05877297371626,2.45362771674991,0.0297988341401697,0.166786333543989,0.000275195981218123,8.96619588544798e-05,60,163,220,68,25.0897272250454,16093,73.04,15.7437950163399,16093,73.04,13.3899225840608,16093,75.02,19.348119917811,16046.5
"2020-03-13",0.0381165247632279,0.147659424071511,0.0289402330879654,0.0112693738695737,16.0089404005557,8.85956544429064,5.06454079039395,2.08483416587114,0.0160792009647563,0.0979680244771149,0.000405907239964837,9.99292167580102e-05,60,175,185,69.08,21.8559378592737,16093,71.96,23.923660495471,16093,77,9.86712668289149,16093,75.92,13.1132874856715,16046.5
"2020-03-14",0.0649831718157815,0.29390186110201,0.0229264788355652,0.0106098319495648,22.4191942764446,17.6341116661206,3.27848647348583,1.5065961368382,0.0429578600279109,0.185080643626325,0.000219650369785589,6.79344443113194e-05,60,143,142,71.06,23.4690826582242,16093,73.04,24.4636335416961,16093,78.08,10.2273593519817,16093,77,20.2435621428186,16046.5
"2020-03-15",0.0395146015667378,0.146555354228864,0.0297710259562765,0.0108657348788146,15.7663260251284,8.79332125373185,5.18015851639211,1.79284625500441,0.0168686086862319,0.0981574506702056,0.000409099646050119,7.46035545266657e-05,60,174,165,75.92,6.05842863025662,16093,78.08,20.2368945156089,16093,77,20.2435621428186,16093,77,26.4018861046839,16046.5
"2020-03-16",0.037599617293296,0.146362894773483,0.0282312721652644,0.0122818128818675,16.0926362015307,8.781773686409,4.94047262892127,2.37038988620043,0.0157786776500129,0.0983691819164158,0.000389349359290883,8.92159736886738e-05,60,175,193,71.96,13.3129083775384,16093,73.94,32.6022265259677,16093,78.08,17.9097420139705,16093,77,20.2435621428186,16046.5
"2020-03-17",0.0357597584180026,0.147188268586372,0.028873308355985,0.00931148342071818,15.7342937039211,8.83129611518234,4.96620903722942,1.93678855150938,0.0154245879415998,0.0980448948594867,0.000453492677850472,5.10345870726024e-05,60,172,208,75.92,13.1132874856715,16093,75.92,14.9403748609032,16093,75.02,28.7290138419506,16093,77,18.8462861452737,16046.5
"2020-03-18",0.0336955330711751,0.146969697251916,0.0286200524357978,0.010548277877648,16.3086380064487,8.81818183511496,4.77954875677824,2.71090741455555,0.0140427298764343,0.0981127953803897,0.000396781240937036,6.34934093921449e-05,60,167,257,73.04,27.7291803131041,16093,75.92,25.8805166872655,16093,78.08,23.3693406032636,16093,75.92,22.9145740900149,16046.5
"2020-03-19",0.0365243241934298,0.149918601289392,0.030140313512941,0.0105933382738013,16.2898485902697,8.99511607736349,4.94301141612232,2.35172109678388,0.0152318153233552,0.0975727970804062,0.000478148761067762,7.22558480997093e-05,60,164,222,73.94,18.8561356515989,16093,75.92,13.1132874856715,16093,77,17.4490101477289,16093,75.47,24.2428757359345,16046.5
"2020-03-20",0.036575130396309,0.1483292636772,0.0274806037263642,0.0113742019177652,15.9467568527907,8.89975582063198,4.72666384093463,2.3203371912241,0.0155873548141547,0.0980008273744306,0.000527810540576628,7.42455686914842e-05,60,172,204,75.02,10.5669411481109,16093,75.92,38.6097938610047,16093,78.08,15.4330997111312,16093,78.08,24.8353495615263,16046.5
"2020-03-21",0.0354571681149831,0.163686499573911,0.0253013812582053,0.0130317460340953,17.5512982169166,9.82118997443467,4.25063205137849,3.47947619110346,0.0155751726101332,0.110062523511984,0.00025997141526281,7.09164158769907e-05,60,168,267,73.94,21.9726563305464,16093,75.02,33.1517278368024,16093,80.06,12.360675045914,16093,77.54,26.5387583942768,16046.5
"2020-03-22",0.0364205911880852,0.147716308695575,0.0287468022550456,0.0123058264926735,16.243583669886,8.86297852173448,4.5994883608073,2.78111678734422,0.0152429582520757,0.0982201988927408,0.00054165899541842,7.97814808827433e-05,60,160,226,69.98,78.1656785920073,16093,73.94,37.6115822918154,16093,77,17.4490101477289,16093,76.46,21.5790681164167,16046.5
"2020-03-23",0.0351903428701237,0.149165238114074,0.0286252412600497,0.0112292876764506,16.5746514918283,8.94991428684443,4.95216673798859,2.67257046699524,0.0144883627294607,0.0978936617805876,0.000515651662598581,9.1121919126855e-05,60,173,238,73.94,21.9726563305464,16093,75.02,21.9403124150427,16093,80.06,14.351593263258,16093,78.53,19.2648824096617,16046.5
"2020-03-24",0.0342643473988403,0.146907491516322,0.028270029170482,0.0100974026234341,16.0699789300561,8.81444949097931,4.8624450173229,2.39308442175388,0.0145567425382767,0.0984320501168473,0.000500575854792181,5.74549041802599e-05,60,172,237,71.96,23.923660495471,16093,75.02,25.4413335236585,16093,78.08,15.4330997111312,16093,77,28.0550311449869,16046.5
"2020-03-25",0.0355517864341102,0.14891104203028,0.0292544681099909,0.0132880183518864,17.4559271391481,8.93466252181679,5.1195319192484,3.40173269808292,0.013870416974867,0.0979065950742507,0.000529419015871127,9.03698709809227e-05,60,175,256,73.04,18.4433966299707,16093,73.94,48.5748272295102,9656,77,15.3807490959903,16093,77.54,28.0047673525395,16046.5
"2020-03-26",0.04472166206281,0.215889173652977,0.031028360182866,0.00979436658289989,20.482521224767,12.9533504191786,5.30584959127009,2.22332121431828,0.0229280708488539,0.140943317672464,0.000487621190998499,5.61658051192432e-05,60,171,227,77,22.8688646503211,16093,75.02,62.6872214180452,16093,77,20.2435621428186,16093,80.51,13.067218713986,16046.5
"2020-03-27",0.0375608973335881,0.147739166285222,0.0271121418160019,0.0115680703298843,15.5126505987719,8.86434997711331,4.47350339964032,2.17479722201824,0.0164131642417468,0.0981462379968111,0.000533048419904018,5.76931569719627e-05,60,165,188,77,22.8688646503211,16093,77,43.7967047419146,16093,80.96,8.44525954522126,16093,77.54,36.9210675866446,16046.5
"2020-03-28",0.036165464990052,0.146108129434288,0.0299663527879909,0.0122705841269104,16.5999484304339,8.76648776605725,4.97441456280649,2.85904610157013,0.0148390075174141,0.0985905149315243,0.000559348112481975,9.68755199643746e-05,60,166,233,75.02,21.9403124150427,16093,78.98,16.1862474626965,16093,82.04,13.0688774961725,16093,78.53,23.5767042169069,16046.5
"2020-03-29",0.0366859931658071,0.149655836463595,0.0298618978266817,0.0130888573181482,16.728812883608,8.97935018781573,4.5688703674823,3.18059232831001,0.0149121677288901,0.0977392402891874,0.000591004841029193,8.43962658675759e-05,60,153,243,73.94,32.6022265259677,16093,75.92,56.535170951326,16093,84.02,2.80171498581871,16093,77,29.70817618529,16046.5
"2020-03-30",0.0403992558475321,0.18383037817354,0.0271184584310907,0.00969940966298415,17.2100829910487,11.0298226904124,4.0948872230947,2.08537307754159,0.020255866367167,0.120197827862649,0.000259733062161307,6.77362413727474e-05,60,151,215,77,29.70817618529,16093,78.08,30.233160629548,16093,82.04,17.0146940457644,16093,78.53,29.2340788931138,16046.5
"2020-03-31",0.0428923650454924,0.192173822938154,0.0263195574721869,0.0121686908117892,18.1005780491978,11.5304293762892,4.0268922932446,2.54325637966394,0.0225817852610907,0.133485880404699,0.000260184187072427,7.36174941446791e-05,60,153,209,75.92,1.79499733366321,16093,77,43.7967047419146,16093,80.06,18.7431914329805,16093,78.53,42.2201191113726,16046.5
"2020-04-01",0.0409470247695173,0.196844483756771,0.0332609809628582,0.0109121442610927,20.023095112294,11.8106690254062,5.25523499213159,2.95719109475613,0.0196567984739514,0.13193249921912,0.000520642400273596,5.45070446383417e-05,60,158,271,64.94,14.6666527955941,16093,78.98,56.6093704940348,16093,78.98,35.1061083132544,16093,81.95,21.5215594839729,16046.5
"2020-04-02",0.0391541306999626,0.190680177106212,0.0258934388604061,0.00948177725395076,17.854283599183,11.4408106263727,4.19473709538579,2.21873587742448,0.0210335833638587,0.134007309219815,0.000243465415379627,5.37797594069954e-05,60,162,234,62.06,4.15480759062343,16093,66.92,8.01436679294478,16093,66.92,3.87604167557507,16093,76.01,16.1000078412641,16046.5
"2020-04-03",0.0335672286384535,0.144698747185369,0.0288787330914703,0.0104562686608424,16.5150764901191,8.68192483112216,5.19817195646465,2.63497970253229,0.0138858762181373,0.0989188848701582,0.000475125806246965,6.82729982967661e-05,60,180,252,64.04,5.74691206361275,16093,69.08,11.7889458307929,16093,69.98,2.09395188442722,16093,73.94,13.0725954673624,16046.5
"2020-04-04",0.0342782317397307,0.144546174816787,0.0299614184122119,0.0119917806493872,17.2076723333448,8.67277048900723,5.39305531419814,3.14184653013945,0.0135997150039286,0.0989519819605684,0.000504953941819324,8.38175677797388e-05,60,180,262,66.92,11.2584699913866,16093,73.04,24.4636335416961,16093,75.02,4.87456870376069,16093,74.93,13.8711784975717,16046.5
"2020-04-05",0.0365364058233615,0.146039602579549,0.0309412730316263,0.0106938760298463,16.4048462146893,8.76237615477294,5.32189896143973,2.32057109847665,0.0151634173452601,0.0985246067773526,0.000540238283334336,8.38721452710489e-05,60,172,217,73.04,5.16650764651254,16093,73.94,48.5748272295102,16093,75.92,9.50392061096454,16093,77,17.4490101477289,16046.5
"2020-04-06",0.0469068249030148,0.188214344407121,0.0253124209996472,0.010392064697172,15.948320467025,11.2928606644273,2.96155325695872,1.69390654563904,0.0252625210257956,0.118762276622448,0.000663615187469341,6.22246000945481e-05,60,117,163,75.02,9.20616040188588,16093,64.46,100,4291.33333333333,64.34,73.5595970081168,12338,78.53,23.7151674697787,16046.5
"2020-04-07",0.0437190589276947,0.225246628249685,0.0250542877676586,0.0109581743717676,19.9796099299565,13.5147976949811,3.75814316514879,2.7066690698266,0.025035325654173,0.153321870692557,0.000401292519272344,6.43696004631984e-05,60,150,247,73.04,20.9989202150006,16093,71.96,53.5185302229656,16093,71.96,23.923660495471,16093,78.32,37.5401256895608,16062
"2020-04-08",0.036841076770964,0.180912103969604,0.0264810273469782,0.0120512773929117,18.5310616157949,10.8547262381762,4.28992643021047,3.3864089474082,0.0172289604059332,0.121032360910691,0.000310527155016617,8.06237402016912e-05,60,162,281,73.94,21.9726563305464,16093,75.92,38.6097938610047,16093,80.96,14.700393847958,16093,78.98,37.6099367379203,16046.5
"2020-04-09",0.0452330171258426,0.208080971396218,0.0274477917179986,0.00997648042876545,18.4550709873438,12.4848582837731,3.9250342156738,2.04517848789692,0.0256359688811609,0.143718937448266,0.000349803790401145,6.63224742633084e-05,60,143,205,74.0942857142857,77.8555550629793,7931.85714285714,75.92,63.0340551109763,16093,80.06,21.1029304878542,16093,82.49,22.6723029958565,16046.5
"2020-04-10",0.0426832802199266,0.180432373626779,0.0310972153674811,0.00974254905389101,18.1403940934688,10.8259424176067,5.47310990467668,1.8413417711854,0.0203077136258303,0.12111085906053,0.000493547399189795,6.04377403828687e-05,60,176,189,80.06,14.351593263258,16093,78.08,70.8603360596274,16093,78.98,35.1061083132544,16093,83.03,21.6896191701292,16046.5
"2020-04-11",0.0368413232057536,0.198163660801947,0.0222905047784944,0.0125647314464132,19.0101227741688,11.8898196481168,3.18754218332469,3.93276094272733,0.01861982397195,0.131431932836681,0.000226155098048814,8.45293732956413e-05,60,143,313,62.96,1.55017928540817,16093,78.08,26.301358519789,16093,78.08,8.71748419995576,16093,83.93,30.1270713011186,16046.5
"2020-04-12",0.0350723964961791,0.18206949175025,0.0214807713644271,0.0107915478977649,17.3608362656087,10.924169505015,3.50136573240161,2.93530102819204,0.0175860631353676,0.120508990306484,0.000440525390161233,7.06985705640681e-05,60,163,272,66.92,2.62378409641427,16093,78.98,27.3451053663947,16093,75.92,25.8805166872655,16093,75.38,77.4292279875542,12338
"2020-04-13",0.0503374485240283,0.185622617788613,0.0319918923932745,0.00910372626248414,17.5677695348859,11.1373570673168,5.31065413728356,1.11975833028555,0.0244280497790847,0.119408482277197,0.000513136147841669,6.61711140861079e-05,60,166,123,78.89,41.8957185375483,12875,82.94,33.2357815639769,12875,84.02,26.0520474674437,16093,82.94,44.2388528473787,16046.5
"2020-04-14",0.0645249007163303,0.291720605175942,0.0261271315822868,0.00803735463515572,22.5837152507156,17.5032363105565,3.97132400050759,1.10915493965149,0.0397463260079309,0.170590226309283,0.000256812758118532,4.63431900511646e-05,60,152,138,73.04,24.4636335416961,16093,78.98,64.1661084914688,14484,82.94,20.4240162197281,16093,81.5,48.9421160270479,16046.5
"2020-04-15",0.0429123462048404,0.200549922278151,0.0303098803758621,0.00986481480723385,18.8385199839249,12.0329953366891,4.54648205637932,2.25904259085655,0.0217964214776602,0.130615501803534,0.000416819560514369,5.92646237735519e-05,60,150,229,77,13.1882016981648,16093,80.84,65.7133394853516,9656,82.94,26.150627152278,16093,82.49,38.822348822326,16046.5
"2020-04-16",0.0401463661517093,0.206422530580312,0.0221328178210364,0.01092791380185,18.0257184021175,12.3853518348187,2.74446940980852,2.89589715749025,0.0214474455601778,0.128577719040083,0.000596134804934159,8.98033100653974e-05,60,124,265,62.96,1.20693584595414,16093,80.96,73.1554389209805,12875,75.02,54.9059368465321,16093,86,25.5702270942876,16046.5
"2020-04-17",0.0437729689789918,0.198593318151931,0.0251188095988465,0.0118360932643821,18.0344632193446,11.9155990891159,3.69246501103044,2.42639911919832,0.0231259465145531,0.131322041695433,0.000286048104742222,8.13468652056166e-05,60,147,205,64.04,1.32714431617258,16093,64.94,67.8011264884704,16093,66.92,39.5864375492862,16093,79.97,36.2152502435499,16046.5
"2020-04-18",0.0485295699035434,0.214439772845556,0.024774682888789,0.0107001994200592,18.1015295740217,12.8663863707334,3.31980750709772,1.9153356961906,0.0278904695217993,0.14144031927009,0.000252011915695638,7.53430470845907e-05,60,134,179,75.02,9.20616040188588,16093,77,55.784017110645,16093,77,39.1580452176118,16093,82.49,41.3057555352334,16046.5
"2020-04-19",0.0458993767235681,0.215299802956482,0.0220062755520495,0.0111752474537263,18.2220525592566,12.9179881773889,3.12489112839103,2.17917325347662,0.0263073530088378,0.141184952279811,0.000256764319989806,7.0187464879695e-05,60,142,195,75.92,29.8711162949667,16093,78.08,38.8000843938408,16093,77,29.70817618529,16093,80.51,40.6450272262623,16046.5
"2020-04-20",0.0434563542980042,0.201223338147004,0.0267559157371738,0.0102245999086234,17.9474743250757,12.0734002888203,3.66556045599282,2.20851358026266,0.0231190813989435,0.13046032725993,0.000288223910793094,8.61817481089062e-05,60,137,216,75.47,52.2072038828329,16093,80.96,45.6526982459674,16093,82.04,19.5757766739298,16093,82.22,38.6916671243253,16046.5
"2020-04-21",0.0438442991675733,0.182693367265165,0.032447299295613,0.00889914939746013,18.2830727528781,10.9616020359099,5.71072467602789,1.61074604094028,0.0206907115720402,0.120407698903969,0.000537283345381974,4.78991982984625e-05,60,176,181,69.98,19.5191779397319,16093,73.04,69.1875181660666,16093,75.02,28.7290138419506,16093,85.01,19.9710978432146,16046.5
"2020-04-22",0.0403116349563269,0.182855021394789,0.0275190712307535,0.0112050327726386,18.0596124604344,10.9713012836874,4.6232039667666,2.46510720998049,0.0192970421598825,0.120313891000335,0.000458390807623036,8.08862978238568e-05,60,168,220,73.04,3.66118720533411,16093,75.02,28.7290138419506,16093,73.94,10.4703790601705,16093,83.03,27.7468769514647,16046.5
"2020-04-23",0.0373639889240701,0.179229200755556,0.0287995375336925,0.00990309297924297,17.8599867057055,10.7537520453334,4.52152739278972,2.58470726758242,0.0181937567225819,0.121508677755487,0.000508782425665792,5.44591449546631e-05,60,157,261,73.94,2.69630147121672,16093,75.92,4.37810207553822,16093,75.02,4.87456870376069,16093,82.04,17.3410120118045,16046.5
"2020-04-24",0.0370758792875223,0.167811740593364,0.0293185760763413,0.0114950900606345,17.9076496958733,10.0687044356018,4.89620220474899,2.94274305552244,0.0160370260890372,0.108846332731495,0.000525051803730807,6.93043633481634e-05,60,167,256,64.49,79.0874985265008,14483.75,80.96,32.3167353245135,16093,82.94,20.4240162197281,16093,82.04,36.5524425104391,16046.5
"2020-04-25",0.0433509479554599,0.206824339957287,0.020637876993936,0.01122416063611,17.2970282342285,12.4094603974372,2.37335585430264,2.51421198248863,0.0240127671047967,0.128491572314675,0.000552385628834194,8.59629997653896e-05,60,115,224,71.06,17.0585201897239,16093,69.08,76.1295842291609,16093,69.08,67.7592062713145,16093,79.52,19.6979003957844,16046.5
"2020-04-26",0.0416037272488251,0.18522104571263,0.0275704509889086,0.0118683497655337,17.847998989746,11.1132627427578,4.13556764833629,2.59916859865189,0.0201458439159305,0.119675903611476,0.000528107692619454,0.000101470940213571,60,150,219,73.94,28.8776791333303,16093,75.92,63.0340551109763,16093,80.06,24.2684710933061,16093,86,25.5702270942876,16046.5
"2020-04-27",0.0353950034382637,0.203058947219203,0.0286031819880009,0.0129047959524008,21.6617421042174,12.1835368331522,4.29047729820013,5.1877279728651,0.0158052381629798,0.129678353761699,0.000522186031849287,7.79185199101046e-05,60,150,402,66.92,1.0870368725207,16093,77.27,58.2859698340291,16093,73.04,32.1378265716412,16093,74.48,45.704469722973,16046.5
"2020-04-28",0.0365161822829027,0.181142212015887,0.029167918374555,0.00886627897284084,18.4771882351488,10.8685327209532,5.2502253074199,2.35843020677567,0.0171980926391594,0.120701922012532,0.000468362232406526,4.41668539582708e-05,60,180,266,64.04,6.80762929574796,16093,71.06,9.17926681862904,16093,71.06,2.6751972253002,16093,76.46,12.342861998496,16046.5
"2020-04-29",0.0494083817354947,0.215625258969764,0.0314229559153318,0.0101714945871737,19.9115778394043,12.9375155381858,5.15336477011442,1.82069753110409,0.0258447426761334,0.140831369382404,0.00049786425075285,7.34518022489938e-05,60,164,179,71.96,17.9467199526268,16093,73.94,12.0146140861446,16093,73.94,14.1305768485802,16093,77,11.5724365113205,16046.5
"2020-04-30",0.0398107209080911,0.183079043248047,0.0298392952270346,0.0104799293952078,18.3129316177219,10.9847425948828,4.8339658267796,2.49422319605947,0.0188381231154084,0.120227709748492,0.000524303540547783,6.93847823410537e-05,60,162,238,69.08,67.7592062713145,16093,75.92,56.535170951326,16093,80.96,11.1958037794429,16093,80.06,27.8533474571757,16046.5
"2020-05-01",0.048439455481813,0.235227643496667,0.0260244200194101,0.0126678129696116,20.0539345694706,14.1136586098,2.8366617821157,3.10361417755485,0.0274805246921363,0.149283814210684,0.000538662141565067,8.96585305097381e-05,60,109,245,66.02,6.34173741925826,16093,69.98,14.4136382733923,16093,68,8.385325946411,16093,75.02,43.1983268440655,16046.5
"2020-05-02",0.0442401169140528,0.211405614841109,0.0311686674793882,0.0103254761799412,19.9522927282378,12.6843368904665,4.83114345930517,2.43681237846613,0.0232819425922554,0.142510457003124,0.000499334373964092,7.34888568630231e-05,60,155,236,71.06,5.66270140503701,16093,71.96,13.3129083775384,16093,71.06,7.91693305458637,16093,76.46,8.4012318355399,16046.5
"2020-05-03",0.0421011280605561,0.179537207850566,0.0329311839162023,0.0112725258145703,18.6086986027658,10.7722324710339,5.36778297834098,2.46868315339088,0.0195362131322753,0.121417781607439,0.000488678020721249,8.02291597697256e-05,60,163,219,75.02,6.74140042936654,16093,75.02,14.572160573799,16093,77,8.38174696287723,16093,77,10.719781597106,16046.5
"2020-05-04",0.0368370613602209,0.161467934958637,0.0287944502086334,0.010766024158356,17.0555594097823,9.68807609751821,4.83746763505042,2.53001567721367,0.0167250622787843,0.110642384830657,0.000490237381811173,6.25685533953151e-05,60,168,235,73.04,15.7437950163399,16093,75.92,29.8711162949667,16093,80.96,3.39485459888564,16093,77,17.4490101477289,16046.5
"2020-05-05",0.0369193163043574,0.163265681453049,0.0293093132697473,0.0121673340078934,17.5366752445698,9.79594088718295,4.60156218335032,3.1391721740365,0.016290915964247,0.110151552933443,0.00049080244046706,8.33637167961578e-05,60,157,258,77,8.38174696287723,16093,77,17.4490101477289,16093,78.98,9.23489371805704,16093,78.44,18.7897392122334,16046.5
"2020-05-06",0.0402996895574434,0.185319537886729,0.0297285411276935,0.011539751886095,18.7393556442112,11.1191722732037,4.81602366268635,2.80415970832109,0.0185864152227224,0.119621228952527,0.00042567382506751,7.01171574887431e-05,60,162,243,78.08,17.9097420139705,16093,77,29.70817618529,16093,78.08,17.9097420139705,16093,79.52,35.3648824757065,16046.5
"2020-05-07",0.0376545126019827,0.165764302791407,0.0283818958801102,0.00878887493514791,16.6056400574744,9.9458581674844,4.79654040373862,1.86324148625135,0.017552493543478,0.109364961154986,0.000494085778466514,5.52434668073457e-05,60,169,212,73.94,0.163244365835315,16093,77,29.70817618529,16093,78.08,23.3693406032636,16093,81.5,11.6900088702869,16046.5
"2020-05-08",0.0357431997270029,0.161243204042936,0.0300042330456233,0.0105561345099257,17.5499110659584,9.67459224257618,5.13072385080159,2.74459497258067,0.0158044269762969,0.110695976208078,0.000469071826282623,6.86347075002867e-05,60,171,260,66.02,1.0032233762309,16093,69.98,9.07378491072684,16093,68,6.95191324902279,16093,76.01,13.8801811359819,16046.5
"2020-05-09",0.0340402896699327,0.147663143711785,0.0329035442736414,0.00889672666164859,17.1222657039762,8.85978862270713,5.92263796925545,2.33983911201358,0.0135973429243242,0.0981657158198351,0.000460468286860196,4.02864326741066e-05,60,180,263,73.04,18.4433966299707,16093,75.92,29.8711162949667,16093,75.02,14.572160573799,16093,76.46,17.5687433629544,16046.5
"2020-05-10",0.052143218161548,0.234543545885632,0.0259758421806274,0.0125099352416508,19.9187093377113,14.0726127531379,3.50673869438469,2.33935789018869,0.0296524503324879,0.149435734908575,0.000607537521925987,9.19064194781102e-05,60,135,187,66.92,1.38092176859434,16093,80.06,31.1695884143327,16093,73.49,19.9275279332997,16093,80.51,11.7782394126784,16046.5
"2020-05-11",0.034595666886688,0.166768469506254,0.0234207602528234,0.0108903691001322,16.5021331049502,10.0061081703752,3.65363859944046,2.84238633513451,0.0162705308589424,0.109160770614486,0.00046076871187967,7.13130645729354e-05,60,156,261,73.94,2.69630147121672,16093,69.98,46.6259246487347,16093,73.04,47.045119647269,16093,71.96,75.8997348834081,9973.66666666667
"2020-05-12",0.0334037437578776,0.147563763692354,0.028125584934439,0.0105237306228706,16.5014494163916,8.85382582154125,4.92197736352682,2.72564623132348,0.0138299851897549,0.0981978051560595,0.000477633272629826,7.36157846692687e-05,60,175,259,71.06,1.00362830994879,16093,78.08,17.9097420139705,16093,77,3.85470793638958,16093,78.98,23.7840678305502,16046.5
"2020-05-13",0.0373814552819923,0.16393070059518,0.0293937133295306,0.00825016555161431,17.1954694297165,9.83584203571081,5.64359295926988,1.71603443473577,0.0168240662964506,0.109738925423163,0.000462260196870992,4.69063111684746e-05,60,192,208,71.96,2.38600652959568,16093,77,13.1882016981648,16093,75.92,8.27806243503212,16093,78.08,13.6005398402064,16046.5
"2020-05-14",0.0335059625419654,0.147321467132618,0.0280640180163244,0.00980863721699129,16.5184395331889,8.83928802795708,5.27603538706899,2.40311611816287,0.0138535532836873,0.0983020889629363,0.000437850958963161,5.67956010174932e-05,60,188,245,78.08,1.99688497387921,16093,77,15.3807490959903,16093,75.02,19.348119917811,16093,77,22.8688646503211,16046.5
"2020-05-15",0.0336377452673317,0.14921330731983,0.027226742567484,0.0100613784166129,16.2470309641212,8.95279843918979,4.81913343444467,2.47509909048676,0.014126338853965,0.0977897736830022,0.00044642598848349,6.22543526414224e-05,60,177,246,80.06,4.34051959976334,16093,75.92,17.4190811062385,16093,75.92,14.9403748609032,16093,78.08,41.5632787269999,16046.5
"2020-05-16",0.0347599961703092,0.154192975039283,0.0213554046165786,0.0107951325442747,14.8077583685517,9.25157850235701,3.24602150171995,2.31015836447477,0.0159952091427154,0.0965659107808632,0.000496739477128894,9.15405226495484e-05,60,152,214,80.06,6.9677029343676,16093,75.92,49.5084709191338,16093,76.04,45.3425702258318,16093,73.715,89.4999746143145,7029
"2020-05-17",0.0431128493326855,0.16913085160777,0.0282558950925281,0.0108059086836874,16.4259955957532,10.1478510964662,4.54919910989702,1.72894538938999,0.0201435959998806,0.108429001208218,0.000543141675570038,9.42452647947156e-05,60,161,160,82.94,5.96153018655116,16093,77,63.4412945444284,16093,78.98,31.3770210199929,16093,82.49,18.4008788039119,16046.5
"2020-05-18",0.03922863330666,0.168241021813204,0.0298267317687472,0.010322432029465,16.8290836885571,10.0944613087922,4.47400976531208,2.26061261445284,0.0179838025853571,0.108664905253148,0.00052132315591047,6.08270860943229e-05,60,150,219,73.04,69.1875181660666,16093,78.08,34.6840899556774,16093,82.04,22.4772455884319,16093,80.51,31.7431618694231,16046.5
"2020-05-19",0.0444952071408976,0.223820343737801,0.0237857438758879,0.0137496730348943,20.2453192491084,13.4292206242681,3.28243265487254,3.53366596996784,0.0230307879659789,0.138097773286709,0.000410284210001909,7.97860121731246e-05,60,138,257,71.96,61.4352975466549,16093,69.98,89.5171187205566,16093,73.94,42.2967791008014,16093,71.42,89.6125213101872,7550.42857142857
"2020-05-20",0.035900688914072,0.166980841973176,0.0264949197911359,0.0109947722174169,16.9092244785279,10.0188505183905,4.05372272804379,2.83665123209357,0.0164737689955914,0.109092150667502,0.000544142206255359,7.40476385991212e-05,60,153,258,78.08,11.6583096479057,16093,77,22.8688646503211,16093,78.98,6.68070376855111,16093,80,55.1338921259921,16062
"2020-05-21",0.0349025866714212,0.150361090525985,0.0274005682509861,0.0110560621866964,15.8457743488252,9.02166543155909,4.1374858058989,2.68662311136723,0.0150030980045263,0.0975474110114902,0.000518635498859624,6.937581436315e-05,60,151,243,71.96,61.4352975466549,16093,82.04,36.5524425104391,16093,84.02,2.42137637618786,16093,86,23.0157265956859,16046.5
"2020-05-22",0.0519432580168609,0.228399665824448,0.0269722510194341,0.0104253262545936,19.3228919822723,13.7039799494669,3.85703189577907,1.76188013702631,0.0304289358854583,0.152081496314796,0.00039921185187122,6.51628760558286e-05,60,143,169,78.08,20.2368945156089,16093,73.04,61.9021373836484,16093,71.24,56.7610920778729,99999,81.95,44.3728029282317,16046.5
"2020-05-23",0.0495150417143452,0.196016550591836,0.0272784651491512,0.00950552158705566,17.0826893914491,11.7609930355102,4.00993437692523,1.31176197901368,0.0274920331169268,0.132067764097792,0.000521109366741738,5.7126258425713e-05,60,147,138,75.92,29.8711162949667,16093,73.64,89.7284833159233,10192.3333333333,82.04,22.4772455884319,99999,81.5,27.0143318370115,16046.5
"2020-05-24",0.043997705056477,0.182324236693482,0.0280449728833864,0.00926912297108019,16.6751302164048,10.9394542016089,4.15065598674119,1.58502002805471,0.0228170624197423,0.120508927785825,0.000776935893099647,5.09195456074536e-05,60,148,171,73.94,55.6761312352654,16093,80.06,57.0267756578068,16093,82.94,20.4240162197281,99999,76.775,70.3294149718732,13656.25
"2020-05-25",0.0372343595654513,0.18404672605296,0.0263049786489817,0.0106870164788926,17.984195670113,11.0428035631776,4.07727169059217,2.86412041634321,0.0180018717153651,0.119943427582563,0.000538493740072571,6.25042038841723e-05,60,155,268,84.02,10.5732083569206,16093,73.67,95.0005655400479,8851.5,77,63.4412945444284,99999,75.98,79.4892544452031,16062
"2020-05-26",0.0451419582247342,0.201142267230898,0.0251538565442447,0.0100322953064223,17.153944125399,12.0685360338539,3.11907821148634,1.96632988005877,0.0251207187612989,0.13036658154599,0.000548626580655231,5.29708260550598e-05,60,124,196,71.06,59.675371156314,16093,75.08,85.9143956012451,16093,74.48,66.8652910797027,99999,77.54,83.554932030094,16046.5
"2020-05-27",0.0507555477818253,0.184799190377817,0.0273457167092069,0.00690466994946858,15.7849753601477,11.087951422669,3.96512892283499,0.731895014643669,0.0274383260158194,0.119765113725289,0.000514037297539884,4.15792741164675e-05,60,145,106,75.02,41.6978052792658,16093,82.04,57.8078215477137,16093,82.94,20.4240162197281,99999,73.16,65.3211301369762,16062
"2020-05-28",0.0388110716443229,0.180312139851352,0.0265254185997419,0.0102804966144643,17.0380604518577,10.8187283910811,3.79313485976309,2.42619720101357,0.0197587047946419,0.121263664922092,0.000509375029020136,5.27043900779122e-05,60,143,236,73.04,61.9021373836484,16093,80,40.9906332532421,16093,78.08,44.326473060159,99999,82.49,58.9018536474458,16046.5
"2020-05-29",0.0415746007917677,0.186255841221039,0.0255711612788806,0.00864788234683138,16.2972435103729,11.1753504732624,3.40096445009112,1.72092858701944,0.0220750834362233,0.119468045379646,0.000519216629833556,4.25981931000921e-05,60,133,199,77,39.1580452176118,16093,74.3,68.2579809669219,16093,73.76,65.389240142365,99999,82.94,41.9468890561436,16046.5
"2020-05-30",0.042145583928599,0.183305102835099,0.0257162632266606,0.00941396163155636,16.2260498125106,10.9983061701059,3.42026300914586,1.80748063325882,0.0224359705878892,0.12029872522316,0.00052274538661291,6.08601573342284e-05,60,133,192,78.98,40.1137651625862,16093,75.92,79.6585979164068,16093,77,50.0237365680767,16093,82.46,44.4672115339698,16062
"2020-05-31",0.0453878164541122,0.178408421808854,0.0265284913530859,0.0118629171842744,16.2488382905722,10.7045053085312,3.63440331537277,1.90992966666818,0.0239089797959792,0.121526711240296,0.000448231085363898,8.20200848384981e-05,60,137,161,84.02,15.8585387909888,16093,74.12,76.6105908326936,13411,77.54,49.7316259924862,16093,82.04,26.9659069909492,16046.5
"2020-06-01",0.0618063830202673,0.247762791191538,0.0284100420152148,0.0106103234593907,20.2724936306477,14.8657674714923,4.09104605019093,1.31568010896444,0.0368784332027884,0.159698922802705,0.000479242467467817,6.56782242070616e-05,60,144,124,82.04,6.57326032576702,16093,84.02,37.4584430519197,16093,87.08,11.5461254907196,16093,81.5,38.7977698900268,16046.5
"2020-06-02",0.0418361313711272,0.18100076095822,0.0285996790292836,0.0098752496395134,16.6507802857086,10.8600456574932,3.74655795283616,2.04417667537928,0.0216705076401553,0.120853668971817,0.00049292242305293,5.98822443330618e-05,60,131,207,78.08,56.2375536791828,16093,82.04,46.1187018279612,16093,80.96,32.3167353245135,16093,82.94,33.2357815639769,16046.5
"2020-06-03",0.0419033148234159,0.189460541432103,0.0250827032036351,0.0135072107414831,17.8508121147752,11.3676324859262,3.33599952608347,3.14718010276556,0.0202589009834362,0.118492630863615,0.000470741810878199,0.000107476988775121,60,133,233,75.92,56.535170951326,16093,78.08,62.5254598936207,16093,77,50.0237365680767,16093,80.06,63.2315733331169,16046.5
"2020-06-04",0.0461203507471301,0.167438913322985,0.0277639319937603,0.0082340652786069,15.2658360973001,10.0463347993791,4.24788159504533,0.971619702875614,0.0230318752487596,0.108871103466556,0.000441147090013084,5.17045099895546e-05,60,153,118,71.96,70.3868342845053,99999,73.04,87.9965052169708,16093,75.92,71.6717192611912,16093,77,71.0920289050138,16046.5
"2020-06-05",0.0639064133156562,0.304526931388925,0.0207363269379679,0.00972398513784775,22.2394318338484,18.2716158833355,2.19805065542459,1.76976529508829,0.0427357318578223,0.179518983006559,0.000215025430797301,5.16896398322041e-05,60,106,182,80.96,25.2590583548171,16093,73.94,90.0011310800958,16093,73.94,75.1138398045172,16093,78.98,56.6093704940348,16046.5
"2020-06-06",0.0404679702604731,0.170234408943603,0.0227354937087512,0.0114351843532763,15.2968927584589,10.2140645366162,2.91014319472015,2.1726850271225,0.0203071062591701,0.108191153080162,0.000391539402976443,6.35761354603693e-05,60,128,190,82.04,25.1622086626926,16093,73.94,100,16093,73.49,75.0022626478844,13679,82.94,55.9655453891376,16046.5
"2020-06-07",0.0372742171327655,0.172648411647727,0.0189091176679819,0.00990488689278932,14.5369446817786,10.3589046988636,1.90982088446617,2.26821909844875,0.0198302422062075,0.107626853332432,0.000478746884727427,4.79407523149833e-05,60,101,229,73.13,79.4119937647055,13679,80.06,100,16093,74.4575,68.961113247128,5129.75,84.02,44.2706024596297,16046.5
"2020-06-08",0.0510605119220839,0.184681875701062,0.0257506567653116,0.00695803259708443,15.5223956243135,11.0809125420637,3.75959588773549,0.681887194514275,0.027950018014782,0.11983947225551,0.000281076924801763,2.21808122273561e-05,60,146,98,80.51,54.3961529419707,16093,82.04,57.8078215477137,16093,78.98,56.6093704940348,16093,83.48,59.2752810587572,16046.5
"2020-06-09",0.0455736472710475,0.167177939570198,0.0280152829633891,0.00947584531925343,15.1760245412588,10.0306763742119,3.86610904894769,1.27923911809921,0.0229380565006258,0.109107031817148,0.000481795526201864,4.77676388598075e-05,60,138,135,82.04,25.1622086626926,16093,82.94,59.3372296365773,16093,84.92,37.8632779541689,16093,83.48,53.1599176031069,16046.5
"2020-06-10",0.0422839909761494,0.168958392366767,0.0283033151055376,0.00723072535293118,15.5182246882468,10.137503542006,4.24549726583064,1.13522388041019,0.0209133767437383,0.108533848838953,0.000406821351372298,3.31311409077734e-05,60,150,157,75.92,79.6585979164068,16093,84.02,29.6684457344551,16093,82.94,41.9468890561436,16093,84.02,39.5085212007713,16046.5
"2020-06-11",0.0393614202907546,0.169509407846878,0.0258621386943325,0.0110619618455962,16.4137122612447,10.1705644708127,4.00863149762154,2.23451629281044,0.0184572248406182,0.108415309915888,0.000387345623337306,7.82177654520553e-05,60,155,202,82.04,32.1093324150252,16093,76.775,85.7427083333236,16093,77,50.0237365680767,16093,84.47,33.7650547667423,16046.5
"2020-06-12",0.0401175401644724,0.169586268005272,0.0286610775572412,0.00964358714238513,16.8894844092429,10.1751760803163,4.87238318473101,1.84192514419556,0.0183075437880865,0.108426850087241,0.000443191515525205,6.14146480476587e-05,60,170,191,84.02,18.2170296775658,16093,78.08,78.5472986993715,16093,80.96,41.0430972696145,16093,81.5,16.0992984180727,16046.5
"2020-06-13",0.0379342345754788,0.166899113620942,0.023552360188141,0.0116666596505284,16.0082469908521,10.0139468172565,3.509301668033,2.48499850556254,0.0182439733607422,0.109081347328502,0.0003596844919815,7.53668293990421e-05,60,149,213,84.02,13.7775451260477,16093,82.94,20.4240162197281,16093,82.94,15.4542224337676,16093,81.5,36.5762148423198,16046.5
"2020-06-14",0.0685525056498591,0.303342137765139,0.0211090649255609,0.00919013064937527,21.9368018079549,18.2005282659084,2.38532433658838,1.35094920545816,0.0462151740520865,0.180248700446999,0.000176731828082758,5.64482380354519e-05,60,113,147,82.04,15.1062473496792,16093,78.08,62.5254598936207,16093,75.92,71.6717192611912,16093,82.94,27.6706738976309,16046.5
"2020-06-15",0.0540708496042018,0.288377864037951,0.0234446187003129,0.0100323015712373,22.9260402321815,17.3026718422771,3.446358948946,2.1770094409585,0.0332850307604163,0.172594817766087,0.000204631960179024,6.42659072314365e-05,60,147,217,80.06,12.360675045914,16093,72.5,95.0005655400479,12070,76.01,43.3154084791752,16093,87.53,21.9534187784635,16046.5
"2020-06-16",0.0399662381418857,0.1782271720469,0.0222944966730436,0.0109927687658856,16.2262926856056,10.693630322814,3.41105799097568,2.12160437181592,0.0212424032460296,0.121735061374749,0.000345379494587453,6.01316111137382e-05,60,153,193,80.06,10.8881363072906,16093,82.04,22.4772455884319,16093,80.06,18.7431914329805,16093,75.02,69.8829722348104,14046.5
"2020-06-17",0.0379043330385565,0.165643946671238,0.027122312539452,0.0121969467902606,17.3601845316589,9.93863680027425,4.66503775678575,2.75650997459888,0.0168852750323317,0.109570783533086,0.000510380441139835,7.21021347692741e-05,60,172,226,75.02,14.572160573799,16093,84.02,15.8585387909888,16093,80.96,22.0037443553779,16093,81.5,14.2720541918952,16046.5
"2020-06-18",0.0562050067216231,0.289695352129638,0.0226309876583639,0.0125336833790535,22.9878477491438,17.3817211277783,2.76098049432039,2.84514612704515,0.0343748901365378,0.171825552815579,0.000199568855032814,9.55051612353666e-05,60,122,227,78.98,10.5292447571771,16093,77,55.784017110645,16093,82.94,20.4240162197281,16093,75.344,69.4473462121233,11212.2
"2020-06-19",0.0327240542694226,0.169974201964214,0.0234965856586184,0.0118109119315463,17.4091968713328,10.1984521178529,3.28952199220657,3.92122276127338,0.0146390437801878,0.108359131209855,0.000512873734241432,6.48762781807235e-05,60,140,332,82.94,7.94772614684686,16093,75.02,79.44549937148,16093,77,55.784017110645,16093,78.08,52.8385345480392,16046.5
"2020-06-20",0.0452134332790131,0.167858902039006,0.0274826511067439,0.0109853845580604,16.0507688140497,10.0715341223404,4.56212008371949,1.41711460798979,0.0215358927192771,0.108954336647466,0.000495334779428893,6.12259651934821e-05,60,166,129,84.02,18.2170296775658,16093,80.96,64.8632903027591,16093,77,63.4412945444284,16093,75.32,62.8028326490222,11265
"2020-06-21",0.0404630609011118,0.16476477861094,0.0269438523007022,0.00933037330282897,16.1042982386425,9.88588671665639,4.68823030032218,1.53018122166395,0.0193573727573959,0.109811618784491,0.000465251806851179,4.71781054628087e-05,60,174,164,82.04,22.4772455884319,16093,84.92,30.0716664815649,16093,83.21,31.4398480398436,3420,84.47,42.4229417619026,16046.5
"2020-06-22",0.0358950687828017,0.166577515533815,0.0247211915117745,0.0112982955835168,16.475836571306,9.99465093202889,3.63401515223086,2.84717048704624,0.01687395629815,0.109270856912779,0.000475430675708602,6.53002225780582e-05,60,147,252,82.94,17.7840606131287,16093,84.92,23.7208028223099,16093,84.02,29.6684457344551,12875,84.47,39.7109386518959,16046.5
"2020-06-23",0.0394444891772986,0.169139022100717,0.0272805256148179,0.011488023218334,16.4877964761108,10.148341326043,3.84655411168933,2.49290103837848,0.0184586255641542,0.108679065512121,0.00049526637929535,7.47331517661152e-05,60,141,217,73.04,69.1875181660666,16093,78.98,44.747547990942,16093,79.565,22.03355593053,2716,85.46,40.5769752820642,16046.5
"2020-06-24",0.0370649882009671,0.165068917923297,0.0276013775305314,0.0111364892839144,16.8275046432391,9.90413507539779,4.25061213970184,2.67275742813945,0.0170561106062798,0.109755075862412,0.000500258266339952,6.73122608493555e-05,60,154,240,77,50.0237365680767,16093,84.92,30.0716664815649,16093,78.53,31.0145976610361,16093,85.46,35.8836348978008,16046.5
"2020-06-25",0.0462671857639315,0.184306292313461,0.0290268219891004,0.0108576460908621,17.3964618472382,11.0583775388077,4.64429151825607,1.69379279017448,0.0227980830345556,0.119933402782964,0.000482044921737953,6.53056394545871e-05,60,160,156,82.04,32.1093324150252,16093,87.98,22.0313557126625,16093,89.06,15.5829939240893,16093,87.08,30.3942077664674,16046.5
"2020-06-26",0.040671968832612,0.183845385474463,0.0273286672617426,0.0117047156990887,17.8143223486841,11.0307231284678,4.12662875652313,2.65697046369314,0.0197201789886204,0.119915431893549,0.000512640914042315,8.20056142819684e-05,60,151,227,77,34.140994877415,16093,87.53,31.073899517703,16093,80.96,11.1958037794429,16093,87.53,27.7039861858346,16046.5
"2020-06-27",0.0467856923891135,0.196989775340383,0.0274999568611383,0.012407126951586,18.1528486469761,11.819386520423,4.12499352917075,2.20846859738231,0.0245042720658282,0.13168408022258,0.000514018673236966,9.80857465213418e-05,60,150,178,84.02,33.0165083144976,16093,84.02,41.5585993496229,16093,87.98,13.5731583121317,16093,86.54,30.4720805597297,16046.5
"2020-06-28",0.0389357643448037,0.167164734238759,0.0281056074202998,0.0117914768782529,17.0928005473688,10.0298840543255,4.46879157982767,2.59412491321564,0.0175221104087461,0.10891599174208,0.00041947680113365,6.87451948305194e-05,60,159,220,84.92,23.7208028223099,16093,86,26.9173813252662,16093,84.92,16.5785862197174,16093,86.54,28.9664402329565,16046.5
"2020-06-29",0.0399447205621543,0.166879013832659,0.0255407954163447,0.0110801064850468,15.8979987837374,10.0127408299595,3.78003772161901,2.1052202321589,0.0192917605079274,0.108999459457382,0.000383753642568243,8.30825248232834e-05,60,148,190,86,19.0042591934819,16093,87.08,27.3829271129211,16093,89.06,10.8657971648381,16093,86,27.09687981594,16046.5
"2020-06-30",0.0468156074292899,0.1949414808924,0.0282584306881277,0.012948460738968,17.930377645418,11.696488853544,3.78662971220911,2.44725907966495,0.0247505030615884,0.132317727730365,0.000414644467848276,7.12592042111769e-05,60,134,189,86,16.607607860477,16093,84.92,37.8632779541689,16093,80.06,45.2283449433626,16093,86.54,25.5197372377906,16046.5
"2020-07-01",0.0485569116913003,0.204969575287153,0.0287999657398843,0.00973908559364431,18.0146142374724,12.2981745172292,4.06079516932368,1.65564455091953,0.0255577023389529,0.128966152173129,0.000406431161378815,6.71817984358356e-05,60,141,170,78.98,50.9092601398404,16093,87.08,24.122093150315,16093,87.08,17.0210470271074,16093,87.98,22.0313557126625,16062
"2020-07-02",0.044140685333828,0.166803446784616,0.0284715951746626,0.00784647398524814,15.5375212375075,10.0082068070769,4.47004044242203,1.0592739880085,0.0216845665559471,0.109091450355319,0.000321215396043563,4.20177982720412e-05,60,157,135,80.06,45.2283449433626,16093,86,21.2245212385942,16093,82.04,40.6646220143232,16093,78.0542857142857,58.8169649618565,7065.28571428571
"2020-07-03",0.0386176087285422,0.167106827969352,0.0283519879120625,0.0105429251873216,16.9145126231015,10.0264096781611,4.62137402966619,2.26672891527414,0.0176224391529868,0.108950858810544,0.000504661525798158,6.51565043372108e-05,60,163,215,84.92,27.0183610382602,16093,86,24.1801866281813,16093,84.02,33.0165083144976,14484,83.48,24.7426074891151,16046.5
"2020-07-04",0.0438344259543911,0.167315189323078,0.0316215294219975,0.00714318264250788,16.1310687512159,10.0389113593847,5.02782317809761,1.06433421373367,0.0208919092084004,0.109126201300893,0.000546998016167839,2.23155945059463e-05,60,159,149,76.055,56.6407626914924,16093,86,21.2245212385942,16093,84.92,23.7208028223099,16093,86.54,32.1490998039501,16046.5
"2020-07-05",0.0558636073927794,0.237365196055422,0.0293032913540418,0.00938076842576266,19.5522625874728,14.2419117633253,3.80942787602544,1.50092294812202,0.0322268627741379,0.148395715155864,0.000530985029281507,5.87924690413816e-05,60,130,160,77,55.784017110645,16093,84.92,30.0716664815649,16093,78.53,60.8847980997339,12874.5,88.52,18.7742636473433,16046.5
"2020-07-06",0.0466475663979848,0.18162040853252,0.0302566258399278,0.012574552030987,17.4928373992443,10.8972245119512,4.50823725014925,2.08737563714385,0.022857787040075,0.120755590021553,0.000536049394839044,0.000115668462949178,60,149,166,78.98,56.6093704940348,16093,82.94,33.2357815639769,16093,77,55.784017110645,16093,78.68,50.6735186251683,16062
"2020-07-07",0.0491065157679614,0.186629286936174,0.0273881287328781,0.0102695474322413,16.1069371718913,11.1977572161704,3.45090422034264,1.45827573537827,0.0260869577483635,0.119323000414893,0.000583962487972639,6.39668584467424e-05,60,126,142,78.53,67.5132222755481,15288.5,79.52,71.2857443229428,16093,75.92,71.6717192611912,16093,84.02,35.2374756832086,16046.5
"2020-07-08",0.0393419093452394,0.168097396163891,0.0289727600434652,0.0095412560747327,15.8941313754767,10.0858437698334,3.76645880565047,2.0418287999928,0.0191213934447823,0.108783492708666,0.000585189830425701,6.33853593914263e-05,60,130,214,77,70.5228046823306,16093,84.92,34.1230922399708,16093,78.98,64.1661084914688,16093,86.765,24.5783031888499,16069.75
"2020-07-09",0.03689583426662,0.166533878197273,0.0285069654213971,0.0110615954741718,16.9351879283786,9.99203269183636,4.13350998610258,2.80964525043964,0.0168870977349767,0.109388899826607,0.000534834300486459,6.02469564600668e-05,60,145,254,84.02,29.6684457344551,16093,84.92,27.0183610382602,16093,82.94,36.9800756303288,16093,87.53,24.5679288777584,16046.5
"2020-07-10",0.0402671237137507,0.182457815327992,0.0289789931471082,0.0106947177956844,17.7175344340503,10.9474689196795,4.28889098577201,2.48117452859879,0.0197062946149435,0.120548102477692,0.00060081087300121,6.73843120232261e-05,60,148,232,84.92,34.1230922399708,16093,86,30.5499533529919,16093,84.92,23.7208028223099,16093,89.96,20.4643890210216,16046.5
"2020-07-11",0.0347611628345807,0.137650474129866,0.0267608290697847,0.0114767712790792,15.2949116472155,8.25902844779193,4.68314508721232,2.35273811221123,0.0132561152390112,0.0846244493973245,0.000309152012122321,7.49150765291698e-05,60,175,205,78.98,71.1363215906362,16093,86,47.821077593303,16093,86,33.9039918414327,16093,80.51,57.2161451273372,16046.5
"2020-07-12",0.0436241703388626,0.165661469443391,0.0275401585429107,0.0120490409242801,15.9228221736848,9.93968816660345,4.10348362289369,1.8796503841877,0.0209670557269854,0.109414845755685,0.000507455069279798,8.8819484647507e-05,60,149,156,86,14.8249952095224,16093,84.02,46.9826055696364,16093,78.215,59.5327889860573,16093,79.52,57.2335078132188,16046.5
"2020-07-13",0.0423283343589766,0.170696300764879,0.0260981211939187,0.0119589419400954,15.9154537189752,10.2417780458927,3.49714823998511,2.17652743309736,0.0204432413398161,0.108249088889737,0.000550800549180446,7.95902867106989e-05,60,134,182,80.33,18.4209015126854,16093,84.92,48.3170613528031,16093,78.98,56.6093704940348,7912.33333333333,83.48,33.324260682392,16046.5
"2020-07-14",0.0568532373604356,0.222076362557709,0.0272316803475694,0.0103790168475388,18.136182717979,13.3245817534626,3.43119172379375,1.38040924072266,0.0322541765721448,0.138580085167499,0.000294143718103886,6.1339437596836e-05,60,126,133,85.55,30.7488580323287,16093,86,53.8228562032622,16093,84.092,39.956354241881,5632.8,85.46,38.3578568827957,16046.5
"2020-07-15",0.036434237894259,0.136361432882647,0.0255033358365123,0.0118720507071841,14.5372609198093,8.1816859729588,4.3610704280436,1.99450451880693,0.0145379834276281,0.0847375451568034,0.000303653365152228,8.42399123794018e-05,60,171,168,82.04,40.6646220143232,16093,84.02,33.0165083144976,16093,82.94,33.2357815639769,16093,86,22.7023539333878,16046.5
"2020-07-16",0.037284948936134,0.172213844613483,0.0217784908149512,0.00779151509231236,15.2122591659427,10.332830676809,3.37566607631743,1.50376241281629,0.0189054115474153,0.107846508005813,0.000172008319588302,3.94143524912465e-05,60,155,193,75.92,56.535170951326,16093,78.08,78.5472986993715,16093,75.02,69.8829722348104,16093,81.5,32.4156574141839,16046.5
"2020-07-17",0.0378271211811125,0.167351788375527,0.0260682348413645,0.0102875556405549,16.1521807443351,10.0411073025316,3.85809875652194,2.25297468528152,0.0180081386856574,0.108955201668153,0.000241554208858529,6.62546794265434e-05,60,148,219,80.564,43.2089527644275,7805,78.98,90.5925435084161,16093,84.92,21.2432855565838,16093,87.08,21.5675926517132,16046.5
"2020-07-18",0.0398470428386112,0.169019870832562,0.0281838066643104,0.00887729603993265,16.3372875638306,10.1411922499537,4.50940906628966,1.6866862475872,0.0188097561448769,0.108445015919007,0.000501449712296139,5.32692411880342e-05,60,160,190,87.98,12.1119347736675,16093,75.92,71.6717192611912,16093,80.06,45.2283449433626,16093,82.04,51.9632616878375,16046.5
"2020-07-19",0.0460494317575263,0.197605284008508,0.0290506691538862,0.0110831589942488,18.0513772489503,11.8563170405105,4.06709368154407,2.12796652689576,0.024319782294965,0.131566431488679,0.000560863247874148,8.01246722629759e-05,60,140,192,84.02,26.0520474674437,16093,82.94,29.1907206429839,16093,82.04,46.1187018279612,16093,84.92,42.8117219241587,16046.5
"2020-07-20",0.0434578376798891,0.181499585400646,0.0259772977297938,0.0137305894564272,17.3831350719556,10.8899751240388,3.87061736173928,2.62254258617759,0.0215407561640944,0.120892252539451,0.000536327952755794,0.000132065945998086,60,149,191,82.94,33.2357815639769,16093,82.94,46.5308166386138,16093,84.92,18.5684654442926,16093,83.03,49.06714180522,16046.5
"2020-07-21",0.0608077440521724,0.24769431737562,0.0288776243396569,0.0126581556994367,20.4314020015299,14.8616590425372,3.69633591547608,1.87340704351664,0.0360918559615125,0.15982083693246,0.000590823538628393,0.000116268520855794,60,128,148,80.06,39.7459042953725,16093,78.98,64.1661084914688,16093,80.96,36.061709509162,16093,84.02,31.3424770244764,16046.5
"2020-07-22",0.0405380032085131,0.164650383250167,0.0257962374077513,0.011042249600657,15.7692832481116,9.87902299501002,3.94682432338595,1.94343592971563,0.0197625114845206,0.109666637520299,0.000497993349595458,6.41432224488637e-05,60,153,176,84.92,21.2432855565838,16093,77,70.5228046823306,16093,81.05,28.1658985385127,16093,78.74,44.489314918033,9652.66666666667
"2020-07-23",0.0413817206749004,0.167751202840979,0.027681993593012,0.0104466704030832,16.0147259011865,10.0650721704587,4.06925305817276,1.88040067255497,0.0198980628706363,0.109040404223395,0.000499199988778283,9.15374750799948e-05,60,147,180,75.02,69.8829722348104,16093,77.36,82.3393339945376,15556.6666666667,80.06,63.2315733331169,16093,82.04,54.4797497942587,16046.5
"2020-07-24",0.0413136068692436,0.166481827634076,0.0266964889420518,0.0106851344462484,15.7404842171818,9.98890965804458,3.8709908965975,1.88058366253972,0.0202227095725202,0.109286715560719,0.000581232818480216,9.65941692220529e-05,60,145,176,75.47,70.7773457480008,16093,73.04,100,16093,74.66,64.9362114181072,13947.3333333333,78.98,60.3877394927518,16046.5
"2020-07-25",0.0411223350614811,0.182187534449622,0.0301787865460868,0.0116648029812559,18.3405614374205,10.9312520669773,4.73806948773563,2.6712398827076,0.0193797377441523,0.120564351130435,0.000514070211748131,8.33850959490394e-05,60,157,229,82.94,29.1907206429839,16093,75.956,92.1529928326679,8770.8,84.92,27.0183610382602,16093,86.54,28.9664402329565,16046.5
"2020-07-26",0.0451567310323615,0.18346404004842,0.0256810924534996,0.0111244984112586,16.617677019909,11.0078424029052,3.85216386802495,1.75767074897885,0.0233729592314034,0.120310538227655,0.000527239638763062,8.51676849668577e-05,60,150,158,82.94,33.2357815639769,16093,78.08,78.5472986993715,16093,83.48,26.1013373098608,16093,84.47,33.7650547667423,16046.5
"2020-07-27",0.044706645140396,0.195059470661605,0.0252455658790536,0.0127024362373411,17.614418185316,11.7035682396963,3.35766026191413,2.55318968370557,0.0242278864729321,0.132475516340778,0.000564799888494349,9.17114472637434e-05,60,133,201,80.96,28.2708990017333,16093,78.08,88.7076914378099,16093,75.515,69.6864562656552,15288.5,84.47,31.8928674584844,16046.5
"2020-07-28",0.0453745797853655,0.186567332657675,0.0245571779087186,0.010767641703229,16.1079758238047,11.1940399594605,3.09420441649854,1.8197314478457,0.0242386194493762,0.119277474557393,0.000621662759359438,7.29985357301192e-05,60,126,169,80.96,57.4055145968677,16093,79.025,62.3733650443834,16093,75.92,79.6585979164068,16093,86,28.7336673391291,16046.5
"2020-07-29",0.0390917299272016,0.18541550032484,0.0239208718314767,0.0109975708990681,16.8094438686967,11.1249300194904,2.99010897893459,2.69440487027168,0.0201656216605027,0.119530695603255,0.000594269137099647,7.48734869808155e-05,60,125,245,75.47,70.7773457480008,16093,73.94,90.0011310800958,16093,78.08,49.4395154168957,16093,86,24.5423793173382,16046.5
"2020-07-30",0.042397817030549,0.190296787365029,0.0235358232916412,0.00865049236619532,15.8991813864559,11.4178072419018,2.77722714841366,1.70414699614048,0.0230644261807468,0.11815945427312,0.000558215331210807,5.40250215213466e-05,60,118,197,78.08,34.6840899556774,16093,80.06,50.3009071349687,16093,78.08,62.5254598936207,12070,87.08,21.6654108145897,16046.5
"2020-07-31",0.0595576745713352,0.266947857104242,0.0281187863047443,0.0102726450848008,21.500320520252,16.0168714262545,3.76791736483574,1.71553172916174,0.0361882021349602,0.166832456418585,0.000417648801624347,6.23965389381073e-05,60,134,167,84.02,29.6684457344551,16093,79.916,52.8533081418015,8851.2,82.04,32.1093324150252,16093,87.53,24.7071414127918,16046.5
"2020-08-01",0.0424539580161699,0.1824104254134,0.0282194260154155,0.0105973155927782,17.4485767446458,10.944625524804,4.45866931043565,2.04528190940619,0.0209684498063506,0.120427159699419,0.000487387450886061,6.35100444530919e-05,60,158,193,84.92,27.0183610382602,16093,86,26.9173813252662,16093,89.06,22.4671022751483,16093,87.08,25.752510131618,16046.5
"2020-08-02",0.0418114289123979,0.184096954607715,0.0257774802126192,0.00902362500733518,16.5573258493096,11.0458172764629,3.81506707146764,1.69644150137901,0.0217824765049531,0.119915173442905,0.000463335815159361,3.26517891682368e-05,60,148,188,84.92,18.5684654442926,16093,78.98,56.6093704940348,16093,87.08,11.5461254907196,16093,83.93,45.2285695479334,16046.5
"2020-08-03",0.0425058608383533,0.185443943273276,0.0261971866834517,0.0104144583407201,17.087356057018,11.1266365963966,3.98197237588465,1.97874708473682,0.0214500346712244,0.119500936412267,0.000513928490385262,5.99302267688118e-05,60,152,190,89.06,13.9456197413247,16093,84.02,37.4584430519197,16093,82.94,29.1907206429839,16093,81.98,61.6266526925146,14452.6666666667
"2020-08-04",0.0403411382382425,0.168809871406605,0.0255587126611543,0.010277989608143,15.4909970834851,10.1285922843963,3.39930878393352,1.96309601515532,0.0200308626103607,0.108440037948935,0.000537810877881482,5.75082196641025e-05,60,133,191,87.98,12.1119347736675,16093,86,30.5499533529919,16093,87.08,21.6654108145897,16093,83.48,47.0762302456604,16046.5
"2020-08-05",0.051595150572184,0.222380612790585,0.0288015966930615,0.00712334800903734,18.8322299588472,13.3428367674351,4.40664429403841,1.08274889737368,0.0285658118405273,0.139252977673173,0.00030855860188861,3.28559897242559e-05,60,153,152,86,11.2021034354398,16093,78.08,70.8603360596274,16093,77,69.4397017257271,16093,82.49,58.9018536474458,16046.5
"2020-08-06",0.0537501539618716,0.217457725200802,0.0305566072387442,0.00874178715935954,18.7588037326932,13.0474635120481,4.46126465685666,1.25007556378841,0.0296904417046874,0.140387924563242,0.000442739293220205,6.30761539854526e-05,60,146,143,82.94,36.9800756303288,16093,75.47,97.5605398702522,16093,80.06,45.2283449433626,16093,72.5,100,13546.5
"2020-08-07",0.0422721595827006,0.168100163216392,0.0289873997346054,0.00863123298963396,15.9366041626781,10.0860097929835,4.43507215939462,1.41552221029997,0.0203946732829659,0.108847918338627,0.000501661514071292,4.63392190824736e-05,60,153,164,84.92,14.429328030733,16093,84.92,34.1230922399708,16093,83.93,35.5515839351498,16093,81.5,43.1586601301453,16046.5
"2020-08-08",0.0364183991961577,0.168563438688094,0.0278379693992582,0.0107753890775895,17.1530660213903,10.1138063212857,4.2592093180865,2.78005038201809,0.0164489910973637,0.108668650295847,0.000504456240424063,5.54220647539778e-05,60,153,258,79.79,45.8284425816923,13276.75,80.36,23.5135621806633,16093,78.98,44.747547990942,16093,86.54,25.5197372377906,16046.5
"2020-08-09",0.0472661194189922,0.199329284671694,0.029425316845606,0.0108343698507683,18.339254334569,11.9597570803016,4.47264816053212,1.90684909373522,0.0244818197990949,0.130848616477682,0.000486260391849159,6.62716289873583e-05,60,152,176,82.04,46.1187018279612,16093,78.98,66.968484953479,16093,84.02,29.6684457344551,16093,86,32.2269725972123,16046.5
"2020-08-10",0.0410170821896538,0.184467369224876,0.0249813061260374,0.0105075975880027,16.7759866155684,11.0680421534926,3.52236416377127,2.18558029830456,0.0211461879112091,0.119979134787474,0.000508505358960527,6.34585150868305e-05,60,141,208,84.02,33.0165083144976,16093,80.06,45.2283449433626,16093,78.68,56.4854315557508,16093,86,33.9039918414327,16046.5
"2020-08-11",0.0412981723747193,0.16622764528729,0.0291991795878857,0.0114060781335318,16.767057984136,9.97365871723741,4.67186873406172,2.12153053283691,0.0189210834938368,0.109307136767629,0.000460993467160319,7.86905655056536e-05,60,160,186,80.54,39.0594237800383,16093,77,75.2154713028777,16093,76.235,56.6574312870188,10058.25,86,32.2269725972123,16046.5
"2020-08-12",0.0453921347759621,0.171324129278461,0.0282568054733007,0.00929098054766656,15.7056786324829,10.2794477567077,4.1254935991019,1.30073727667332,0.0222144287358195,0.107890979769184,0.000789623429236137,5.07421600178186e-05,60,146,140,73.04,78.9611645544086,16093,78.44,55.2055924538102,16093,78.98,44.747547990942,16093,85.46,28.4945239034156,16046.5
"2020-08-13",0.0813798786878631,0.379404569122319,0.0195853074482822,0.0108363776691729,26.6112203309312,22.7642741473392,2.13479851186275,1.71214767172933,0.0586018870348107,0.212514367665733,0.000207781204511834,7.5230605128602e-05,60,109,158,82.94,33.2357815639769,16093,77,63.249372112468,16093,77,70.5228046823306,16093,84.92,42.8117219241587,16093
"2020-08-14",0.0552289571524376,0.217474307337155,0.0270854902165614,0.0127269198750928,18.556929603219,13.0484584402293,3.76488314010203,1.74358802288771,0.0307074861578902,0.140364315612205,0.000404375483670919,9.35339951236965e-05,60,139,137,77,63.4412945444284,16093,77,100,16093,77,50.0237365680767,16093,86.54,29.0130424958739,16046.5
"2020-08-15",0.0436461642234316,0.167680958751589,0.0280489040404753,0.0118492657096131,16.2363730911165,10.0608575250953,4.29148231819272,1.88403324782848,0.0205918219261255,0.108932155111328,0.000493923916100562,0.000104036279366455,60,153,159,77,70.5228046823306,16093,78.98,80.3504989423045,16093,82.04,23.8197271255623,16093,85.01,34.0041982024558,16046.5
"2020-08-16",0.0451607487606581,0.204188015839706,0.0270884609603472,0.0101648154782086,17.8836565092206,12.2512809503824,3.54858838580549,2.08378717303276,0.0241078370491784,0.129362225892149,0.000527724095254643,5.09197751180206e-05,60,131,205,82.04,32.1093324150252,16093,82.94,73.7229285605371,16093,82.94,41.9468890561436,16093,84.47,30.0174346763789,16046.5
"2020-08-17",0.0454470528162677,0.18595221315821,0.0244698368110939,0.0080058186181954,15.9973625913262,11.1571327894926,3.71941519528627,1.12081460654736,0.0244225530948018,0.119466968102266,0.000465213430645452,4.22353727417158e-05,60,152,140,87.08,14.8711271801486,16093,84.92,53.3777810944357,16093,82.04,46.1187018279612,16093,86,26.9173813252662,16046.5
"2020-08-18",0.04126869195776,0.169612941145897,0.0247956011697751,0.00907899314401353,15.310684716329,10.1767764687538,3.64495337195694,1.48895487561822,0.0207630951377713,0.108478462222813,0.000508209845404103,5.98724795725057e-05,60,147,164,87.08,17.0210470271074,16093,80.06,57.0267756578068,16093,80.96,57.4055145968677,16093,77.99,41.9552349522504,16046.5
"2020-08-19",0.0401468051822631,0.169018852214018,0.0234369694672782,0.00932775263456588,14.6134370863438,10.1411311328411,2.71868845820427,1.75361749529839,0.0211750324601767,0.108557134996626,0.000552449039943962,5.72166715291918e-05,60,116,188,82.94,26.150627152278,16093,82.94,46.5308166386138,16093,77,63.4412945444284,16093,86.54,27.3360232516535,16046.5
"2020-08-20",0.0428589834580512,0.166192090852807,0.0248588198599847,0.0104703613970843,15.2577981110662,9.97152545116842,3.77854061871767,1.50773204118013,0.0215677438680586,0.109426373942659,0.000514520901338068,6.80338995331923e-05,60,152,144,74.48,52.3918535099122,16093,80.96,57.4055145968677,16093,80.06,39.7459042953725,16093,80.96,48.709114236051,16046.5
"2020-08-21",0.0437912692032431,0.171344510062287,0.0252327042829803,0.010270657135716,15.1079878751189,10.2806706037372,3.20455344393849,1.62276382744312,0.0222313290110641,0.108041631475267,0.000530292258012818,5.63006013464492e-05,60,127,158,71.96,78.6561851828595,16093,79.04,66.3733528790398,16093,75.92,71.6717192611912,16093,84.32,50.2318892455263,12307.3333333333
"2020-08-22",0.0421965164945066,0.176415186313291,0.0217692824770455,0.0119012889543963,15.2329424545169,10.5849111787975,2.35108250752091,2.29694876819849,0.0213250574057713,0.106695680425973,0.000615553933432944,6.78710919572679e-05,60,108,193,78.98,40.1137651625862,16093,75.3028571428571,91.1753579665362,9828.28571428571,77,50.0237365680767,16093,86.54,34.1417488335413,16046.5
"2020-08-23",0.0393159998690381,0.171709443349391,0.0210769360183158,0.0111988195715173,15.3725559487939,10.3025666009635,2.90861717052758,2.16137217730284,0.019733846988426,0.107871868190559,0.000488288153002925,7.65338634600612e-05,60,138,193,77,50.0237365680767,16093,75.77,94.983459566236,6169,75.02,79.44549937148,14484,86,32.2269725972123,16046.5
"2020-08-24",0.0423880479213866,0.167907644466807,0.0284347080644345,0.0114100470461629,16.3193984497339,10.0744586680084,4.23677150160074,2.00816828012466,0.0199454504795004,0.108980266546055,0.000481059537909139,8.45977730044684e-05,60,149,176,78.53,74.8418101450038,16093,85.46,43.046233910022,16093,84.92,37.8632779541689,16093,83.93,59.7018663974018,16046.5
"2020-08-25",0.0408303149877934,0.169280788333466,0.024469588718093,0.00906463265419007,15.1480468604714,10.1568473000079,3.45021200925112,1.54098755121231,0.0207640961470164,0.108549397157555,0.000491783568379117,6.03437540188015e-05,60,141,170,77.24,78.3701415512799,11265,82.04,65.2098461531938,16093,84.92,34.1230922399708,16093,87.08,38.8147526317747,16046.5
"2020-08-26",0.0770548471439354,0.34258394658876,0.0239089026617316,0.0097207189051073,24.9657704746351,20.5550367953256,3.10815734602511,1.30257633328438,0.0538267853934185,0.205809824147066,0.000246441563249938,4.82292183460877e-05,60,130,134,87.08,17.0210470271074,16093,84.92,34.1230922399708,16093,86,30.5499533529919,16093,85.46,38.1027532970692,16046.5
"2020-08-27",0.0420936486555702,0.199343200555692,0.0267665011440994,0.0101177976979558,18.0581752732396,11.9605920333415,3.80084316246212,2.29674007743597,0.0223185125308779,0.13085862268356,0.000473153936856579,7.01260367668242e-05,60,142,227,84.92,27.0183610382602,16093,84.02,53.016209460032,16093,84.02,41.5585993496229,16093,84.02,40.011346834697,16046.5
"2020-08-28",0.0426556299831276,0.188101408723742,0.0251491656176802,0.00825570007005046,16.1664837636054,11.2860845234245,3.34483902715147,1.53556021302938,0.0227904410968589,0.118817394818,0.000499422645196328,4.5960906407681e-05,60,133,186,80.06,57.0267756578068,16093,84.92,53.3777810944357,16093,80.66,65.043122986721,12338,85.46,45.7989036243442,16046.5
"2020-08-29",0.0464366511865096,0.185069161901871,0.0289913667241732,0.0116734928110751,17.3673075437546,11.1041497141123,4.34870500862598,1.91445282101631,0.0229205317882776,0.119738270991073,0.000494775697592779,8.64997418638585e-05,60,150,164,78.08,56.2375536791828,16093,86,38.3422286399696,16093,84.02,41.5585993496229,16093,84.92,42.8117219241587,16046.5
"2020-08-30",0.0460269862359905,0.201333738366763,0.025575433542291,0.0107019206431384,17.3061468247324,12.0800243020058,3.17135375924408,2.05476876348257,0.0253363186326031,0.130183579280827,0.000559107075873531,6.72918805511781e-05,60,124,192,77,79.9081379234247,16093,86,47.821077593303,16093,78.08,70.8603360596274,16093,84.92,37.8632779541689,16046.5
"2020-08-31",0.0833088454479973,0.351502455181132,0.0206708486269539,0.0102771868308385,24.4928005617112,21.0901473108679,1.98440146818757,1.41825178265572,0.0587219372080784,0.199077127778157,0.000234110100317711,6.83947394190717e-05,60,96,138,78.98,56.6093704940348,16093,77,79.9081379234247,16093,75.92,71.6717192611912,16093,79.412,50.4550153976726,16074.4
"2020-09-01",0.0534879620202252,0.20918202996254,0.0233324481844902,0.00705292162795861,16.3138284161687,12.5509217977524,2.91655602306128,0.846350595355034,0.0310556716876251,0.127860825205181,0.000537253839660502,3.07775486045602e-05,60,125,120,78.98,56.6093704940348,16093,78.08,78.5472986993715,16093,75.92,79.6585979164068,16093,80.06,60.1291744954619,16046.5
"2020-09-02",0.0440307195983396,0.183665879288067,0.0257989946634524,0.00967528321648721,15.9831512141973,11.019952757284,3.250673327595,1.71252512931824,0.0236917613015246,0.11994543996048,0.000552348882749196,5.63641488513537e-05,60,126,177,80.96,45.6526982459674,16093,82.94,46.5308166386138,16093,80.96,64.8632903027591,16093,86,28.7336673391291,16046.5
"2020-09-03",0.0370831238391826,0.171549481122444,0.0250538378361835,0.01156655546962,16.9099044706672,10.2929688673466,3.7831295132637,2.8338060900569,0.0169949055868198,0.107981215958902,0.000501301743941513,8.34195219628298e-05,60,151,245,84.02,33.0165083144976,16093,86,30.5499533529919,16093,79.44,65.2861792914162,4381.11111111111,86.54,43.3179151125389,16046.5
"2020-09-04",0.0396996151690406,0.167867135101308,0.0270949351203859,0.013136282944402,17.1502337530255,10.0720281060785,4.25390481390059,2.82430083304644,0.0178322263831556,0.108859863394,0.000530026768662214,8.41520673167108e-05,60,157,215,84.02,29.6684457344551,16093,82.04,40.6646220143232,16093,87.98,25.0137646052018,16093,86.54,34.3682182032185,16046.5
"2020-09-05",0.0446768331643563,0.186131662782282,0.0275114659247372,0.00991525218985174,16.6644587703049,11.1678997669369,3.74155936576426,1.75499963760376,0.0230851510110928,0.11940378961179,0.000542321087050286,8.58959439315441e-05,60,136,177,82.94,33.2357815639769,16093,87.08,27.3829271129211,16093,84.02,29.6684457344551,16093,86.54,34.3682182032185,16046.5
"2020-09-06",0.0407474977124133,0.18486396142592,0.0264241925683128,0.0123674748908906,17.8066565003246,11.0918376855552,3.85793211497366,2.85688669979572,0.0197936200582067,0.119668546788606,0.000566836407344411,0.000109579265676866,60,146,231,84.02,13.7775451260477,16093,77,88.5625653608166,16093,84.92,30.0716664815649,16093,84.065,29.850865983273,16069.75
"2020-09-07",0.0468951665067826,0.184122119750828,0.0264667900882556,0.0106176988658856,16.3664131108671,11.0473271850497,3.7582841925323,1.56080173328519,0.024545380450015,0.119949899423938,0.000496838513413496,8.28810113225263e-05,60,142,147,78.08,30.233160629548,16093,78.98,71.1363215906362,16093,77.225,67.4504817448548,16093,75.08,80.0204880243171,13395.3333333333
"2020-09-08",0.0586175002556826,0.24983173563766,0.0204101665468331,0.0105281889035895,18.8748350823298,14.9899041382596,2.32675898633897,1.55817195773125,0.0377739155995643,0.15886901849792,0.000325376927124573,8.79920988973785e-05,60,114,148,82.04,25.1622086626926,16093,75.02,79.44549937148,16093,77,70.5228046823306,16093,81.5,43.1586601301453,16046.5
"2020-09-09",0.0414106433635763,0.170330953039229,0.025601374451071,0.0092764732738336,15.8188657648861,10.2198571823537,4.09621991217136,1.50278867036104,0.0201492615047492,0.108241802076069,0.000481987003220028,5.8809524086992e-05,60,160,162,80.06,24.2684710933061,16093,80.66,53.1573173193237,16093,78.53,67.5132222755481,8047,82.94,46.5308166386138,16046.5
"2020-09-10",0.0507106916289535,0.185870532753567,0.0257290148532347,0.00863852711128338,15.6188930217177,11.152231965214,3.49914602003992,0.967515036463737,0.0277119491052417,0.119483071902814,0.000551015550288473,4.02353135330504e-05,60,136,112,80.06,35.6236566381587,16093,77,79.9081379234247,16093,78.08,62.5254598936207,16093,82.94,44.2388528473787,16046.5
"2020-09-11",0.0507978411110979,0.225880193089445,0.026179299863248,0.00926938220233975,18.8967968933284,13.5528115853667,3.79599848017097,1.54798682779074,0.0280114434361029,0.137305244705688,0.000469276878073026,5.14429575947814e-05,60,145,167,75.92,79.6585979164068,6437,78.98,100,16093,78.08,70.8603360596274,16093,80.96,61.1344024498134,16046.5
"2020-09-12",0.0416561797572489,0.167798453507324,0.0275274831276964,0.010925453217978,15.9543168470263,10.0679072104394,3.90890260413289,1.97750703245401,0.0200773984990709,0.108987991882709,0.00051631600717198,6.93520445359404e-05,60,142,181,74.48,84.7233152257879,16093,80.96,64.8632903027591,16093,82.04,51.1516780408036,16093,83.48,39.7026660540316,16046.5
"2020-09-13",0.0429583417528914,0.182271724380553,0.0263109502636573,0.0106999790247198,16.4530448913574,10.9363034628332,3.47304543480277,2.04369599372149,0.022506480084883,0.120518965568759,0.000582657862134618,5.63065724402371e-05,60,132,191,78.98,56.6093704940348,16093,78.32,72.0737267422305,13947.3333333333,78.98,56.6093704940348,16093,76.46,79.7833679199158,10328
"2020-09-14",0.043459408846744,0.18451343641306,0.0260180284297376,0.0118646424932358,16.8187912236899,11.0708061847836,3.43437975272536,2.31360528618097,0.0222716721898422,0.119937321456747,0.000585363199234118,7.88518643114995e-05,60,132,195,75.92,79.6585979164068,16093,77,100,9656,78.98,64.1661084914688,16093,82.49,58.5725255921455,16046.5
"2020-09-15",0.0442858076640474,0.169118807154397,0.0241282733364238,0.0102235731269632,14.8357455674559,10.1471284292638,3.25731690041721,1.43130023777485,0.0228750175432798,0.108623150127747,0.000527922356236518,6.0897048719743e-05,60,135,140,75.92,79.6585979164068,16093,78.08,88.7076914378099,16093,78.08,70.8603360596274,16093,83.48,44.0447079941184,16046.5
"2020-09-16",0.0494967417131799,0.198895725499218,0.0266443918035789,0.0106402324535042,16.6309052156284,11.9337435299531,2.93088309839368,1.7662785872817,0.0282323927789396,0.131062254395176,0.000617252781890859,6.43505979126539e-05,60,110,166,75.35,81.2775034404395,7778.33333333333,78.98,80.3504989423045,16093,82.94,33.2357815639769,16093,82.94,41.9468890561436,16046.5
"2020-09-17",0.0404489418738312,0.181916824821383,0.0235220289023052,0.0137161562320578,17.1099024126306,10.915009489283,2.91673158388585,3.2781613394618,0.0204250461478557,0.120745741747854,0.00054235055884099,9.05208142928934e-05,60,124,239,78.305,54.9054802943472,15288.5,82.94,46.5308166386138,16093,82.04,51.1516780408036,16093,84.02,37.4584430519197,16046.5
"2020-09-18",0.0521928014850816,0.216165559614698,0.0244884535899026,0.00909557679007129,17.1714316885918,12.9699335768819,2.7916837092489,1.40981440246105,0.0316280125506288,0.140902212769318,0.000557283418883777,5.95429889533515e-05,60,114,155,73.94,71.0433607413602,16093,84.02,65.8906530595113,16093,80.06,57.0267756578068,16093,85.46,30.5202367826185,16046.5
"2020-09-19",0.045488434424003,0.182615714271863,0.0272640695016012,0.0129711853618594,17.0581629090011,10.9569428563118,3.84423379972577,2.25698625296354,0.0228932998574601,0.120514935048015,0.000537454695179396,0.000100712462013044,60,141,174,75.92,56.535170951326,16093,82.94,59.3372296365773,16093,82.04,28.7696053192058,16093,87.53,26.1983458590614,16046.5
"2020-09-20",0.0456098040176482,0.1856309791406,0.0257960600554943,0.010553280277365,16.1458706222475,11.137858748436,3.22450750693679,1.78350436687469,0.0243033181136073,0.119664087290686,0.000599460849140369,6.80592718736544e-05,60,125,169,71.06,31.0988597332371,16093,84.02,37.4584430519197,16093,80.06,50.3009071349687,16093,81.77,52.0464477294592,16069.75
"2020-09-21",0.0489757789681627,0.201224615580092,0.0279289041009309,0.0115696669791836,17.8761593233794,12.0734769348055,3.8821176700294,1.92056471854448,0.0259910974180446,0.130302185996993,0.000533791202031249,8.87381033042514e-05,60,139,166,66.02,44.5139477994901,16093,78.2,89.4605651140113,9387.83333333333,78.98,50.9092601398404,16093,84.92,35.9931850970698,16046.5
"2020-09-22",0.0391459419187613,0.16496321928377,0.0265596660154481,0.0104374092167769,16.0498361866921,9.89779315702617,4.11674823239446,2.03529479727149,0.018810351386332,0.109637366137248,0.000473940280120464,8.64627894721624e-05,60,155,195,66.02,44.5139477994901,16093,78.08,34.6840899556774,16093,77,20.2435621428186,16093,81.5,38.8810153304963,16046.5
"2020-09-23",0.0410547784752193,0.185093833040446,0.0291226879614436,0.00978535909308206,17.6946095228195,11.1056299824268,4.45577125810087,2.13320828229189,0.0200640994189269,0.119691304783171,0.00046215591598393,7.26012721230207e-05,60,153,218,69.98,40.2607295545486,16093,77,34.140994877415,16093,75.02,28.7290138419506,16093,82.04,17.3410120118045,16046.5
"2020-09-24",0.0397304503676983,0.181928023695946,0.027208234549367,0.0114127316795257,18.0773549173027,10.9156814217567,4.57098340429366,2.59069009125233,0.0190187932109738,0.120580890137518,0.00049047742603993,7.41935133837877e-05,60,168,227,75.02,14.572160573799,16093,78.98,23.7840678305502,16093,78.98,23.7840678305502,16093,82.94,17.9391193267478,16046.5
"2020-09-25",0.0427412404037944,0.204891933624943,0.0229299892187119,0.0138462794670071,18.6351808160543,12.2935160174966,2.86624865233898,3.47541614621878,0.0219280947356958,0.129237928952334,0.000434660448263746,9.43573907495322e-05,60,125,251,77.54,71.2167989085227,15288.5,80.06,80.5553581460374,16093,80.96,36.061709509162,16093,77,80.4170578686056,6514.5
"2020-09-26",0.0481217323288403,0.199225390019516,0.0272302138437698,0.00964195854765804,17.6125540323555,11.953523401171,4.19345293194056,1.46557769924402,0.0259665468948358,0.131049399265966,0.000461133256305533,8.67765647011861e-05,60,154,152,77,50.0237365680767,16093,78.89,76.5344732617321,16093,82.04,40.6646220143232,16093,81.5,54.2785963188356,16046.5
"2020-09-27",0.044613506839718,0.186830775843312,0.0260011687312486,0.00842081605420485,16.6408380512148,11.2098465505987,4.13418582826853,1.29680567234755,0.0230735361148834,0.119162556272883,0.000472453871104507,5.0750926624883e-05,60,159,154,77,39.1580452176118,16093,82.04,51.1516780408036,16093,82.94,41.9468890561436,16093,76.388,75.1450865499117,15074.4
"2020-09-28",0.0411351322907965,0.15380019787699,0.0231969680903213,0.0105699456209759,13.94480984658,9.22801187261939,3.24757553264499,1.46922244131565,0.0197604240791477,0.0966621514815873,0.000215380231901547,6.88883158075999e-05,60,140,139,73.04,69.1875181660666,16093,77,100,16093,75.056,74.7477769309357,26115.4,82.94,46.5308166386138,16046.5
"2020-09-29",0.0417909324217042,0.180996553087607,0.0230853064981012,0.0119833554319962,16.2566727120429,10.8597931852564,3.02417515125126,2.37270437553525,0.0221997880698092,0.121135636730799,0.000529106358076666,6.7415148305779e-05,60,131,198,75.02,79.44549937148,16093,80.06,63.2315733331169,16093,1831.82,100,16093,82.49,41.549388729145,16046.5
"2020-09-30",0.041320446645841,0.187378937626878,0.0219568405300379,0.0117704695978454,16.5281786583364,11.2427362576127,2.76656190678477,2.51888049393892,0.0216065343580982,0.119118869936104,0.000479853263619593,8.88197570627688e-05,60,126,214,60.08,54.3198961656169,16093,76.19,92.2617210807086,5129.75,78.08,70.8603360596274,16093,85.01,27.1205147765459,16046.5
