"","MEAN_ALL","MEAN_0","MEAN_1","MEAN_2","SUM_ALL","SUM_0","SUM_1","SUM_2","VAR_ALL","VAR_0","VAR_1","VAR_2","NTP_0","NTP_1","NTP_2","CRESCENT TMP","CRESCENT HUMIDITY","CRESCENT VIS","LEMOORE TMP","LEMOORE HUMIDITY","LEMOORE VIS","HANFORD TMP","HANFORD HUMIDITY","HANFORD VIS","PASOROBLES TMP","PASOROBLES HUMIDITY","PASOROBLES VIS"
"2020-03-01",0.0403919347856787,0.250509612013896,0.0245921658397009,0.00841759073815934,22.5790915451944,15.0305767208338,5.09057832881808,2.45793649554253,0.0223723115507012,0.159663798865859,0.000253411599053798,4.19722452596358e-05,60,207,292,48.92,14.6204579085175,16093,73.94,0.09606315697304,16093,73.94,0.841149753804504,12875,59,14.0256679101483,16093
"2020-03-02",0.0334941781694227,0.200862663534159,0.02313130894106,0.00850176414732381,19.7615651199594,12.0517598120496,5.06575665809214,2.64404864981771,0.0165681041711294,0.132091049057513,0.000238607534159919,4.74747308841908e-05,60,219,311,48.92,22.3252942185556,12875,53.96,2.43379394528183,16093,57.02,2.40150550530141,9656,50,7.72043970406395,16093
"2020-03-03",0.0290527931227217,0.178119836328551,0.0231699609254696,0.0101065085166031,20.3660079790279,10.6871901797131,5.67664042674005,4.00217737257481,0.0126191670951748,0.123147658181461,0.000264434373751318,4.88516989169925e-05,60,245,396,51.08,28.4414541320232,16093,62.96,0.0181399592354498,16093,64.04,0.298709387147703,16093,64.04,0.0447779585546887,16093
"2020-03-04",0.0313264669534779,0.1858503437407,0.023303536525755,0.00947580134523088,19.4537359781098,11.151020624442,5.03356388956308,3.26915146410465,0.0156408063351853,0.135937681533311,0.000233645970123819,4.49446660005704e-05,60,216,345,51.08,41.4052833116946,16093,69.98,0.0678315448394325,16093,69.98,0.363216814873493,16093,75.92,0.0741144981097077,16093
"2020-03-05",0.038535434234105,0.211899809461708,0.0233697633639045,0.00879001936291235,19.9998903675005,12.7139885677025,5.2114572301507,2.07444456964731,0.0204311971966984,0.143377986238115,0.000221716745755429,4.86196470243417e-05,60,223,236,51.08,41.4052833116946,11265,75.92,0.334101019212437,16093,78.08,0.206912874374607,16093,69.98,0.718680485817677,16093
"2020-03-06",0.0334865561768207,0.181826507874454,0.0240857089904458,0.00979086714131491,19.4556891387329,10.9095904724672,5.80465586669743,2.74144279956818,0.0150753127141444,0.121577736274506,0.000241639181594731,4.94712027165708e-05,60,241,280,48.02,39.1030522082788,16093,78.08,0.206912874374607,16093,78.08,0.505502876644294,16093,62.96,7.91554816891749,16093
"2020-03-07",0.0454008751923917,0.262696019668753,0.0241553037532885,0.00993397410928717,23.1090454729274,15.7617611801252,4.90352666191757,2.44375763088465,0.0262026451145983,0.169736823690757,0.000246758103896311,5.1112435926419e-05,60,203,246,45.98,83.7189545015856,2816.33333333333,77,0.474495446538125,16093,73.04,2.55456276854304,6437,57.92,7.67811682331027,16093
"2020-03-08",0.0364899752183562,0.21357605404531,0.0232381945855527,0.00986059080986749,20.6168359983712,12.8145632427186,4.90325905755162,2.89901369810104,0.0188312192462842,0.14280806056591,0.000241298181752145,5.92306157110616e-05,60,211,294,48.02,13.5030377634171,16093,62.06,1.76765744600367,16093,60.08,10.1162548989659,16093,55.94,8.67958784075894,16093
"2020-03-09",0.0412682239417676,0.24957907347319,0.0248000333132931,0.0104201658815146,22.9864007355645,14.9747444083914,4.88560656271875,3.12604976445436,0.022445953671748,0.160363279834422,0.000304402458624862,5.46547992850506e-05,60,197,300,50,14.7044192430591,16093,64.04,0.298709387147703,16093,62.96,2.40651625168235,16093,55.04,2.03629607166822,16093
"2020-03-10",0.0345398119726461,0.213399595037724,0.0227633386028108,0.00925255373027466,20.8275066195056,12.8039757022634,5.053461169824,2.97006974741817,0.0177118671752855,0.142991665074301,0.000243827953259364,5.20324299474112e-05,60,222,321,51.98,24.4624925091318,16093,66.02,1.0032233762309,16093,66.02,1.0032233762309,16093,62.96,0.973330235839426,16093
"2020-03-11",0.033965216986835,0.18476168505537,0.0215011863658826,0.00874819089384639,17.8317389180884,11.0857011033222,4.51524913683534,2.23078867793083,0.0166616020588675,0.120526240697793,0.000230667137067761,4.83044621544568e-05,60,210,255,51.98,24.4624925091318,16093,59,24.2145406891303,16093,62.06,18.7505491566826,9656,54.41,60.8637172742001,16093
"2020-03-12",0.0359623194713231,0.213976940295349,0.0233529803330359,0.00846429176939031,20.3906351402402,12.8386164177209,5.11430269293487,2.43771602958441,0.0187576606968594,0.142392220428519,0.000227009405915068,4.2738066782598e-05,60,219,288,51.08,33.8058517205834,11265,69.08,7.28715300943117,16093,69.98,5.38047362366017,16093,64.04,11.8261553591139,16093
"2020-03-13",0.0401884282057535,0.216293486114591,0.0241026327872247,0.00752115820956337,19.571764536202,12.9776091668755,4.91693708859384,1.67721828073263,0.021715084997163,0.141453865813691,0.000234544960656727,3.87431137901802e-05,60,204,223,51.08,19.191050413792,9656,71.96,2.92388287168121,16093,69.98,7.57540994157676,16093,69.98,6.49512772299169,16093
"2020-03-14",0.053841285792918,0.290141472779214,0.023973858745938,0.00901041112503215,23.4209593199193,17.4084883667529,4.21939913928509,1.7930718138814,0.0325922905580672,0.172529536837168,0.000254565676550311,7.091390370108e-05,60,176,199,48.02,30.5016753905062,16093,64.94,2.76270160214856,16093,69.08,1.96576254309798,16093,53.96,37.039311490205,16093
"2020-03-15",0.0396407671847474,0.220908035493145,0.0259965634136235,0.00998881820808438,21.3267327453941,13.2544821295887,5.35529206320643,2.71695855259895,0.0197236056457387,0.140185323719571,0.000264787128043784,6.41653694561608e-05,60,206,272,46.34,15.0398878217324,16093,62.96,1.55017928540817,16093,60.98,15.0286064958272,16093,54.68,17.7206059807523,16093
"2020-03-16",0.0360758982468128,0.204763808147982,0.0255518997181207,0.00899321281325978,20.0581994252279,12.2858284888789,5.11037994362414,2.6619909927249,0.0174725568737503,0.130130335638011,0.00029437711891692,4.88236682094941e-05,60,200,296,44.96,19.435823083285,16093,57.92,7.67811682331027,16093,59,8.09103819265754,16093,50,46.8427317033427,16093
"2020-03-17",0.0407703211750515,0.212566239472168,0.0245405206876119,0.0103573962605955,19.8959167334251,12.7539743683301,4.68723945133388,2.45470291376114,0.0216280920196915,0.142815729725844,0.000273262072476808,6.13554406133424e-05,60,191,237,48.92,17.7751295002646,16093,44.96,57.2468242617475,16093,42.98,53.7702108204089,16093,48.02,32.6612450261502,16093
"2020-03-18",0.037440297360256,0.20823993239707,0.0237920255001102,0.00973572280300435,20.2177605745383,12.4943959438242,5.16286953352392,2.56049509719014,0.0196523404640662,0.14472729198603,0.000222381344893681,4.97340440602999e-05,60,217,263,46.04,51.3705556669151,16093,51.98,13.1904479742794,16093,57.02,3.79433313191743,16093,53.06,5.63367388172045,16093
"2020-03-19",0.0317715488313659,0.180863502776871,0.0242372549290204,0.00939618290120567,19.5395025312901,10.8518101666123,5.67151765339077,3.01617471128702,0.0143245326859943,0.12220897207919,0.00025381250386704,5.65522352771305e-05,60,234,321,51.08,19.191050413792,16093,57.92,3.29766469590153,16093,60.08,0.69164918086096,16093,53.96,9.51239059161991,16093
"2020-03-20",0.0318016241435794,0.179902264755219,0.0228212295411938,0.00887348052374153,18.5085452515632,10.7941358853132,5.04349172860384,2.6709176376462,0.0151086606396449,0.122445588143099,0.000225262646383668,4.06587953729804e-05,60,221,301,51.08,28.4414541320232,16093,55.94,10.4292914852439,16093,55.04,21.7603782812699,16093,53.96,11.9067741065057,16093
"2020-03-21",0.0304839459117151,0.195548257340367,0.0254289755365879,0.00855919568981957,21.0644066249952,11.732895440422,5.92495130002499,3.40655988454819,0.0141565337548546,0.133272702926222,0.000247853198837814,3.87229143952024e-05,60,233,398,53.06,29.8672840178391,16093,60.98,3.21008812812605,16093,64.04,2.59793959935604,16093,59,9.64933597574758,16093
"2020-03-22",0.0344300614396474,0.201197158917785,0.0224150707075993,0.00959110588190101,19.9350055735558,12.0718295350671,5.04339090920985,2.8197851292789,0.0168338689584259,0.13176282984702,0.00025643603928676,5.45408325002695e-05,60,225,294,51.98,35.6412799323956,14484,57.92,16.4893901566226,16093,60.98,18.1658696976157,16093,59,14.0256679101483,16093
"2020-03-23",0.0346310598212255,0.203464328420038,0.0243218985807924,0.0100352272114518,20.6054805936292,12.2078597052023,5.15624249912798,3.24137838929892,0.0163083734033384,0.130373739807108,0.000241929635131415,4.92673258767135e-05,60,212,323,49.46,37.6880543748645,16093,64.94,4.1140775880655,16093,66.02,3.5478975794745,16093,57.02,45.4128823730606,6437
"2020-03-24",0.0355576049756132,0.213479180308059,0.0247831852155647,0.0103347570351932,22.0101574799046,12.8087508184835,5.87361489608884,3.32779176533222,0.0171973551426688,0.14284448676292,0.000210499753971554,5.83516250098119e-05,60,237,322,48.62,45.6587125028094,16093,64.04,8.31135446660018,16093,64.04,9.77126636036052,16093,57.92,28.4306181193358,16093
"2020-03-25",0.0337079475108814,0.185583800325791,0.024103400610688,0.00967092264829011,19.314653923735,11.1350280195475,5.37505833618343,2.80456756800413,0.01529002973601,0.120313599163855,0.000257419068491853,6.2782729344271e-05,60,223,290,46.67,41.2037980557314,16093,60.08,6.89229402841246,16093,57.92,23.5503439261063,16093,55.94,12.9252936734404,16093
"2020-03-26",0.0290510668036665,0.163038246907915,0.0234604387300638,0.00959789982542049,18.7379380883649,9.78229481447488,5.65396573394537,3.30167753994465,0.0122054617235813,0.111201128655787,0.000270231212113692,5.75232516035893e-05,60,241,344,48.92,11.4951960753526,16093,50,34.168248096417,16093,48.02,48.2611022975272,9656,55.04,4.06947633390322,16093
"2020-03-27",0.0271809371925964,0.161703851337855,0.0231070523038506,0.00941543687388338,19.2169225951657,9.7022310802713,5.77676307596266,3.7379284389317,0.0111806145960457,0.111798375762511,0.0002445814835558,5.37287461114171e-05,60,250,397,50,9.49698766566393,16093,57.02,1.4783626216995,16093,55.94,0.441350815044787,16093,48.02,15.3334600680842,16093
"2020-03-28",0.0329187000500403,0.210064332714925,0.0236341254039027,0.00897468366152183,21.3642363324761,12.6038599628955,5.60128772072494,3.15908864885569,0.0164932201627402,0.144254220315255,0.000230374537869319,4.89098949010356e-05,60,237,352,51.08,23.0079875018792,16093,60.98,1.30497546747135,16093,60.98,1.61613413459622,16093,57.92,7.67811682331027,16093
"2020-03-29",0.0462160170236887,0.250957988062874,0.024227589307075,0.00794591174422321,21.1669357968494,15.0574792837724,4.38519366458058,1.72426284849644,0.0270914337429154,0.159438996597601,0.000248492453655346,4.01343833939469e-05,60,181,217,51.44,56.7482303636895,16093,60.98,3.21008812812605,8047,62.06,3.4477153157788,16093,60.98,4.03492379863716,16093
"2020-03-30",0.0492904951434769,0.266833551010738,0.0257798577100038,0.00938771924536143,22.6243372708559,16.0100130606443,4.51147509925067,2.10284911096096,0.02896079782893,0.168065485558814,0.000260845551929597,4.44154176129302e-05,60,175,224,51.08,59.2373963293759,16093,60.98,6.03945192477744,16093,62.06,12.8855432504603,16093,57.02,26.9781190583781,16093
"2020-03-31",0.0339607318084348,0.179413904218624,0.0240575447596148,0.00938092093124535,18.6784024946392,10.7648342531174,5.43700511567295,2.47656312584877,0.0159134245705676,0.122438917889723,0.000228370416292728,3.85111384067447e-05,60,226,264,51.404,74.017619059796,13196.4,68,2.2694943157987,16093,69.08,4.22706749127887,16093,68,4.87045765782592,16093
"2020-04-01",0.0361725993715164,0.213297857856378,0.0254615292103435,0.00959535142587077,21.4503514273092,12.7978714713827,5.6779210139066,2.97455894201994,0.017940767090401,0.142654193937706,0.000275562545926061,5.24520985535246e-05,60,223,310,51.08,10.0326331118865,16093,73.04,2.55456276854304,16093,73.04,4.42526131708667,16093,73.94,3.96270109407876,16093
"2020-04-02",0.0308962569985175,0.197271287317077,0.0235360379628373,0.00834491350534526,20.5460109040141,11.8362772390246,5.6721851490438,3.03754851594567,0.0146962823938062,0.13272420675227,0.000233937703197202,3.42881622661322e-05,60,241,364,50,12.0877748278715,16093,68,0.592040008738762,16093,69.08,0.185593899388431,16093,66.92,0.687191631417176,16093
"2020-04-03",0.0294153211098022,0.179300269841527,0.0225592847058519,0.00855998196068652,19.2670353269204,10.7580161904916,5.50446546822786,3.00455366820097,0.0134791450866031,0.122606403209164,0.0002297441566799,3.91153240975382e-05,60,244,351,50,14.7044192430591,16093,66.02,0.00710177366303035,16093,66.92,0.0796879407244794,16093,66.92,0.335151019545807,16093
"2020-04-04",0.033902531492739,0.210698953115692,0.0228691904124718,0.00903695479406746,20.9856669940054,12.6419371869415,5.44286731816828,2.90086248889565,0.0172603032368575,0.143900603465689,0.000255004087057216,4.19725016320202e-05,60,238,321,50,9.49698766566393,16093,68,0.0898865158234765,16093,69.08,0.0304659576488824,16093,66.92,0.144501969657201,16093
"2020-04-05",0.0385189960664249,0.171072005837535,0.0230849371210002,0.0105508039264302,16.2164973439649,10.2643203502521,3.94752424769104,2.00465274602175,0.0183623996518112,0.108765183945447,0.000219158486989797,7.52980826050821e-05,60,171,190,51.44,59.4365202898536,12552.8,69.08,0.410248325874609,16093,68,1.19228053032207,16093,60.08,10.1162548989659,16093
"2020-04-06",0.0397921275695352,0.252925456338562,0.0262716130832326,0.0109174923971295,23.7559001590125,15.1755273803137,4.65007551573217,3.93029726296663,0.0209191040374095,0.158251454554614,0.000278581067489777,6.64806859720533e-05,60,177,360,51.98,24.4624925091318,16093,60.08,10.1162548989659,16093,57.92,39.6824748700072,14484,51.9542857142857,74.2923567539501,4425.57142857143
"2020-04-07",0.0357415347430543,0.184916433598846,0.0215533270022354,0.00981663515577551,17.4776104893535,11.0949860159308,3.98736549541354,2.39525897800922,0.0178758755514955,0.120837675023183,0.000234736088155785,5.92181246351921e-05,60,185,244,53.96,30.4758224869042,16093,62.96,0.593813039910379,16093,60.08,8.22354825152122,16093,53.96,6.19358138257039,16093
"2020-04-08",0.0353551510855021,0.188040685808907,0.0214471604259124,0.00867682054512581,17.7482858449221,11.2824411485344,4.41811504773796,2.04772964864969,0.0174535673811084,0.120058858411168,0.000209866701802035,4.74616565898305e-05,60,206,236,55.04,29.8461899487103,13277.25,64.04,1.62703826978773,16093,64.94,2.76270160214856,16093,60.08,2.37153699817601,16093
"2020-04-09",0.0357807241895768,0.21410185736604,0.0230462898147627,0.00831142313727716,20.037205546163,12.8461114419624,4.74753570184112,2.44355840235949,0.0190483049080023,0.142748391627334,0.000230768983274197,5.2513890709818e-05,60,206,294,56.12,26.8767407534402,10729,57.92,23.5503439261063,16093,54.86,36.9528826739309,16093,51.08,41.4052833116946,16093
"2020-04-10",0.0390705891005171,0.19844210279795,0.0236747163329639,0.00774603896751637,18.3241062881425,11.906526167877,4.82964213192463,1.58793798834085,0.020554442447078,0.132107313660626,0.000212169927860912,4.22253164066758e-05,60,204,205,55.04,36.6010675565523,16093,60.08,8.22354825152122,16093,60.98,12.7973732889198,16093,55.04,25.6861031779718,16093
"2020-04-11",0.0383298968560994,0.215646347527703,0.0216700776585752,0.00822021345782087,19.1649484280497,12.9387808516622,4.20399506576359,2.02217251062393,0.0212333551936053,0.142009909088012,0.000230677428040898,3.67548446712381e-05,60,194,246,53.66,38.9592695382492,16093,66.92,3.14001066774786,16093,68,3.98194637804499,16093,64.94,12.5957412880947,16093
"2020-04-12",0.0351351283454005,0.182354904136931,0.0279190506589176,0.00868241910767907,19.6405367450789,10.9412942482159,6.3376244995743,2.3616179972887,0.0156486293743763,0.121333109486957,0.000258483473868749,4.53637082480286e-05,60,227,272,53.33,22.5954022351772,12875,69.98,5.38047362366017,16093,69.08,16.1475808129025,16093,64.04,16.5785575230192,16093
"2020-04-13",0.0366819477120799,0.19991119261831,0.0258526005292017,0.00840139351641349,20.0650253985077,11.9946715570986,5.89439292065799,2.17596092075109,0.0176904612619989,0.13148898803205,0.000263822714672169,3.38853716414594e-05,60,228,259,55.04,12.0237911101201,16093,69.08,10.1738199230952,16093,71.96,13.3129083775384,16093,53.96,37.039311490205,16093
"2020-04-14",0.0302237260474072,0.166012000571936,0.024445680380499,0.0080548446941999,18.1946830805391,9.96072003431618,5.76918056979775,2.46478247642517,0.0130311697760682,0.110288595104144,0.000209695279771714,3.55888725203632e-05,60,236,306,57.02,7.33376856338972,16093,73.04,4.42526131708667,16093,71.96,7.07646903730758,16093,60.98,21.8498984727258,16093
"2020-04-15",0.0325224062624472,0.177408249831448,0.023973542064227,0.00799062733777163,18.180025100708,10.6444949898869,5.32212633825839,2.21340377256274,0.0157179441928812,0.123226514916925,0.000219063562953943,3.4042258955222e-05,60,222,277,55.04,10.0107909408954,16093,75.92,0.166799861819413,16093,77,0.182155576904333,16093,75.02,1.37100874938963,16093
"2020-04-16",0.031401432085092,0.192218324138472,0.0231633142921729,0.00891691757099969,19.6572964852676,11.5330994483083,5.00327588710934,3.12092114984989,0.0155982950391568,0.134538152264259,0.000241053024229169,4.59306007235751e-05,60,216,350,51.98,35.6412799323956,16093,80.06,0.0995295208563835,16093,80.06,0.124853937181336,16093,75.92,0.824074042488059,16093
"2020-04-17",0.0308635145156162,0.162604388889546,0.0244792381574104,0.00939259763996479,18.5489722238854,9.75626333337277,6.02189258672297,2.77081630378962,0.0130313471884494,0.111213094652632,0.00022257240694798,5.21912235057608e-05,60,246,295,53.06,50.1207110227382,16093,82.94,0.358867607366223,16093,78.98,3.56001223633226,16093,59,20.0490678912634,16093
"2020-04-18",0.0355457244158694,0.227858225566645,0.0237759657335192,0.0105550502548399,22.2871692087501,13.6714935339987,4.73141718097031,3.88425849378109,0.0184842176276918,0.152990210147125,0.000238355711497327,5.73900986624904e-05,60,199,368,53.06,50.1207110227382,16093,64.94,10.4555148272106,16093,62.96,31.5342191304367,16093,60.98,12.7973732889198,16093
"2020-04-19",0.0366889923235292,0.213832673120002,0.0236120042869839,0.00959506357623631,20.655902678147,12.8299603872001,5.05296891741455,2.7729733735323,0.0188889702055989,0.142704742280251,0.000241978140588214,4.49377315541128e-05,60,214,289,53.51,39.9192485622713,16093,69.08,4.22706749127887,16093,64.94,20.2931667892232,16093,60.98,10.496677019575,16093
"2020-04-20",0.0336658389215874,0.198288855468854,0.023654713320571,0.00789172744209117,19.4925207355991,11.8973313281313,5.25134635716677,2.34384305030107,0.016808000492267,0.132289637053138,0.000236360821176439,4.0904543381201e-05,60,222,297,53.96,21.0591420654228,16093,75.92,1.79499733366321,16093,73.94,2.69630147121672,16093,62.96,16.530299337062,16093
"2020-04-21",0.0366814035038266,0.212133212309952,0.0245421562453865,0.00876130522602665,20.945081400685,12.7279927385971,5.81649103015661,2.4005976319313,0.018630707797014,0.14328900822224,0.000245537326429547,4.39140889778358e-05,60,237,274,53.06,35.2289413545074,16093,64.94,3.44074488680217,16093,66.02,10.8924466757483,16093,62.06,12.8855432504603,16093
"2020-04-22",0.0290163691068346,0.165282968866328,0.0243030786004965,0.00821220905923131,18.8896562885493,9.9169781319797,6.22158812172711,2.75109003484249,0.0121238800455657,0.110830158349951,0.000248992110363055,3.96858638101941e-05,60,256,335,55.04,21.7603782812699,16093,73.94,1.56625926427741,16093,73.04,3.66118720533411,16093,73.04,5.16650764651254,16093
"2020-04-23",0.031810318930871,0.176347466216733,0.0234319532392632,0.00860440328212107,18.2273127473891,10.580847973004,5.10816580615938,2.53829896822572,0.0152963946174627,0.122901873970121,0.000274037729480816,3.82211586943002e-05,60,218,295,53.96,100,3218.33333333333,82.94,0.643193070176767,16093,82.04,1.79958113010908,16093,78.08,1.63988188785007,16093
"2020-04-24",0.038763787587012,0.226863348515083,0.0231897041538552,0.0093151147363426,20.8161539342254,13.611800910905,4.61475112661719,2.58960189670324,0.0215358519598374,0.153738267844297,0.0002465947533962,4.18417683899847e-05,60,199,278,51.53,77.6996988738238,603.5,82.94,0.792438964084303,16093,84.02,0.701955963247512,16093,80.06,2.2507679116928,16093
"2020-04-25",0.03465267829597,0.211845903750509,0.0229241898632608,0.00948157100557531,20.8609123341739,12.7107542250305,5.13501852937043,3.01513957977295,0.0177240508277455,0.143554726182494,0.000239218883888131,4.08225860859214e-05,60,224,318,56.66,57.3435833702416,16093,87.08,0.27211371275166,16093,86,1.6355589465451,16093,89.06,0.481138703596614,16093
"2020-04-26",0.0356342688414449,0.219205215293914,0.0226359307480771,0.00903938382338637,20.7035101968795,13.1523129176348,4.73090952634811,2.82028775289655,0.0184053019308996,0.141148554551839,0.000264410377586748,4.63977572819614e-05,60,209,312,55.04,84.5133859198881,805,89.06,0.219265743131478,16093,89.06,2.25058243702016,16093,89.06,0.588847169083238,16093
"2020-04-27",0.0508376045114359,0.26656149054567,0.0238590032114821,0.0104008682145931,22.3177083805203,15.9936894327402,4.22304356843233,2.1009753793478,0.0301893352810568,0.168127166863684,0.000239105728348573,4.98057690879059e-05,60,177,202,53.96,37.039311490205,16093,87.98,0.0801906122314334,16093,89.06,0.219265743131478,16093,84.92,0.186464141530672,16093
"2020-04-28",0.0302590135918948,0.179948931622008,0.0226857125256132,0.00787109231744601,18.700070399791,10.7969358973205,5.37651386857033,2.52662063390017,0.0142595803264187,0.122299309741894,0.000220961387645308,3.57693492308419e-05,60,237,321,57.47,79.6713274979508,11265,86,0.12917474455851,16093,86,0.253882667389572,16093,82.94,0.643193070176767,16093
"2020-04-29",0.0391756935769485,0.230681574375679,0.023161785215849,0.00907409323586358,21.1548745315522,13.8408944625407,4.86397489532828,2.45000517368317,0.0213827729866583,0.151884002995866,0.000245742239564007,5.13976754980398e-05,60,210,270,56.48,58.9469331092352,16093,89.06,0.841351006577664,16093,87.08,4.38692289456586,16093,91.94,0.880219182284532,16093
"2020-04-30",0.0376870112822336,0.214858124839763,0.0248259231628139,0.00892159044204635,20.5017341375351,12.8914874903858,5.13896609470248,2.47128055244684,0.0194977006888301,0.142075753678082,0.000220355521240368,4.55423784773823e-05,60,207,277,57.02,74.0118672339118,16093,84.02,2.02587149119124,16093,87.08,2.76418064394236,14484,75.92,3.12061516287109,16093
"2020-05-01",0.0384561815054895,0.231745649781078,0.022513418010313,0.00921240130777461,21.2662683725357,13.9047389868647,4.77284461818635,2.58868476748466,0.0209052994209445,0.151553937957731,0.000239124826799275,4.19402085968953e-05,60,212,281,55.94,22.3164577968183,16093,87.08,0.0142966945852599,16093,86,0.0807440277415773,16093,80.96,0.145835587358163,16093
"2020-05-02",0.0325884168387532,0.212979323913654,0.0224024543255967,0.00852701170763499,20.8239983599633,12.7787594348192,5.01814976893365,3.02708915621042,0.0167618935730405,0.143154016080245,0.000236544633685776,3.96338864458708e-05,60,224,355,60.08,28.9134230894815,16093,82.94,0.0170386584997384,16093,82.04,0.078283424271862,16093,80.96,0.0390998653400076,16093
"2020-05-03",0.0345489479646499,0.200525675962369,0.0248407410019966,0.00846282580861221,19.9692919235677,12.0315405577421,5.39044079743326,2.54731056839228,0.0168011658478739,0.131380951104785,0.000239105410952798,4.32501508903994e-05,60,217,301,53.96,52.2963476550881,16093,82.04,0.479553348561203,12875,82.94,0.643193070176767,16093,78.08,1.99688497387921,16093
"2020-05-04",0.032270932697164,0.201918715735277,0.023352588586861,0.00925703268413516,20.8147515896708,12.1151229441166,5.44115314073861,3.25847550481558,0.0151490928329741,0.131362279417142,0.000247190090188616,4.70249422373987e-05,60,233,352,55.94,22.3164577968183,16093,78.98,0.569662459667879,16093,80.06,0.603485368062313,16093,78.98,0.685548302710215,16093
"2020-05-05",0.0337649789008894,0.211425450599442,0.0236384473690713,0.00873063871681334,20.8667569607496,12.6855270359665,5.24773531593382,2.93349460884929,0.0172819165094939,0.143521302412763,0.000243806302325835,4.22901294020213e-05,60,222,336,57.02,13.0275653441827,16093,84.02,0.00395265277626577,16093,84.02,0.0618230169833354,16093,84.92,0.00486381590589944,16093
"2020-05-06",0.0350133514455528,0.211982631512607,0.0235848855828085,0.00892944211283556,20.6228640014306,12.7189578907564,5.11792017146945,2.78598593920469,0.0181032634315249,0.143367778953633,0.000242667131747052,4.4689384221467e-05,60,217,312,55.94,73.5942831412005,9656,86,0.00424497419969474,16093,87.08,0.010265069654366,16093,84.02,0.0364283662067897,16093
"2020-05-07",0.031129024099587,0.193483385645474,0.0238906944514344,0.00887838629645536,20.3895107852295,11.6090031387284,5.56653180718422,3.21397583931684,0.0149241978985527,0.134162658011887,0.000247825591409706,3.97955055362078e-05,60,233,362,55.94,22.3164577968183,16093,82.94,0.0883748456025068,16093,84.02,0.317208396694704,16093,87.08,0.0037085985126965,16093
"2020-05-08",0.0370695750628199,0.208189367999633,0.0236857352879247,0.00825175787997609,19.4615269079804,12.491362079978,4.80820426344872,2.16196056455374,0.0202226255165429,0.144557306580918,0.000228831916909352,4.09446832445842e-05,60,203,262,57.92,28.4306181193358,16093,89.96,0.130095325620337,16093,87.98,0.80333380653923,16093,1831.82,3.31983722453496e-07,16093
"2020-05-09",0.0361357733322297,0.2046679720593,0.0232618873815913,0.00948354191674652,19.8385395593941,12.280078323558,4.93152012489736,2.62694111093879,0.01932656900453,0.145690339171325,0.000218573318578265,4.71880536202986e-05,60,212,277,55.94,58.6301572144651,14484,95,0.0482592728802812,16093,93.92,0.290107434147639,16093,82.94,0.285130637362854,16093
"2020-05-10",0.0432069086937155,0.25192790425693,0.0237905227419252,0.0103326082568277,22.5540063381195,15.1156742554158,4.7105235029012,2.72780857980251,0.0238123059313229,0.158745330802499,0.000261973699086239,5.6295118274609e-05,60,198,264,57.02,45.4128823730606,16093,96.98,0.0182744399832402,16093,93.92,1.00378643753249,16093,77,0.474495446538125,16093
"2020-05-11",0.03863483229545,0.219499373808503,0.0233162799350372,0.00862872623747889,20.1673824582249,13.1699624285102,4.77983738668263,2.21758264303207,0.0203234833560439,0.140467988066369,0.000235277015978375,4.18320867505129e-05,60,205,257,57.26,38.1299849563857,16093,93.02,0.0128273285210812,16093,89.06,1.41774617091683,16093,68,3.98194637804499,16093
"2020-05-12",0.0338854914302545,0.182121721763785,0.0236841667955521,0.00937023934992877,18.501478320919,10.9273033058271,4.99735919386148,2.57681582123041,0.0160529727589745,0.121587445919093,0.000266993020800952,4.91643545776916e-05,60,211,275,60.98,21.8498984727258,16093,84.02,0.00118939479656267,16093,86,0.0061601355231078,16093,69.08,0.0150381294946591,16093
"2020-05-13",0.0329416849595837,0.198111176878835,0.0230880427848676,0.0092642795849846,20.2261945651844,11.8866706127301,5.35642592608929,2.98309802636504,0.0158570822520186,0.132403042844019,0.000235931035953191,4.42641848051253e-05,60,232,322,51.44,56.7482303636895,3621,75.92,0.990283391591734,16093,77,0.72251279256195,16093,66.02,1.56329600291851,16093
"2020-05-14",0.0364187812414737,0.198176080531751,0.0231829256768904,0.00905423662334215,18.9377662455663,11.8905648319051,4.72931683808565,2.31788457557559,0.018611701956604,0.132279299781283,0.000225181001544516,4.67515345073322e-05,60,204,256,55.832,73.9812955964318,14162.2,77,0.236457658246951,16093,77,0.0867932312646474,16093,73.94,1.56625926427741,16093
"2020-05-15",0.0420103974073477,0.246150091430172,0.0239810156883393,0.00950543700454345,22.223500228487,14.7690054858103,4.96407024748623,2.49042449519038,0.0237147445262716,0.162963851609679,0.00023131261923432,5.5086097385258e-05,60,207,262,57.92,34.1552641626031,16093,78.08,0.763082568288379,16093,78.08,0.947503247470649,16093,77,0.868678212000747,16093
"2020-05-16",0.0316185620666745,0.187150953477249,0.0234660668217617,0.00838843876977576,19.3189414227381,11.2290572086349,5.3971953690052,2.69268884509802,0.0159110081483904,0.135598005750786,0.000230952956765809,3.94199582210776e-05,60,230,321,57.02,26.9781190583781,16093,80.06,0.501212629934504,16093,80.06,0.894531161094643,16093,80.06,0.501212629934504,16093
"2020-05-17",0.0363167700391185,0.204100099174927,0.0221266117293474,0.00869426723774963,19.2115713506937,12.2460059504956,4.7572215218097,2.2083438783884,0.0183378334488242,0.130417931388626,0.000234176162781916,4.519555217443e-05,60,215,254,55.64,86.2416678228987,6370.16666666667,86,0.12917474455851,16093,87.08,0.594812986841488,16093,82.94,0.358867607366223,16093
"2020-05-18",0.0371618084901561,0.219004729514321,0.024398122488388,0.0100887782234502,21.3308780733496,13.1402837708592,5.12360572256148,3.06698857992887,0.0184999663031645,0.14057554780241,0.000249013796389789,4.43586575505696e-05,60,210,304,53.645,76.6718459408853,10862.75,80.96,3.39485459888564,16093,84.02,2.80171498581871,16093,64.94,32.7008489254029,16093
"2020-05-19",0.0303810226339989,0.182404832526421,0.0237298431120029,0.0096590617006741,19.8995698252693,10.9442899515852,5.41040422953665,3.5448756441474,0.0134519003153904,0.121444702060074,0.000262816654369338,4.99882338812721e-05,60,228,367,59,20.0490678912634,16093,62.51,19.1718017538592,16093,69.98,5.38047362366017,16093,66.92,1.38092176859434,16093
"2020-05-20",0.0417888049561809,0.244162435596809,0.0246246746244208,0.0088420113576437,21.7719673821703,14.6497461358085,4.75256220251322,2.36965904384851,0.0239329157343853,0.162368091984584,0.000252887999963961,4.40756921350429e-05,60,193,268,57.92,36.9188695163052,16093,71.06,1.00362830994879,16093,69.98,2.58886611029448,16093,69.98,1.74728764569678,16093
"2020-05-21",0.0349540890550347,0.212507257719214,0.0239360282157964,0.00975425835931673,21.4967647688463,12.7504354631528,5.62496663071215,3.12136267498136,0.0173346995346521,0.143128728146572,0.000258743314682,4.73932136913481e-05,60,235,320,57.92,23.5503439261063,16093,77,0.236457658246951,16093,78.08,0.63436147471588,16093,73.94,1.05299091964414,16093
"2020-05-22",0.0358692795112214,0.211816349516933,0.0242655499168246,0.00904914541732545,20.7683128369972,12.708980971016,5.36268653161824,2.69664533436298,0.0183769872117486,0.143265127449554,0.000249542630238298,4.30986514804237e-05,60,221,298,57.02,23.0052768226973,16093,84.02,0.161989075247796,16093,84.92,0.14606627906826,16093,84.92,0.0417841686532989,16093
"2020-05-23",0.0401592323696491,0.243764481398587,0.0239362665813535,0.00921821296215057,22.4490108946338,14.6258688839152,5.24204238131642,2.58109962940216,0.022336718111619,0.162434765986771,0.000247420401110422,4.7668520382038e-05,60,219,280,55.94,18.8991940271323,16093,80.96,0.0301822565427469,16093,82.04,0.078283424271862,16093,78.98,0.00162187502186418,16093
"2020-05-24",0.0355614237423853,0.217466551686327,0.0234396172122718,0.00864838964604085,20.8745557367802,13.0479931011796,5.18015540391207,2.6464072316885,0.0181643368436008,0.141341071231978,0.000238889419486634,4.30863952654045e-05,60,221,306,55.04,31.2328855389565,16093,82.94,0.0529338180844864,16093,82.94,0.142950517655455,16093,80.06,0.603485368062313,16093
"2020-05-25",0.0352055169516117,0.218604089443882,0.0231605851937325,0.00852360858753987,20.8416660353541,13.1162453666329,5.04900757223368,2.67641309648752,0.018016102644741,0.140863164615166,0.000237744436562246,3.74616356285527e-05,60,218,314,59,24.2145406891303,16093,89.06,0.0570845366900604,16093,87.08,0.225226925694597,16093,91.94,0.0105919198874241,16093
"2020-05-26",0.0347598669364264,0.202228423611571,0.0229571116330664,0.00957269902245152,19.8131241537631,12.1337054166943,4.79803633131087,2.8813824057579,0.0170985767343553,0.131502866614782,0.000259317902159751,4.55756196830585e-05,60,209,301,57.02,54.1368838922545,16093,96.98,0.119953543699193,16093,96.08,0.23312984374395,16093,91.04,0.115780213033547,16093
"2020-05-27",0.035307595586047,0.211862153746188,0.0239336635663428,0.0086924362265946,20.6196358222514,12.7117292247713,5.26540598459542,2.64250061288476,0.0182405356940445,0.143332840123075,0.00024087917662127,3.54700019800137e-05,60,220,304,62.06,21.8133041706564,16093,100.94,0.121068359244005,16093,98.96,0.614659193322166,9656,98.96,0.0411970749286862,16093
"2020-05-28",0.0332041876692027,0.197169540884594,0.0229241381139924,0.00857240084994149,19.490858161822,11.8301724530756,5.02038624696434,2.64029946178198,0.0165635127205357,0.132523296466802,0.000240056233734819,3.88221881352952e-05,60,219,308,57.92,47.3209154429569,9656,104,0.192239546892763,16093,102.02,0.396003565094697,16093,95,0.901951308414097,16093
"2020-05-29",0.0387643381398028,0.215008738342052,0.02413560032075,0.00856699863908744,20.1574558326975,12.9005243005231,5.14088286831975,2.1160486638546,0.0203729027543264,0.141926956278582,0.000255955205793154,4.48866070416665e-05,60,213,247,61.07,29.5186979441332,16093,105.08,0.0653223831487193,16093,102.02,0.280960297282771,16093,73.94,7.6722138588599,16093
"2020-05-30",0.0446628658445226,0.261115857943272,0.0248749013270301,0.00866662750118657,22.9567130440846,15.6669514765963,5.14910457469523,2.14065699279308,0.0259361026991884,0.17006739117638,0.00023952188134682,3.93921605261826e-05,60,207,247,60.08,34.5058230540262,16093,87.98,0.161551781914864,16093,89.96,0.248713911684692,11265,62.06,26.0511589623451,16093
"2020-05-31",0.0436332522744193,0.21957204984501,0.0244386898852962,0.00859436637315994,19.5913302712142,13.1743229907006,4.74110583774745,1.67590144276619,0.0234313265813716,0.140305236775147,0.00022967653702121,3.4785528433952e-05,60,194,195,53.84,78.0919716646336,9119.33333333333,73.94,2.69630147121672,16093,75.02,4.06180186999555,16093,62.06,26.0511589623451,16093
"2020-06-01",0.0390951204073773,0.219984352557609,0.0248098668144193,0.00939273717635461,20.9940796587616,13.1990611534566,5.33412136510015,2.46089714020491,0.0197191508549346,0.140073431903679,0.000263808492754331,3.98586500855335e-05,60,215,262,57.02,26.9781190583781,16093,78.98,3.0629407350018,16093,78.98,3.56001223633226,16093,75.02,4.06180186999555,16093
"2020-06-02",0.0339465636314235,0.196507436254372,0.0247336772683004,0.00866541904366874,19.8587397243828,11.7904461752623,5.41667532175779,2.65161822736263,0.0165665080663148,0.132353451476689,0.000252554775154297,3.67346615007747e-05,60,219,306,57.92,23.5503439261063,16093,86,0.993338492979851,16093,82.94,3.1525242709258,11265,77,3.20952824033384,16093
"2020-06-03",0.0363170781199327,0.213092485986029,0.0237601549934013,0.00897338845578256,20.4101979034021,12.7855491591617,5.01339270360768,2.61125604063272,0.0188836905170236,0.142431984939899,0.000248843917446596,4.20328969675738e-05,60,211,291,57.92,20.0758760854642,16093,93.02,0.475468740302615,16093,91.04,2.92884967444913,16093,95,0.117056319116009,16093
"2020-06-04",0.0314010771032576,0.196346660299848,0.0222999641532283,0.00883398098758388,19.9082828834653,11.7807996179909,5.06209186278284,3.0653914026916,0.0153998221861205,0.133083473934206,0.000232879767310449,4.50533034555844e-05,60,227,347,55.94,38.3857072433148,16093,100.94,0.121068359244005,16093,98.96,0.528805909846892,16093,102.92,0.0276582217759894,16093
"2020-06-05",0.0369367640692815,0.213047983202462,0.0234653049326957,0.00779944024686738,20.2782834740356,12.7828789921477,5.5143466591835,1.98105782270432,0.0193724134964172,0.142860485992433,0.000249871356384005,3.81211095866634e-05,60,235,254,59,20.0490678912634,14484,104,0.00688533836601859,16093,100.94,0.311147147254468,16093,68,21.8987213724122,16093
"2020-06-06",0.0371906967067221,0.229150686428572,0.0261623362369008,0.00785232567554944,22.0540831470862,13.7490411857143,5.88652565330267,2.41851630806923,0.0195264551575469,0.152539913556901,0.000205237804539293,3.40115182714953e-05,60,225,308,59,24.2145406891303,16093,86,0.993338492979851,16093,81.05,4.63608818719488,12874.5,66.92,11.2584699913866,16093
"2020-06-07",0.0326544805131375,0.202009428447733,0.0233876510775822,0.00834251365556223,20.3763958401978,12.120565706864,5.51948565430939,2.73634447902441,0.0156380005984973,0.131141486097942,0.000249429324778155,3.51898347217319e-05,60,236,328,57.92,20.0758760854642,16093,78.08,0.63436147471588,16093,80.06,0.894531161094643,16093,77,0.474495446538125,16093
"2020-06-08",0.0369723448576097,0.23490124430197,0.0242169067058541,0.00907342323313461,22.3312962939963,14.0940746581182,5.2792856618762,2.95793597400188,0.0192557655951281,0.150741916210093,0.000287054654718393,4.73873147055038e-05,60,218,326,59,20.0490678912634,16093,75.92,0.000206387269183329,16093,75.02,0.0646893128566071,16093,71.96,0.211904044316213,16093
"2020-06-09",0.028298397476446,0.177356489530454,0.023004965197931,0.00880528221439038,19.7522814385593,10.6413893718272,5.65922143869102,3.45167062804103,0.0126797742583417,0.12328762317366,0.000237170858038532,4.29190610340673e-05,60,246,392,60.98,30.3349451443662,16093,80.06,0.0174997855461129,16093,80.96,0.0892176614170428,16093,82.04,0.00703080011790946,16093
"2020-06-10",0.030001661656194,0.192420550854877,0.0237732384732719,0.00883740211463035,20.6111415578052,11.5452330512926,5.61048427969217,3.45542422682047,0.0142549508386777,0.134580388138745,0.000235300464354152,4.17174456681042e-05,60,236,391,66.02,17.5677133458961,16093,89.96,0.0311397844797772,16093,89.96,0.130095325620337,16093,93.02,0.000581377823884479,16093
"2020-06-11",0.0318229984248353,0.195177854752789,0.0234436616697844,0.00925196890829276,20.4303649887443,11.7106712851673,5.50926049239933,3.21043321117759,0.0152242166487312,0.133760346066905,0.000249767802570327,4.06025852685879e-05,60,235,347,71.06,10.9203989018574,16093,96.08,0.131426441278332,16093,93.92,0.864935726831906,16093,98.96,0.0116455999242814,16093
"2020-06-12",0.0324998014888662,0.196308126207441,0.0229409408566111,0.00890722354130111,19.9548781141639,11.7784875724465,5.29935733787715,2.87703320384026,0.0158530884455352,0.132847272895109,0.000244234037598104,4.00572020052765e-05,60,231,323,65.21,24.1927879067717,15288.5,100.04,0.0577784245089204,16093,93.92,1.92448100216562,16093,84.92,0.0555986165643878,16093
"2020-06-13",0.0371860239364058,0.21304437139382,0.0229609546966331,0.0100370711795446,20.4894991889596,12.7826622836292,4.93660525977612,2.7702316455543,0.0192855920912437,0.143006713656796,0.000256799249513278,4.44330161178529e-05,60,215,276,62.06,21.8133041706564,12875,80.06,0.894531161094643,16093,82.004,1.66095794215697,2655.4,78.08,0.416100820528397,16093
"2020-06-14",0.0345197488741296,0.217218095871309,0.0238515873472288,0.00851499280188142,21.2641653064638,13.0330857522786,5.43816191516817,2.79291763901711,0.0173602048709822,0.141622567205809,0.00025674463159376,3.68030812803541e-05,60,228,328,64.04,6.80762929574796,16093,77,0.145522940200729,16093,77,0.292145110009091,16093,78.98,0.185287072502743,16093
"2020-06-15",0.0350601348941151,0.202245649819573,0.0247412164040788,0.00786829602422444,20.0193370245397,12.1347389891744,5.66573855653405,2.21885947883129,0.0170154164188369,0.130867880636989,0.000253076909320803,3.53289794037837e-05,60,229,282,66.02,9.03771020056874,16093,84.92,0.430969461858839,14484,84.02,0.831578551209111,14484,86,0.564052287389738,16093
"2020-06-16",0.0354047570933653,0.196457845329617,0.0233993642526654,0.00867411666191542,19.3309973729774,11.787470719777,5.28825632110238,2.25527033209801,0.0177387369519939,0.132779134865326,0.000215347371834124,4.07466258897891e-05,60,226,260,59,46.6167028315662,16093,87.98,1.58666894279707,16093,89.06,1.95331237278042,16093,84.92,0.919438845376601,16093
"2020-06-17",0.0322678324014997,0.197213948626692,0.0217348739141756,0.00874088392371224,19.7156455973163,11.8328369176015,5.12943024374545,2.75337843596935,0.0159433199760052,0.132667522851332,0.000227697166454466,3.68110762968568e-05,60,236,315,62.06,21.8133041706564,14484,84.02,0.251863591847217,16093,84.02,0.569440547159663,16093,82.94,0.0529338180844864,16093
"2020-06-18",0.0385922277565587,0.228173254725213,0.023159866678287,0.00945646099854207,21.3029097216204,13.6903952835128,5.00253120251,2.60998323559761,0.0209339937273919,0.153070804312218,0.000225726496159856,4.62815485807933e-05,60,216,276,60.98,21.8498984727258,8047,86,0.100333931167326,16093,86,0.253882667389572,16093,84.92,0.0555986165643878,16093
"2020-06-19",0.0531174100115372,0.278462242459257,0.0246831311443665,0.00827190985387943,22.6811340749264,16.7077345475554,4.41828047484159,1.55511905252934,0.0331552759648071,0.178070141313211,0.00023305612975252,3.68679202295173e-05,60,179,188,60.98,21.8498984727258,8047,93.92,0.0149367158369877,16093,93.92,0.0417931288306006,16093,75.02,4.06180186999555,16093
"2020-06-20",0.03511459661323,0.197362215816975,0.0235695955610223,0.00754040315054183,19.1374551542103,11.8417329490185,5.35029819235206,1.94542401283979,0.0177992511877318,0.132537281211437,0.000212541882493441,3.57132581336256e-05,60,227,258,57.02,54.1368838922545,4291.33333333333,98.06,0.0350552130521002,16093,96.98,0.144136173025891,16093,73.94,5.55158726646554,16093
"2020-06-21",0.0387165048088836,0.217867402406409,0.0234602397219056,0.0092429181386251,20.3648815294728,13.0720441443846,4.92665034160018,2.36618704348803,0.0201744758661359,0.141238599685443,0.000239818738395319,4.48399708282189e-05,60,210,256,62.06,51.8987084038508,9656,98.06,0.0350552130521002,16093,98.06,0.287548016257138,16093,82.94,1.62830169191016,16093
"2020-06-22",0.0348941061684754,0.20320355752483,0.0240834194489501,0.00854524608968468,19.9943228345364,12.1922134514898,5.29835227876902,2.50375710427761,0.0169400744833024,0.130451841770007,0.000241505185580824,3.8902464944693e-05,60,220,293,59,33.8235689546199,9656,96.08,0.411393731741783,16093,98.06,0.410263508315751,16093,93.02,0.558982413434738,16093
"2020-06-23",0.0391530581032974,0.199045283704375,0.0234617106447932,0.00805790202342313,18.7151617733762,11.9427170222625,5.18503805249929,1.58740669861436,0.0201571031340682,0.131811852008356,0.000235472194122522,3.77976125517119e-05,60,221,197,60.98,25.4102166021163,8047,100.04,0.279640592380724,16093,98.96,0.439925305451282,16093,73.04,5.16650764651254,16093
"2020-06-24",0.0381256678369809,0.199094574153423,0.0231125972762774,0.00941299961672888,18.9865825828165,11.9456744492054,4.92298321984708,2.117924913764,0.0193705647351477,0.131781298711451,0.000244967632195901,5.34782583903001e-05,60,213,225,60.98,35.0664254450102,9656,102.02,0.160323375331671,16093,100.94,1.13044020017152,16093,78.98,2.54831254747924,16093
"2020-06-25",0.0347449431305814,0.197012985497713,0.0225077983861715,0.00916313914143864,19.422423209995,11.8207791298628,5.10927023366094,2.49237384647131,0.0173502840095801,0.132567714893129,0.000240644256978917,5.06468875001163e-05,60,227,272,60.08,43.5704913483052,11265,102.02,0.280960297282771,16093,100.04,1.920535771593,16093,78.98,3.0629407350018,16093
"2020-06-26",0.0339127763941446,0.184113485738635,0.022608683694021,0.00898998487167633,18.4485503584146,11.0468091443181,5.0643451474607,2.33739606663585,0.0160997008342886,0.12088704784527,0.000238344860481429,4.98630064756668e-05,60,224,260,60.08,34.5058230540262,6437,100.94,0.364263891180964,16093,100.04,1.07215611493705,16093,73.04,6.19561602622952,16093
"2020-06-27",0.0404347760758642,0.228760825066517,0.0247758685980203,0.00901794712257198,21.2686922159046,13.725649503991,5.2524841427803,2.29055856913328,0.0219061580799172,0.152638526121077,0.000253081157910133,4.33704963296428e-05,60,212,254,62.06,21.8133041706564,6437,100.04,0.907709208452185,16093,100.04,0.907709208452185,16093,84.02,2.02587149119124,16093
"2020-06-28",0.040437532175671,0.235533195454627,0.0245481723808943,0.0100833993281386,22.240642696619,14.1319917272776,5.37604975141585,2.73260121792555,0.0209667604593057,0.149994133743179,0.000269270613524554,5.06445823706603e-05,60,219,271,57.92,23.5503439261063,8047,105.08,0.247643033601146,16093,102.92,0.942901806853253,16093,78.98,3.56001223633226,16093
"2020-06-29",0.0360193516559431,0.219491136446595,0.0233663238782798,0.00912587703651328,21.2153981253505,13.1694681867957,5.28078919649124,2.76514074206352,0.0181105651642871,0.140816697689439,0.000237505114071494,4.08770994693928e-05,60,226,303,57.02,32.5567290372748,8047,91.04,0.000186960018937399,16093,91.04,0.478460453485753,16093,64.04,9.77126636036052,16093
"2020-06-30",0.0323008291833634,0.19686763738282,0.0234313878517614,0.00903151512235224,20.3818232147023,11.8120582429692,5.55323892086744,3.01652605086565,0.0154469764602446,0.132829205205767,0.000235822427591517,4.38194157674808e-05,60,237,334,58.46,28.7665912222977,6437,86,0.12917474455851,16093,84.92,0.430969461858839,16093,78.08,1.12891677433799,16093
"2020-07-01",0.0395139063421254,0.230832786330332,0.0233205088414252,0.00846847360040627,21.1399398930371,13.8499671798199,5.13051194511354,2.1594607681036,0.0215745886597207,0.151829054414511,0.000243235803009096,3.9405896074751e-05,60,220,255,57.92,23.5503439261063,8047,95,0.022598552732964,16093,93.02,0.389966362592572,16093,89.96,0.16445865836815,16093
"2020-07-02",0.029871278247241,0.15957788551071,0.0235717764116545,0.00849169977136439,17.7435392788611,9.57467313064262,5.68079811520875,2.48806803300977,0.013186963885735,0.111897822674558,0.00022608722152992,3.67081841156313e-05,60,241,293,55.94,27.1464000548205,6437,96.98,0.0504861283824911,16093,96.08,0.23312984374395,16093,64.94,12.5957412880947,16093
"2020-07-03",0.0338478874448421,0.193103376527627,0.0232447142801269,0.00799832444998526,18.9548169691116,11.5862025916576,5.13708185590804,2.23153252154589,0.0173347505099483,0.133805784339204,0.000235213147233716,3.89371053247834e-05,60,221,279,59,20.0490678912634,6437,95,0.00405419776205868,16093,95,0.0074937036223677,16093,73.04,3.0133592044687,16093
"2020-07-04",0.0350424386426914,0.200043537312498,0.0237405300571549,0.00840367555086102,19.4835958853364,12.0026122387499,5.12795449234545,2.35302915424109,0.0174514073178012,0.131584159812143,0.000240769887603857,3.76106072340575e-05,60,216,280,59,29.1025643252595,8047,93.92,0.290107434147639,16093,95,0.176163475065188,16093,84.02,0.126005124164069,16093
"2020-07-05",0.0328580965999625,0.199595611992603,0.0234278812918658,0.00837226828703513,19.7805741531774,11.9757367195562,5.08385024033487,2.72098719328642,0.0161900688789687,0.131895489491832,0.000254498875398156,3.45327196230939e-05,60,217,325,57.92,34.1552641626031,9656,96.98,0.00323794917787582,16093,98.06,0.00950739279254348,16093,98.96,0.0116455999242814,16093
"2020-07-06",0.0328240508238599,0.199647725699469,0.0233524952100993,0.00796751043526456,19.5959583418444,11.9788635419682,5.06749146059155,2.54960333928466,0.0163269696379258,0.131882347873767,0.000244192254708656,3.16086561094584e-05,60,217,320,57.92,39.6824748700072,9656,98.96,0.00863144883379555,16093,98.06,0.107607934461795,16093,98.06,0.00405257443371519,16093
"2020-07-07",0.0340670950208669,0.195455719887589,0.0236096936015985,0.00847675078089388,19.5885796369985,11.7273431932554,5.45383922196925,2.40739722177386,0.0169111660803535,0.13335107878769,0.00023419230987526,4.03207375480283e-05,60,231,284,55.94,53.5033321027143,11265,96.08,0.0201212615212232,16093,96.08,0.0430786625896007,16093,89.06,0.0201353237579445,16093
"2020-07-08",0.0314223072981347,0.179898203412692,0.0227633966483706,0.00862539355953534,18.8219620715827,10.7938922047615,5.44045179896057,2.5876180678606,0.0146776842791586,0.122273895950451,0.000235679855138046,3.50127310181884e-05,60,239,300,57.92,47.3209154429569,12875,91.04,0.0946330898249235,16093,91.94,0.0669411265451078,16093,89.96,0.0830529967719155,16093
"2020-07-09",0.0416362780440403,0.229077368120973,0.0239399719780477,0.00856812468505111,20.5683213537559,13.7446420872584,4.83587433956563,1.98780492693186,0.0232858019258091,0.152510951523155,0.000236513760397968,3.98891720602302e-05,60,202,232,59,29.1025643252595,9656,96.08,0.055432508507122,16093,96.98,0.0182744399832402,16093,89.06,0.327951599169066,16093
"2020-07-10",0.0317329778928936,0.180166462700193,0.0231220298525641,0.00827282311159597,18.6907239789143,10.8099877620116,5.45679904520512,2.42393717169762,0.0149302422420298,0.122242608889313,0.00023655738130979,3.55052372245127e-05,60,236,293,57.02,74.0118672339118,8047,98.06,0.0554931217787931,16093,98.96,0.263365312679793,16093,86,0.564052287389738,16093
"2020-07-11",0.040066487462463,0.209991333261132,0.0247552145581326,0.00899174464107071,19.472312906757,12.5994799956679,4.77775640971959,2.09507650136948,0.0217292341804528,0.143637917356601,0.000273739516616406,3.78287354023278e-05,60,193,233,60.08,34.5058230540262,12875,100.94,0.0337106849493271,16093,100.94,0.177794862233051,16093,98.96,0.215413590061868,16093
"2020-07-12",0.0353948208597816,0.218081814888865,0.0229477398421453,0.00857895659591189,20.9537339489907,13.0849088933319,5.27798016369343,2.59084489196539,0.0180418294852813,0.141340980637564,0.000247839624962509,3.84605078404795e-05,60,230,302,62.06,21.8133041706564,16093,105.08,0.0172506937933203,16093,104,0.38366956440288,16093,95,0.0964985728474028,16093
"2020-07-13",0.0346135194034161,0.219304131437093,0.0236657460003958,0.00846462401025223,21.2527009136975,13.1582478862256,5.30112710408866,2.79332592338324,0.0174165504908568,0.140859093074657,0.000241311740001752,3.86611299634241e-05,60,224,330,58.28,58.2047228580921,4559.66666666667,105.08,0.0275702706503239,16093,105.08,0.298400875287455,16093,102.92,0.0163923493948873,16093
"2020-07-14",0.0354611083118644,0.181432643346488,0.0232461719711622,0.00863105730552759,18.049704130739,10.8859586007893,5.23038869351149,1.93335683643818,0.0171728016881523,0.121736650532469,0.000260384880064305,4.3567278987187e-05,60,225,224,59,24.2145406891303,8047,104,0.0116889398120927,16093,100.94,0.608519058058421,16093,78.08,2.41875009658463,16093
"2020-07-15",0.0329954104842564,0.164372157786662,0.0234923019082448,0.00888367949432357,17.1246180413291,9.86232946719974,5.12132181599736,2.14096675813198,0.0150036815470194,0.110370906686993,0.000248746833645899,4.43983729062666e-05,60,218,241,57.92,34.1552641626031,6437,96.08,0.4979264018092,16093,96.08,1.32247575407707,16093,71.06,5.66270140503701,16093
"2020-07-16",0.0441596391671016,0.232086373042936,0.0230324192550676,0.00939954767253862,20.4900725735351,13.9251823825762,4.67558110877872,1.88930908218026,0.0247183601662636,0.151360174654144,0.000258772902908818,4.80943453746396e-05,60,203,201,59.66,35.3700353825259,9656,96.98,0.319711013045885,16093,96.98,0.640001907670509,16093,73.94,4.62785696840174,16093
"2020-07-17",0.0292238280232966,0.158597773631724,0.0230574851741596,0.00918638334872249,18.031101890374,9.51586641790345,5.64908386766911,2.86615160480142,0.0127198597509458,0.112191975770473,0.00025747964743667,4.64352408520688e-05,60,245,312,60.98,30.3349451443662,8047,98.06,0.235292234262373,16093,98.06,1.09400758387732,16093,80.06,1.58648500390791,16093
"2020-07-18",0.0360111285034007,0.21491858176887,0.0232869344742576,0.00800775287421883,20.3462876044214,12.8951149061322,5.19298638775945,2.25818631052971,0.0188601652362623,0.142274671252321,0.000243834243960844,3.94221553983721e-05,60,223,282,59,24.2145406891303,6437,98.06,0.191422535587004,16093,98.96,0.614659193322166,16093,75.02,6.74140042936654,16093
"2020-07-19",0.0328084185835302,0.188379858558377,0.022912025724634,0.00828464417507424,18.996074359864,11.3027915135026,5.31558996811509,2.37769287824631,0.015214759784622,0.11995637286131,0.000249642097665479,4.04246538543957e-05,60,232,287,60.98,25.4102166021163,9656,100.04,0.477152791665811,16093,98.96,1.18614115851311,16093,82.94,0.643193070176767,16093
"2020-07-20",0.0352480870805562,0.203617993400743,0.0234428217366069,0.00862379714157233,19.8446730263531,12.2170796040446,5.20430642552674,2.42328699678183,0.0172533746778707,0.130524156457379,0.000246851558431545,3.5303960777088e-05,60,222,281,56.48,45.7461544585058,6437.5,98.96,0.376031106906638,16093,98.96,0.73335673363626,16093,80.06,2.70645794701243,16093
"2020-07-21",0.0299737949476198,0.164663031324744,0.0227747956811175,0.00801142085771943,17.8044341988862,9.87978187948465,5.62537453323603,2.29927778616548,0.013215483460234,0.110670604881226,0.000232073056075975,3.64350392528734e-05,60,247,287,55.49,57.4901827921779,13679.5,96.98,0.376412674195033,16093,96.98,0.886384216380571,16093,87.08,0.884392211143723,16093
"2020-07-22",0.0385954774741326,0.214626553980634,0.0242083107554157,0.00848544502713115,20.1468392414972,12.877593238838,5.15637019090354,2.11287581175566,0.0203223304466246,0.142375008651422,0.000232285420538275,3.83542713962499e-05,60,213,249,55.94,53.5033321027143,11265.5,93.92,0.290107434147639,16093,93.02,0.946131457609212,11265,80.96,1.73630801026579,16093
"2020-07-23",0.0325865640128787,0.180611640463273,0.0230271978445856,0.00700550543640571,18.0855430271477,10.8366984277964,5.43441869132221,1.81442590802908,0.0158301272781,0.122021009774729,0.000237348899616883,3.5408388845482e-05,60,236,259,57.02,54.1368838922545,9656,96.98,0.0955740710375854,16093,98.06,0.0705218740960749,14484,71.06,7.91693305458637,16093
"2020-07-24",0.0312645688559255,0.179669774121915,0.0238520401465869,0.00837324935834385,19.2589744152501,10.7801864473149,5.89145391620696,2.58733405172825,0.014286814402209,0.122355899944941,0.000236620852747176,3.97607468523383e-05,60,247,309,60.08,28.9134230894815,11265,93.92,0.510491261588431,16093,93.02,0.788920772349416,16093,73.94,5.55158726646554,16093
"2020-07-25",0.0339918182316152,0.195792055875063,0.0235934457802153,0.00799185302758132,19.4433200284839,11.7475233525038,5.45008597522974,2.24571070075035,0.0169823103719901,0.133003579975751,0.000236572124858607,3.42313175103646e-05,60,231,281,60.98,25.4102166021163,8047,96.98,0.261741536860575,16093,96.08,0.581963080687023,16093,75.92,4.37810207553822,16093
"2020-07-26",0.0320503701293378,0.186169478017837,0.0235596008598805,0.00821288796811322,19.1020205970854,11.1701686810702,5.4187081977725,2.51314371824265,0.0147769364672627,0.120529619439477,0.000233978891260896,3.87805655765073e-05,60,230,306,62.06,26.0511589623451,6437,98.06,0.287548016257138,16093,96.98,1.21268326859565,16093,78.08,2.8286905223871,16093
"2020-07-27",0.0329881735007338,0.189540311569969,0.0225495091090872,0.00805111812394962,18.6053298544139,11.3724186941981,4.93834249489009,2.29456866532564,0.0156165579393632,0.119615961044279,0.000236715093115764,4.07378597983844e-05,60,219,285,55.76,52.9505426881487,4586.6,100.04,0.396785556447324,16093,98.06,1.73567207220568,16093,80.96,1.17421658614786,16093
"2020-07-28",0.0294616692355715,0.164857973903418,0.0231716387135827,0.00764117492180244,17.5591548644006,9.89147843420506,5.32947690412402,2.33819952607155,0.0131863943239001,0.110608507717371,0.000232590607541346,3.93869915799654e-05,60,230,306,55.94,53.5033321027143,9656,100.04,0.193951619343997,16093,98.96,0.614659193322166,16093,78.98,3.56001223633226,16093
"2020-07-29",0.0368144291932836,0.198981777050843,0.0221677651799819,0.00743644050600237,18.2231424506754,11.9389066230506,4.58872739225626,1.69550843536854,0.0195580097091875,0.131958114072345,0.000240221210174245,3.33121118577643e-05,60,207,228,57.05,56.0851636694843,2078.66666666667,100.94,0.177794862233051,16093,100.04,0.765374971261937,16093,82.94,1.9602009385218,16093
"2020-07-30",0.0356281499967515,0.196191089367494,0.0228487123670273,0.0084099789617561,18.8116631982848,11.7714653620496,4.91247315891087,2.1277246773243,0.0183392744569429,0.132842047330598,0.000224897145318745,3.81714146772496e-05,60,215,253,57.02,54.1368838922545,11265,102.92,0.0434447557314654,16093,102.02,0.130175283224128,16093,82.04,2.1656189233828,16093
"2020-07-31",0.0345344749783369,0.198653320719798,0.0227034998789234,0.00799976328048564,19.270237037912,11.9191992431879,5.19910147227347,2.15193632245064,0.0173908853836306,0.131962845365699,0.000231812852210234,3.92096261706561e-05,60,229,269,57.92,47.3209154429569,12070,102.02,0.130175283224128,16093,102.02,0.396003565094697,16093,84.92,1.83700126433263,16093
"2020-08-01",0.0348023441169011,0.213384607915456,0.0226978035902397,0.00797997632168776,20.1157548995689,12.8030764749274,4.90272557549179,2.4099528491497,0.0184329592969296,0.142638919575913,0.000220761190635457,3.4023604627951e-05,60,216,302,60.98,47.7925284676054,12875,100.04,0.106328125798741,16093,100.04,0.193951619343997,16093,100.04,0.0883607314481978,16093
"2020-08-02",0.0293023793564774,0.170962694752961,0.0242761211304725,0.00824072020885236,18.8707323055714,10.2577616851777,5.75344070792198,2.85952991247177,0.0122683289381507,0.10941771340892,0.000234289482643923,3.93788024315766e-05,60,237,347,60.98,54.8825613614067,5967.83333333333,98.96,0.0148195858220457,16093,98.96,0.310302096964659,16093,100.94,0.00105195354720714,16093
"2020-08-03",0.0332551899676522,0.202933966896186,0.0239623604770915,0.00846823551720637,20.3521762602031,12.1760380137712,5.41549346782267,2.76064477860928,0.0159082940246544,0.130573384315513,0.000251339828318878,3.79215656916079e-05,60,226,326,64.94,32.7008489254029,12875,100.94,0.0039037126156121,16093,100.04,0.0175197283794981,16093,100.04,0.0219803158616553,16093
"2020-08-04",0.0281757752033201,0.164411881007254,0.0229855496666314,0.00897315980659591,18.6805389598012,9.86471286043525,5.58548856899142,3.23033753037453,0.0118876953552207,0.110922001583739,0.000236258359030378,4.22632826002195e-05,60,243,360,64.94,37.4366561725329,12875,98.96,0.118281681811287,16093,98.96,0.215413590061868,16093,98.06,0.129367426366887,16093
"2020-08-05",0.0315514171149132,0.181232539145276,0.0223677106046428,0.00865689765762638,18.8046446004882,10.8739523487166,5.36825054511428,2.56244170665741,0.0147267468284216,0.121639813928292,0.000224077574565472,4.2209224918621e-05,60,240,296,60.53,47.5280558764303,8047,98.96,0.0782642223745481,16093,98.06,0.0705218740960749,16093,89.06,0.327951599169066,16093
"2020-08-06",0.0310665473827849,0.164688680320978,0.0241344642355783,0.00830775549721463,17.8632647451013,9.88132081925869,5.64746463112533,2.33447929471731,0.0136505875287263,0.110845713883805,0.000246391599462182,3.58797799189954e-05,60,234,281,60.98,47.7925284676054,11265,89.96,0.652060224499383,16093,89.96,1.07827344938151,16093,78.98,2.17833627737788,16093
"2020-08-07",0.0287322055286495,0.163850850208352,0.0240801828028249,0.00807738546612699,18.3886115383357,9.83105101250112,5.82740423828363,2.73015628755093,0.0122898911230322,0.110885758962686,0.000226282042610556,3.43872159488285e-05,60,242,338,62.96,26.5803909133972,8047,87.98,1.13719188819662,16093,87.98,2.18452150282093,16093,75.92,5.08375361496734,16093
"2020-08-08",0.03171205220825,0.176885395574694,0.0227966991563638,0.00829319993007771,18.2344300197437,10.6131237344816,5.26603750512004,2.35526878014207,0.0152587822296139,0.122970565857761,0.000236518263624375,3.61909280585645e-05,60,231,284,60.98,21.8498984727258,8047,95,0.146743147754212,16093,93.92,0.864935726831906,16093,75.92,2.57869050005248,16093
"2020-08-09",0.0313195707922807,0.18439078691105,0.0241350338865931,0.00925165511229459,19.856607882306,11.063447214663,5.64759792946279,3.14556273818016,0.0138993218723375,0.120932975707532,0.00027173291572003,4.83996415728732e-05,60,234,340,60.98,21.8498984727258,6437,98.06,0.129367426366887,16093,98.06,0.669983695866777,16093,82.94,0.432694540470059,16093
"2020-08-10",0.0382093392754994,0.216665331864109,0.0242648729207841,0.00740710177676009,19.9452751018107,12.9999199118465,5.07135844044387,1.8739967495203,0.0203376574934831,0.141381883247391,0.000257147808429035,3.74157421049576e-05,60,209,253,62.06,18.7505491566826,6437,102.02,0.109061173456632,16093,100.94,0.311147147254468,16093,82.04,1.53669079616297,16093
"2020-08-11",0.032242135832022,0.179734536834682,0.0234856586214965,0.0086712589294746,18.7004387825727,10.7840722100809,5.40170148294419,2.51466508954763,0.0151445334593022,0.122332236430072,0.000243178998774344,3.9442793085905e-05,60,230,290,56.48,53.8201079974844,6437,102.02,0.130175283224128,16093,100.94,0.438199839493246,16093,80.06,1.58648500390791,16093
"2020-08-12",0.0291683307627127,0.166506151979168,0.0237172270271306,0.00816225689468962,18.376048380509,9.9903691187501,5.69213448651135,2.69354477524757,0.0124801037146871,0.110022676022951,0.000258089526058425,3.80475459493875e-05,60,240,330,57.92,34.1552641626031,11265,98.96,0.310302096964659,16093,98.96,0.847344312068499,16093,82.94,0.432694540470059,16093
"2020-08-13",0.0443670251757437,0.243563946941867,0.0236855611149775,0.00837554570494427,21.2074380340055,14.613836816512,4.78448334522545,1.80911787226796,0.0260117859469456,0.16279706774266,0.000223591935646352,4.96956320146133e-05,60,202,216,59,24.2145406891303,8047,104,0.107787233362554,16093,100.94,0.608519058058421,16093,93.92,0.0016093912595094,16093
"2020-08-14",0.0309717136563039,0.182899539234738,0.0242695252289954,0.00780733215047959,18.954688757658,10.9739723540843,5.41210412606597,2.56861227750778,0.0143798420516539,0.121170323759376,0.000246092045172129,3.33032207106839e-05,60,223,329,62.96,16.530299337062,6437,95,0.647339817222945,16093,93.02,1.50749555830254,16093,71.96,41.286768509909,16093
"2020-08-15",0.0335809063583242,0.189927030634135,0.0231592414169529,0.00883858400851384,18.9060502797365,11.3956218380481,4.95607766322792,2.5543507784605,0.0155837178307957,0.119012671460711,0.000260691474502896,4.84873741293177e-05,60,214,289,69.98,10.517125597434,9656,105.08,0.147206254842799,16093,104,0.38366956440288,16093,96.08,0.698755128250202,16093
"2020-08-16",0.0339205953575582,0.198917686613277,0.023652468860219,0.00946838454831214,19.9792306656018,11.9350611967966,5.06162833608687,2.98254113271832,0.0165140937796852,0.132139439620153,0.000247159305393407,5.43568660783481e-05,60,214,315,71.06,7.91693305458637,9656,91.04,5.96513144118517,16093,100.94,2.00765409807516,16093,105.98,0.274890642590861,16093
"2020-08-17",0.0345761176261693,0.200031712014849,0.0221291425257501,0.00939919732536824,19.4317781059071,12.0019027208909,4.71350735798478,2.71636802703142,0.0172759722252787,0.131723830537249,0.000228276844382536,4.51266223580045e-05,60,213,289,60.92,57.3184642300087,5230.33333333333,107.96,0.320868642151777,16093,107.96,0.945838757137765,16093,95,1.24021896030392,16093
"2020-08-18",0.0434317847563082,0.227649216718661,0.0218277886179426,0.00911616214164873,19.587734925095,13.6589530031197,4.05996868293732,1.86881323903799,0.0254635778334307,0.153268393783427,0.000234178149487935,3.95864031046662e-05,60,186,205,58.784,61.0550668696679,2333.8,107.06,0.566757787328794,16093,102.92,2.55008804899756,16093,104,0.329552525063939,16093
"2020-08-19",0.0348808619476894,0.197535000865658,0.0233089271062445,0.0101932203239304,19.8472104482353,11.8521000519395,4.98811040073633,3.00699999555945,0.0170667844441907,0.132725180868247,0.000242623705610064,5.31759940587252e-05,60,214,295,62.96,36.2704043268697,11265,102.92,0.942901806853253,16093,102.92,2.55008804899756,16093,102.92,0.302454965160545,16093
"2020-08-20",0.0317306831178749,0.181285418973615,0.0231954477927877,0.00816426087170839,18.4989882577211,10.8771251384169,5.17258485779166,2.44927826151252,0.0150561745942483,0.121711735277236,0.000208213842851707,3.55255422948758e-05,60,223,300,59.99,51.5118932368535,11265,96.98,0.0182744399832402,4023,96.02,0.151324122656805,5364.33333333333,91.04,0.0946330898249235,4828
"2020-08-21",0.0377729838714004,0.213495703383038,0.0236754843038349,0.00877990113295077,20.0196814518422,12.8097422029823,4.90082525089383,2.30911399796605,0.0200132417955863,0.142604341697265,0.000220301977031094,4.97767990755085e-05,60,207,263,66.02,32.4502939159658,12875,93.02,0.0368707890907838,1609,94.64,1.13597770756838,3084.66666666667,91.67,0.0303449436257364,3219
"2020-08-22",0.0375299254965284,0.20803543983493,0.023426646581636,0.00842412210392117,19.2153218542226,12.4821263900958,4.56819608341902,2.16499938070774,0.0206462159547104,0.143978347733562,0.000229480699816848,3.9624181462922e-05,60,195,257,68.54,39.4722441797483,11265,87.98,1.13719188819662,1207,93.02,4.23674355308514,2816,95,0.176163475065188,6437
"2020-08-23",0.0402296919758447,0.21045913946194,0.0233932732371613,0.00849708083339713,18.9884146125987,12.6275483677164,4.49150846153498,1.86935778334737,0.0223363294233866,0.143282713354298,0.000230676995699059,3.66744449521224e-05,60,192,220,62.06,41.0832728137324,8047,93.92,2.20227452673235,4023,93.56,3.87286011109441,4828,87.98,2.18452150282093,16093
"2020-08-24",0.0525822296847033,0.244363577260325,0.0232360878011637,0.00844147735509743,19.8760828208178,14.6618146356195,3.97337101399899,1.24089717119932,0.0323992792919883,0.161431836756077,0.000255292782930422,4.22248416640842e-05,60,171,147,55.94,63.7569823262158,4828,93.02,1.30692229033207,3219,91.04,7.76005547897159,6437,82.94,9.02842447731585,16093
"2020-08-25",0.0396623871316701,0.199986655203005,0.0229967075526854,0.0094650421866137,18.7999715004116,11.9991993121803,4.898298708722,1.90247347950935,0.0203066645347541,0.131573384535038,0.000229348615730196,4.4605041703003e-05,60,213,201,58.955,43.826282298083,8449,100.04,0.907709208452185,2414,98.06,3.23756709890505,4023,82.04,6.57326032576702,16093
"2020-08-26",0.0605615580708701,0.273644673327605,0.0251755499205477,0.0105757454274506,21.7415993474424,16.4186803996563,3.72598138824105,1.59693755954504,0.0363671537108345,0.16404020246208,0.000310979990622782,5.65552403861098e-05,60,148,151,60.98,35.0664254450102,8047,104,0.630197352007305,6437,98.06,1.47935229543335,8047,82.04,6.57326032576702,16093
"2020-08-27",0.0342041128049445,0.185267252319803,0.0234934574724219,0.00733225514727925,17.9913633354008,11.1160351391882,5.02759989909828,1.84772829711437,0.0166525256756801,0.120490975850869,0.000228057463694946,3.70907535445306e-05,60,214,252,57.92,43.501695156482,9656,100.94,0.834589715394538,9656,96.98,2.55494284857303,9656,94.55,0.33943500968535,16093
"2020-08-28",0.0341648325124093,0.172644569802408,0.0233867280740598,0.00767968820201027,17.1849107537419,10.3586741881445,5.09830672014505,1.72792984545231,0.0173129400195388,0.123727015329721,0.000228193372674875,3.54111466119205e-05,60,218,225,62.06,30.1239727987849,6437,102.92,0.180242789358601,14484,96.98,1.02357243786262,11265,80.06,1.30169076476046,16093
"2020-08-29",0.0392650471732556,0.214777801232412,0.0228562755079043,0.00821406688955095,19.671788633801,12.8866680739447,4.93695550970733,1.84816505014896,0.0211377130077358,0.142077142574674,0.000248450257103693,4.24571187258205e-05,60,216,225,60.98,35.0664254450102,6437,96.08,0.157855349206033,16093,100.04,0.0219803158616553,16093,82.94,0.285130637362854,16093
"2020-08-30",0.038058032161401,0.194516995425026,0.023588368760013,0.00819172147055004,18.2678554374725,11.6710197255015,4.83561559580266,1.76122011616826,0.0200724007193913,0.132934907178835,0.000271773215524014,5.89435316970352e-05,60,205,215,60.08,24.8693276334467,6437,98.96,0.0506342056469795,8047,98.42,0.439485941439682,4828,80.96,0.675879116296466,16093
"2020-08-31",0.0438003406479888,0.225086969633897,0.0239753539376345,0.00717976607847959,19.534951929003,13.5052181780338,4.65121866390109,1.37851508706808,0.0256560182090005,0.153426254823996,0.000265046194000451,4.18954893840533e-05,60,194,192,60.08,14.5811656015448,6437,96.08,0.157855349206033,8047,95,0.901951308414097,11265,82.04,1.53669079616297,16093
"2020-09-01",0.0447256272922443,0.233113172308852,0.0230116423791145,0.00832021808937976,20.2159835360944,13.9867903385311,4.64835176058114,1.58084143698215,0.0253472211459806,0.150888196980213,0.000221902644034664,4.3063536583097e-05,60,202,190,60.98,25.4102166021163,6437,96.98,0.119953543699193,8047,96.08,0.157855349206033,8047,78.98,1.79771213134466,16093
"2020-09-02",0.0384423034892322,0.213763800899809,0.0228315388400839,0.0109381417661791,20.5666323667392,12.8258280539885,4.88594931177795,2.85485500097275,0.0198067821015486,0.142708810670646,0.000218538305931673,6.38598922153726e-05,60,214,261,55.94,56.0667446585897,3017.25,93.92,0.434080432877897,8047,93.02,1.30692229033207,8047,73.04,7.18782896339924,16093
"2020-09-03",0.0408084311900206,0.230776394577697,0.0228205468450295,0.00924532076086455,20.7306830445305,13.8465836746618,4.60975046269596,2.27434890717268,0.0226603329235056,0.151835264554421,0.000222056315828179,4.1521417821356e-05,60,202,246,55.94,63.7569823262158,9656,93.02,1.09771422920311,11265,93.02,1.50749555830254,9656,82.04,2.51950364603498,16093
"2020-09-04",0.036153950744291,0.198119259175534,0.0228440969216603,0.0092130449167856,19.1615938944742,11.887155550532,4.93432493507862,2.34011340886354,0.0182512880814684,0.132164452888407,0.000217575109482785,5.47949786680416e-05,60,216,254,57.11,44.1492572780441,12875,93.02,0.389966362592572,11265,91.04,2.56125713528365,9656,91.94,0.624176045420842,16093
"2020-09-05",0.0391436001731896,0.220918346801773,0.0226872156276123,0.00764654861830989,19.4543692860752,13.2551008081064,4.31057096924633,1.88869750872254,0.0231616843395664,0.155175617687398,0.000241426209215016,3.32791084622184e-05,60,190,247,64.94,17.5346126643867,9656,96.08,0.4979264018092,9656,97.04,1.20972220218335,7778.33333333333,100.04,0.070272887694388,16093
"2020-09-06",0.044829742056532,0.255404572429446,0.0234059090539813,0.00826464309797856,21.4286167030223,15.3242743457668,4.09603408444673,2.00830827280879,0.0279190124731599,0.172718808384363,0.000285702425691897,4.76334831988091e-05,60,175,243,60.98,30.3349451443662,8047,100.94,0.364263891180964,9656,102.02,1.02367637983575,9656,109.04,0.0294895784402816,16093
"2020-09-07",0.0376505905279407,0.225061184788744,0.022069682352818,0.00885634996127664,20.331318885088,13.5036710873246,4.30358805879951,2.52405973896384,0.0213946252022808,0.153854245377825,0.00025112501744635,5.13571263071841e-05,60,195,285,62.06,30.1239727987849,6437,102.92,0.506346943514808,11265,98.06,5.88844954984442,9656,113,0.025912309245611,16093
"2020-09-08",0.0416120684767479,0.208492467692122,0.0229888951483493,0.00867364343487476,18.1844739243388,12.5095480615273,3.86213438492268,1.81279147788882,0.0240914601664369,0.143967851824656,0.00026223834408085,4.81581308541826e-05,60,168,209,60.08,39.8773994113552,8047,102.92,1.10787967270398,8047,98.06,5.88844954984442,6437,107.06,0.0541929632122334,16093
"2020-09-09",0.0395906431747801,0.217438652211179,0.0237479026032851,0.00725018020187106,19.5181870851666,13.0463191326708,4.7970763258636,1.67479162663221,0.0214788269137884,0.141103999761644,0.000224114443449183,3.17406166755326e-05,60,202,231,66.02,17.5677133458961,8047,91.04,0.0458105200844478,1609,93.02,0.389966362592572,4023,82.94,1.9602009385218,16093
"2020-09-10",0.0425365118426271,0.216302984238913,0.0231626206297057,0.00839653660349435,19.0563573054969,12.9781790543348,4.42406054027379,1.65411771088839,0.0235172919852162,0.14150960742829,0.000213317535753206,4.91977563737807e-05,60,191,197,55.94,87.105808774404,402,89.06,0.0201353237579445,6437,89.06,1.95331237278042,12875,80.06,0.603485368062313,16093
"2020-09-11",0.0360217202968053,0.201436904709165,0.024386497564229,0.00894314348697663,19.7399027226493,12.0862142825499,5.19432398118079,2.45936445891857,0.0176694135294812,0.130944636292382,0.000246298611269134,5.47817345317814e-05,60,213,275,62.96,26.5803909133972,1609,77,3.20952824033384,4828,77.792,11.2156293284909,3218.8,71.96,2.00774842613556,14484
"2020-09-12",0.039564486236094,0.215776115562767,0.0234457218818401,0.00825132416528568,19.8218076042831,12.946566933766,4.99393876083195,1.88130190968513,0.0211200704464119,0.141660307446643,0.000234720369965098,4.57548260931712e-05,60,213,228,60.08,34.5058230540262,1609,80.06,1.58648500390791,6437,80.06,5.91319537682726,4828,80.06,1.30169076476046,11265
"2020-09-13",0.0458574379030406,0.242117951701706,0.0239459352567792,0.0076547044806364,20.4065598668531,14.5270771021023,4.31026834622025,1.56921441853046,0.0277683547878219,0.162394113588882,0.000241318135464693,3.92254810653105e-05,60,180,205,53.06,72.4114687696404,402,82.94,1.62830169191016,3219,78.08,10.2273593519817,6437,89.06,0.00208771021400797,16093
"2020-09-14",0.0407242467958847,0.212124667549506,0.0242755674813507,0.0086366361066631,19.425465721637,12.7274800529703,4.80656236130744,1.89142330735922,0.0220924611642469,0.142605187704931,0.000246367971646481,5.51760118594113e-05,60,198,219,56.3,69.8992465697831,1475,87.98,1.58666894279707,3219,87.98,4.67529565530619,2816,82.94,0.285130637362854,14484
"2020-09-15",0.0407324685291152,0.231819130697598,0.023207091058622,0.00870842015570845,20.9364888239652,13.9091478418559,4.91990330442786,2.10743767768145,0.022397378343726,0.151277442368548,0.00022774777421234,5.09976107159922e-05,60,212,242,64.04,36.9106231737213,7510.33333333333,91.22,0.661704800311374,1609,93.02,2.10215013518934,2414,86,0.0807440277415773,16093
"2020-09-16",0.0428725663984292,0.230815518818175,0.0225765713987573,0.00972189022614076,20.3644690392539,13.8489311290905,4.35727827996016,2.15825963020325,0.0241540536389469,0.151739138425422,0.000215581126765953,5.51798255280531e-05,60,193,222,64.67,36.7879188270891,9656,87.98,1.13719188819662,3219,89.06,1.95331237278042,4023,87.08,0.00727329447368464,16093
"2020-09-17",0.0413360081156753,0.230201216042042,0.0220731631392142,0.010765403858386,20.5853320416063,13.8120729625225,4.01731569133699,2.75594338774681,0.0230792380450765,0.151982365397634,0.000215564401458435,6.83150798576375e-05,60,182,256,65.48,82.8900799911708,3621,89.06,1.18394991058672,6437,89.06,1.95331237278042,4828,89.96,0.00513790130400835,16093
"2020-09-18",0.0481718937257696,0.248482587561011,0.0237192738779456,0.00937365790331128,20.8584299832582,14.9089552536607,4.05599583312869,1.89347889646888,0.0285162722077301,0.160281763297599,0.000233054612056693,4.48083028555463e-05,60,171,202,65,46.6458466202828,12338.3333333333,84.02,1.74022121643151,6437,84.92,2.78002707819313,6236,84.92,1.57752545211553,14484
"2020-09-19",0.0426923610979798,0.22126022366186,0.0228760118405875,0.00923079988556288,19.3823319384828,13.2756134197116,4.14055814314634,1.9661603756249,0.0252004789570969,0.155061003887924,0.000192055125774744,4.66577594488012e-05,60,181,213,65.48,40.9931940401639,9656,84.92,2.54203597944298,16093,84.02,3.82604999440905,12875,82.94,0.938364874600822,16093
"2020-09-20",0.0477559407969026,0.242926476709545,0.0212134510456097,0.0081324769906659,19.627691667527,14.5755886025727,3.56385977566242,1.48824328929186,0.029978613824936,0.16202602244594,0.000198885450563671,4.02203326459381e-05,60,168,183,64.04,36.9106231737213,9656,87.08,0.727292847932402,16093,84.92,1.57752545211553,16093,87.98,0.539852078190203,16093
"2020-09-21",0.0528357964889477,0.242889015702531,0.0225218283427749,0.00824586257038501,19.3379015149549,14.5733409421518,3.53592704981565,1.22863352298737,0.0334387899952813,0.162014534793369,0.000207711895224627,4.16219365962616e-05,60,157,149,64.94,37.4366561725329,9656,87.98,0.66036910291857,14484,87.08,1.74447133823435,8047,87.08,0.339565954254362,16093
"2020-09-22",0.0372106877262354,0.19868040845419,0.0232004774463119,0.00886868803451459,18.8286079894751,11.9208245072514,4.77929835394025,2.1284851282835,0.0190924247801886,0.131948053122531,0.000226019351088701,5.37142616683594e-05,60,206,240,62.78,58.7966401805264,8047,93.02,0.180070743355331,9656,93.47,0.672032320634325,5833.5,82.04,1.03822359477835,16093
"2020-09-23",0.0455918322944933,0.245575452766692,0.0246884178630607,0.00769004657446781,20.9722428554669,14.7345271660015,4.59204572252929,1.64566996693611,0.026959165948497,0.161479696756941,0.000261844497494111,4.79483865730822e-05,60,186,214,62.96,42.7536846204954,11265,91.94,0.201660220803504,16093,93.02,0.517225576868676,10460.5,89.96,0.0830529967719155,16093
"2020-09-24",0.0413137038456713,0.231644656136632,0.0225489536756055,0.00987113768835941,20.61553821899,13.8986793681979,4.23920329101384,2.47765555977821,0.023059919835552,0.151559980477207,0.000223394281823415,4.85162361689955e-05,60,188,251,64.67,36.7879188270891,9656,91.94,0.161152038620107,16093,89.96,0.765744639733201,14484,93.92,0.0541300903106815,16093
"2020-09-25",0.0414458856422369,0.230613454508906,0.0226069410340955,0.00757947186628977,20.0183627652004,13.8368072705343,4.4761743247509,1.7053811699152,0.0238335855539102,0.151878814317049,0.000220188337071193,3.64617952614441e-05,60,198,225,64.94,51.3220777246896,4425.5,87.98,0.80333380653923,16093,87.98,0.80333380653923,16093,89.06,0.841351006577664,16093
"2020-09-26",0.0466047661425107,0.238325674793062,0.0224236717826144,0.00716188549995422,19.7604208444245,14.2995404875837,4.19322662334889,1.2676537334919,0.0291014810033089,0.164011074806001,0.000201855845613038,3.1839156559786e-05,60,187,177,60.92,62.7113277587799,3487,86,0.817276128606876,16093,84.92,2.19636378607389,16093,84.92,0.752713154920045,16093
"2020-09-27",0.0481380778867965,0.257042875854919,0.023070487577868,0.00724250014231663,20.9400638807565,15.4225725512952,4.08347630128264,1.43401502817869,0.0305184531081105,0.171779092625605,0.000244909761076572,3.0946432036563e-05,60,177,198,64.94,58.3243666914097,8851.5,87.08,1.25107922182951,9656,87.98,1.58666894279707,12875,89.06,0.588847169083238,16093
"2020-09-28",0.0429578522800288,0.226527114553998,0.0233050178695511,0.00820392763642507,19.5887806396931,13.5916268732399,4.2415132522583,1.75564051419497,0.0251171089123614,0.152925522708882,0.000255345009543874,4.14530801751179e-05,60,182,214,64.94,27.7247384982516,6437,89.06,1.18394991058672,16093,87.98,2.97236926146836,14484,93.02,0.267476287628918,16093
"2020-09-29",0.0423861976467319,0.213801696430892,0.024257137991705,0.00772829479956753,19.285719929263,12.8281017858535,4.99697042629123,1.46064771711826,0.0231760040659205,0.142457392797811,0.000251669412138313,4.04539197825068e-05,60,206,189,84.02,0.701955963247512,8047,91.04,1.15637199702261,9656,89.96,3.26505582205062,11265,91.94,0.754157685050612,16093
"2020-09-30",0.0388249137872475,0.213806446253633,0.0233989348320137,0.00863601170357102,19.761881117709,12.828386775218,4.84357951022685,2.08991483226418,0.0208371824337541,0.142665801217158,0.000235657834049112,5.20303051812803e-05,60,207,242,59,74.7098670545505,402,98.96,0.0643857378577395,16093,96.08,0.4979264018092,12875,98.06,0.000986721299616958,16093
