County,WeekStartDate,Hospitalizations,Age 0-19,Age 20-39,Age 40-59,Age 60-79,Age 80+,Positive UnkAge,dtm_updated
Adams County,2020-03-15,1,0,0,1,0,0,0,2020/10/04 13:04:29
Adams County,2020-03-22,4,0,0,1,3,0,0,2020/10/04 13:04:29
Adams County,2020-04-05,1,0,0,1,0,0,0,2020/10/04 13:04:29
Adams County,2020-06-07,1,0,0,1,0,0,0,2020/10/04 13:04:29
Adams County,2020-06-14,1,0,0,1,0,0,0,2020/10/04 13:04:29
Adams County,2020-06-21,1,0,0,0,1,0,0,2020/10/04 13:04:29
Adams County,2020-07-05,1,0,0,0,0,1,0,2020/10/04 13:04:29
Adams County,2020-07-12,4,0,1,1,2,0,0,2020/10/04 13:04:29
Adams County,2020-07-19,4,0,1,1,1,1,0,2020/10/04 13:04:29
Adams County,2020-07-26,1,1,0,0,0,0,0,2020/10/04 13:04:29
Adams County,2020-08-02,6,0,0,4,2,0,0,2020/10/04 13:04:29
Adams County,2020-08-09,3,0,1,0,2,0,0,2020/10/04 13:04:29
Adams County,2020-08-16,3,0,0,1,1,1,0,2020/10/04 13:04:29
Adams County,2020-08-23,5,0,0,1,3,1,0,2020/10/04 13:04:29
Adams County,2020-08-30,4,0,2,1,1,0,0,2020/10/04 13:04:29
Adams County,2020-09-06,5,0,2,1,1,1,0,2020/10/04 13:04:29
Adams County,2020-09-13,3,0,0,0,2,1,0,2020/10/04 13:04:29
Adams County,2020-09-20,2,0,0,1,1,0,0,2020/10/04 13:04:29
Adams County,2020-09-27,2,0,0,0,2,0,0,2020/10/04 13:04:29
Asotin County,2020-03-29,1,0,0,0,1,0,0,2020/10/04 13:04:29
Asotin County,2020-08-23,3,0,0,0,3,0,0,2020/10/04 13:04:29
Asotin County,2020-09-06,2,0,1,1,0,0,0,2020/10/04 13:04:29
Asotin County,2020-09-13,1,0,0,0,1,0,0,2020/10/04 13:04:29
Asotin County,2020-09-20,3,0,0,0,3,0,0,2020/10/04 13:04:29
Asotin County,2020-09-27,1,0,0,0,0,1,0,2020/10/04 13:04:29
Benton County,2020-02-23,1,0,0,0,1,0,0,2020/10/04 13:04:29
Benton County,2020-03-08,5,0,0,0,3,2,0,2020/10/04 13:04:29
Benton County,2020-03-15,6,0,0,2,2,2,0,2020/10/04 13:04:29
Benton County,2020-03-22,32,0,0,2,12,18,0,2020/10/04 13:04:29
Benton County,2020-03-29,17,0,2,1,9,5,0,2020/10/04 13:04:29
Benton County,2020-04-05,10,0,1,3,6,0,0,2020/10/04 13:04:29
Benton County,2020-04-12,10,0,1,1,6,2,0,2020/10/04 13:04:29
Benton County,2020-04-19,15,0,3,4,4,4,0,2020/10/04 13:04:29
Benton County,2020-04-26,13,0,1,0,7,5,0,2020/10/04 13:04:29
Benton County,2020-05-03,10,0,0,3,4,3,0,2020/10/04 13:04:29
Benton County,2020-05-10,7,0,0,2,3,2,0,2020/10/04 13:04:29
Benton County,2020-05-17,7,0,0,1,4,2,0,2020/10/04 13:04:29
Benton County,2020-05-24,17,0,3,4,6,4,0,2020/10/04 13:04:29
Benton County,2020-05-31,19,0,2,4,10,3,0,2020/10/04 13:04:29
Benton County,2020-06-07,16,0,3,5,6,2,0,2020/10/04 13:04:29
Benton County,2020-06-14,17,0,0,6,8,3,0,2020/10/04 13:04:29
Benton County,2020-06-21,22,0,2,7,3,10,0,2020/10/04 13:04:29
Benton County,2020-06-28,22,0,3,4,9,6,0,2020/10/04 13:04:29
Benton County,2020-07-05,24,0,2,9,11,2,0,2020/10/04 13:04:29
Benton County,2020-07-12,15,1,2,5,5,2,0,2020/10/04 13:04:29
Benton County,2020-07-19,15,1,2,5,5,2,0,2020/10/04 13:04:29
Benton County,2020-07-26,12,0,2,3,6,1,0,2020/10/04 13:04:29
Benton County,2020-08-02,12,0,0,7,4,1,0,2020/10/04 13:04:29
Benton County,2020-08-09,6,0,1,4,1,0,0,2020/10/04 13:04:29
Benton County,2020-08-16,12,0,2,3,4,3,0,2020/10/04 13:04:29
Benton County,2020-08-23,10,1,2,1,5,1,0,2020/10/04 13:04:29
Benton County,2020-08-30,8,0,1,2,5,0,0,2020/10/04 13:04:29
Benton County,2020-09-06,7,0,3,1,2,1,0,2020/10/04 13:04:29
Benton County,2020-09-13,9,0,2,2,3,2,0,2020/10/04 13:04:29
Benton County,2020-09-20,8,0,2,2,4,0,0,2020/10/04 13:04:29
Benton County,2020-09-27,3,0,0,2,1,0,0,2020/10/04 13:04:29
Chelan County,2020-03-15,3,0,0,0,1,2,0,2020/10/04 13:04:29
Chelan County,2020-03-22,1,0,0,0,0,1,0,2020/10/04 13:04:29
Chelan County,2020-03-29,2,0,0,1,1,0,0,2020/10/04 13:04:29
Chelan County,2020-04-05,4,0,2,0,1,1,0,2020/10/04 13:04:29
Chelan County,2020-04-26,2,0,0,2,0,0,0,2020/10/04 13:04:29
Chelan County,2020-05-03,1,0,0,1,0,0,0,2020/10/04 13:04:29
Chelan County,2020-05-10,1,0,0,1,0,0,0,2020/10/04 13:04:29
Chelan County,2020-05-24,3,0,0,3,0,0,0,2020/10/04 13:04:29
Chelan County,2020-06-14,1,0,0,1,0,0,0,2020/10/04 13:04:29
Chelan County,2020-06-28,3,0,0,3,0,0,0,2020/10/04 13:04:29
Chelan County,2020-07-05,5,0,1,1,3,0,0,2020/10/04 13:04:29
Chelan County,2020-07-12,4,0,0,3,1,0,0,2020/10/04 13:04:29
Chelan County,2020-07-19,5,0,1,3,1,0,0,2020/10/04 13:04:29
Chelan County,2020-07-26,8,1,3,1,3,0,0,2020/10/04 13:04:29
Chelan County,2020-08-02,5,0,0,4,1,0,0,2020/10/04 13:04:29
Chelan County,2020-08-09,5,1,0,3,1,0,0,2020/10/04 13:04:29
Chelan County,2020-08-16,9,0,3,2,4,0,0,2020/10/04 13:04:29
Chelan County,2020-08-23,6,0,3,1,2,0,0,2020/10/04 13:04:29
Chelan County,2020-08-30,4,0,1,1,1,1,0,2020/10/04 13:04:29
Chelan County,2020-09-13,1,0,0,1,0,0,0,2020/10/04 13:04:29
Chelan County,2020-09-27,1,0,0,1,0,0,0,2020/10/04 13:04:29
Clallam County,2020-03-15,1,0,0,0,1,0,0,2020/10/04 13:04:29
Clallam County,2020-04-05,1,0,1,0,0,0,0,2020/10/04 13:04:29
Clallam County,2020-05-31,1,0,0,0,0,1,0,2020/10/04 13:04:29
Clallam County,2020-07-26,1,0,0,0,0,1,0,2020/10/04 13:04:29
Clallam County,2020-08-30,1,0,1,0,0,0,0,2020/10/04 13:04:29
Clallam County,2020-09-13,2,0,0,1,1,0,0,2020/10/04 13:04:29
Clark County,2020-03-01,2,0,0,0,1,1,0,2020/10/04 13:04:29
Clark County,2020-03-08,1,0,0,0,0,1,0,2020/10/04 13:04:29
Clark County,2020-03-15,8,0,1,1,2,4,0,2020/10/04 13:04:29
Clark County,2020-03-22,21,0,3,6,10,2,0,2020/10/04 13:04:29
Clark County,2020-03-29,15,0,1,4,8,2,0,2020/10/04 13:04:29
Clark County,2020-04-05,16,0,0,3,7,6,0,2020/10/04 13:04:29
Clark County,2020-04-12,8,0,0,1,4,3,0,2020/10/04 13:04:29
Clark County,2020-04-19,5,0,1,0,2,2,0,2020/10/04 13:04:29
Clark County,2020-04-26,1,0,0,0,1,0,0,2020/10/04 13:04:29
Clark County,2020-05-03,3,0,2,1,0,0,0,2020/10/04 13:04:29
Clark County,2020-05-10,2,0,0,1,1,0,0,2020/10/04 13:04:29
Clark County,2020-05-17,6,0,2,3,1,0,0,2020/10/04 13:04:29
Clark County,2020-05-24,3,0,1,1,0,1,0,2020/10/04 13:04:29
Clark County,2020-05-31,1,0,1,0,0,0,0,2020/10/04 13:04:29
Clark County,2020-06-07,6,0,3,1,1,1,0,2020/10/04 13:04:29
Clark County,2020-06-14,3,0,0,1,2,0,0,2020/10/04 13:04:29
Clark County,2020-06-21,7,0,3,3,1,0,0,2020/10/04 13:04:29
Clark County,2020-06-28,10,0,1,4,3,2,0,2020/10/04 13:04:29
Clark County,2020-07-05,14,0,2,4,4,4,0,2020/10/04 13:04:29
Clark County,2020-07-12,10,0,0,4,5,1,0,2020/10/04 13:04:29
Clark County,2020-07-19,11,0,2,5,0,4,0,2020/10/04 13:04:29
Clark County,2020-07-26,15,0,2,3,9,1,0,2020/10/04 13:04:29
Clark County,2020-08-02,11,0,2,4,5,0,0,2020/10/04 13:04:29
Clark County,2020-08-09,19,0,4,5,8,2,0,2020/10/04 13:04:29
Clark County,2020-08-16,14,0,2,1,7,4,0,2020/10/04 13:04:29
Clark County,2020-08-23,13,0,0,4,2,7,0,2020/10/04 13:04:29
Clark County,2020-08-30,14,0,1,5,6,2,0,2020/10/04 13:04:29
Clark County,2020-09-06,11,0,0,1,7,3,0,2020/10/04 13:04:29
Clark County,2020-09-13,19,0,8,2,8,1,0,2020/10/04 13:04:29
Clark County,2020-09-20,14,0,2,2,9,1,0,2020/10/04 13:04:29
Clark County,2020-09-27,10,0,0,6,3,1,0,2020/10/04 13:04:29
Columbia County,2020-06-21,2,1,0,1,0,0,0,2020/10/04 13:04:29
Columbia County,2020-07-19,1,0,0,0,1,0,0,2020/10/04 13:04:29
Cowlitz County,2020-03-08,1,0,0,0,1,0,0,2020/10/04 13:04:29
Cowlitz County,2020-03-15,4,0,0,0,4,0,0,2020/10/04 13:04:29
Cowlitz County,2020-03-22,1,0,0,0,0,1,0,2020/10/04 13:04:29
Cowlitz County,2020-03-29,2,0,0,1,1,0,0,2020/10/04 13:04:29
Cowlitz County,2020-04-05,1,0,0,0,1,0,0,2020/10/04 13:04:29
Cowlitz County,2020-04-12,1,0,0,1,0,0,0,2020/10/04 13:04:29
Cowlitz County,2020-04-19,1,0,0,0,1,0,0,2020/10/04 13:04:29
Cowlitz County,2020-05-31,2,0,0,2,0,0,0,2020/10/04 13:04:29
Cowlitz County,2020-06-07,1,0,0,0,0,1,0,2020/10/04 13:04:29
Cowlitz County,2020-06-14,2,0,1,1,0,0,0,2020/10/04 13:04:29
Cowlitz County,2020-06-21,2,0,0,0,2,0,0,2020/10/04 13:04:29
Cowlitz County,2020-06-28,2,0,1,0,0,1,0,2020/10/04 13:04:29
Cowlitz County,2020-07-05,4,0,1,1,1,1,0,2020/10/04 13:04:29
Cowlitz County,2020-07-12,7,0,3,2,2,0,0,2020/10/04 13:04:29
Cowlitz County,2020-07-26,1,0,0,1,0,0,0,2020/10/04 13:04:29
Cowlitz County,2020-08-09,1,0,0,0,1,0,0,2020/10/04 13:04:29
Cowlitz County,2020-08-16,2,0,1,1,0,0,0,2020/10/04 13:04:29
Cowlitz County,2020-08-23,1,0,0,0,1,0,0,2020/10/04 13:04:29
Cowlitz County,2020-09-06,1,0,0,0,0,1,0,2020/10/04 13:04:29
Cowlitz County,2020-09-13,2,0,1,0,0,1,0,2020/10/04 13:04:29
Cowlitz County,2020-09-20,2,0,0,0,0,2,0,2020/10/04 13:04:29
Douglas County,2020-03-22,3,0,0,0,2,0,1,2020/10/04 13:04:29
Douglas County,2020-04-05,1,0,1,0,0,0,0,2020/10/04 13:04:29
Douglas County,2020-04-12,2,0,0,2,0,0,0,2020/10/04 13:04:29
Douglas County,2020-04-26,4,0,0,0,2,2,0,2020/10/04 13:04:29
Douglas County,2020-05-17,1,0,0,1,0,0,0,2020/10/04 13:04:29
Douglas County,2020-06-28,2,1,0,0,1,0,0,2020/10/04 13:04:29
Douglas County,2020-07-05,7,2,1,4,0,0,0,2020/10/04 13:04:29
Douglas County,2020-07-12,4,0,0,3,1,0,0,2020/10/04 13:04:29
Douglas County,2020-07-19,6,0,1,4,1,0,0,2020/10/04 13:04:29
Douglas County,2020-07-26,5,0,1,2,2,0,0,2020/10/04 13:04:29
Douglas County,2020-08-02,8,0,0,3,3,2,0,2020/10/04 13:04:29
Douglas County,2020-08-09,6,0,1,1,2,2,0,2020/10/04 13:04:29
Douglas County,2020-08-16,3,0,1,1,1,0,0,2020/10/04 13:04:29
Douglas County,2020-08-23,2,0,0,1,0,1,0,2020/10/04 13:04:29
Douglas County,2020-08-30,1,0,1,0,0,0,0,2020/10/04 13:04:29
Douglas County,2020-09-06,2,0,0,1,1,0,0,2020/10/04 13:04:29
Douglas County,2020-09-27,2,1,0,0,1,0,0,2020/10/04 13:04:29
Ferry County,2020-08-16,1,0,1,0,0,0,0,2020/10/04 13:04:29
Franklin County,2020-03-08,1,0,1,0,0,0,0,2020/10/04 13:04:29
Franklin County,2020-03-15,4,0,1,0,3,0,0,2020/10/04 13:04:29
Franklin County,2020-03-22,4,0,0,1,2,1,0,2020/10/04 13:04:29
Franklin County,2020-03-29,2,0,0,1,0,1,0,2020/10/04 13:04:29
Franklin County,2020-04-05,8,0,1,1,6,0,0,2020/10/04 13:04:29
Franklin County,2020-04-12,11,0,1,5,4,1,0,2020/10/04 13:04:29
Franklin County,2020-04-19,10,0,0,3,4,3,0,2020/10/04 13:04:29
Franklin County,2020-04-26,6,0,1,2,2,1,0,2020/10/04 13:04:29
Franklin County,2020-05-03,8,0,2,2,2,2,0,2020/10/04 13:04:29
Franklin County,2020-05-10,8,0,3,3,2,0,0,2020/10/04 13:04:29
Franklin County,2020-05-17,3,0,1,1,1,0,0,2020/10/04 13:04:29
Franklin County,2020-05-24,11,2,1,3,5,0,0,2020/10/04 13:04:29
Franklin County,2020-05-31,11,0,0,3,7,1,0,2020/10/04 13:04:29
Franklin County,2020-06-07,18,1,1,7,8,1,0,2020/10/04 13:04:29
Franklin County,2020-06-14,27,1,6,5,14,1,0,2020/10/04 13:04:29
Franklin County,2020-06-21,20,1,4,11,3,1,0,2020/10/04 13:04:29
Franklin County,2020-06-28,24,0,3,6,10,5,0,2020/10/04 13:04:29
Franklin County,2020-07-05,19,0,6,7,6,0,0,2020/10/04 13:04:29
Franklin County,2020-07-12,23,1,4,10,8,0,0,2020/10/04 13:04:29
Franklin County,2020-07-19,12,0,1,3,5,3,0,2020/10/04 13:04:29
Franklin County,2020-07-26,7,0,3,2,1,1,0,2020/10/04 13:04:29
Franklin County,2020-08-02,6,0,3,1,2,0,0,2020/10/04 13:04:29
Franklin County,2020-08-09,6,0,0,3,2,1,0,2020/10/04 13:04:29
Franklin County,2020-08-16,6,0,0,2,4,0,0,2020/10/04 13:04:29
Franklin County,2020-08-23,8,1,3,0,2,2,0,2020/10/04 13:04:29
Franklin County,2020-08-30,9,0,1,2,5,1,0,2020/10/04 13:04:29
Franklin County,2020-09-06,11,0,1,6,3,1,0,2020/10/04 13:04:29
Franklin County,2020-09-13,11,0,3,5,1,2,0,2020/10/04 13:04:29
Franklin County,2020-09-20,3,0,1,2,0,0,0,2020/10/04 13:04:29
Franklin County,2020-09-27,3,0,2,0,1,0,0,2020/10/04 13:04:29
Grant County,2020-02-23,1,0,0,0,0,1,0,2020/10/04 13:04:29
Grant County,2020-03-01,1,0,0,1,0,0,0,2020/10/04 13:04:29
Grant County,2020-03-08,1,0,0,1,0,0,0,2020/10/04 13:04:29
Grant County,2020-03-15,4,0,1,2,1,0,0,2020/10/04 13:04:29
Grant County,2020-03-22,7,0,0,2,5,0,0,2020/10/04 13:04:29
Grant County,2020-03-29,4,0,1,0,3,0,0,2020/10/04 13:04:29
Grant County,2020-04-05,2,0,0,1,1,0,0,2020/10/04 13:04:29
Grant County,2020-04-26,1,0,1,0,0,0,0,2020/10/04 13:04:29
Grant County,2020-05-17,1,0,0,1,0,0,0,2020/10/04 13:04:29
Grant County,2020-05-31,4,0,1,1,0,2,0,2020/10/04 13:04:29
Grant County,2020-06-07,3,1,0,1,1,0,0,2020/10/04 13:04:29
Grant County,2020-06-14,6,0,1,1,1,3,0,2020/10/04 13:04:29
Grant County,2020-06-21,12,0,2,5,3,2,0,2020/10/04 13:04:29
Grant County,2020-06-28,9,0,1,5,2,1,0,2020/10/04 13:04:29
Grant County,2020-07-05,9,0,0,2,3,4,0,2020/10/04 13:04:29
Grant County,2020-07-12,6,0,2,1,3,0,0,2020/10/04 13:04:29
Grant County,2020-07-19,6,0,1,2,3,0,0,2020/10/04 13:04:29
Grant County,2020-07-26,4,0,1,3,0,0,0,2020/10/04 13:04:29
Grant County,2020-08-02,10,0,0,4,4,2,0,2020/10/04 13:04:29
Grant County,2020-08-09,9,0,1,4,4,0,0,2020/10/04 13:04:29
Grant County,2020-08-16,12,0,4,1,5,2,0,2020/10/04 13:04:29
Grant County,2020-08-23,14,0,1,5,6,2,0,2020/10/04 13:04:29
Grant County,2020-08-30,4,0,0,0,3,1,0,2020/10/04 13:04:29
Grant County,2020-09-06,6,0,2,3,1,0,0,2020/10/04 13:04:29
Grant County,2020-09-13,7,1,1,2,0,3,0,2020/10/04 13:04:29
Grant County,2020-09-20,7,0,1,3,1,2,0,2020/10/04 13:04:29
Grant County,2020-09-27,2,0,1,0,1,0,0,2020/10/04 13:04:29
Grays Harbor County,2020-03-01,1,0,0,0,1,0,0,2020/10/04 13:04:29
Grays Harbor County,2020-03-22,1,0,0,1,0,0,0,2020/10/04 13:04:29
Grays Harbor County,2020-04-05,4,0,0,1,3,0,0,2020/10/04 13:04:29
Grays Harbor County,2020-05-10,1,0,0,0,1,0,0,2020/10/04 13:04:29
Grays Harbor County,2020-06-21,1,0,0,1,0,0,0,2020/10/04 13:04:29
Grays Harbor County,2020-06-28,1,0,0,0,1,0,0,2020/10/04 13:04:29
Grays Harbor County,2020-07-05,1,0,0,0,1,0,0,2020/10/04 13:04:29
Grays Harbor County,2020-07-12,1,0,0,0,1,0,0,2020/10/04 13:04:29
Grays Harbor County,2020-07-19,1,0,0,1,0,0,0,2020/10/04 13:04:29
Grays Harbor County,2020-07-26,1,0,0,0,0,1,0,2020/10/04 13:04:29
Grays Harbor County,2020-08-02,1,0,0,0,1,0,0,2020/10/04 13:04:29
Grays Harbor County,2020-08-09,2,0,0,1,0,1,0,2020/10/04 13:04:29
Grays Harbor County,2020-08-16,3,0,0,0,2,1,0,2020/10/04 13:04:29
Grays Harbor County,2020-08-23,3,0,0,0,3,0,0,2020/10/04 13:04:29
Grays Harbor County,2020-09-06,5,1,0,1,1,2,0,2020/10/04 13:04:29
Grays Harbor County,2020-09-13,3,0,0,2,1,0,0,2020/10/04 13:04:29
Grays Harbor County,2020-09-20,5,0,3,1,1,0,0,2020/10/04 13:04:29
Island County,2020-02-17,1,0,0,0,0,1,0,2020/10/04 13:04:29
Island County,2020-03-08,5,0,0,2,1,2,0,2020/10/04 13:04:29
Island County,2020-03-15,2,0,0,0,1,1,0,2020/10/04 13:04:29
Island County,2020-03-22,6,0,0,0,2,4,0,2020/10/04 13:04:29
Island County,2020-03-29,5,0,0,1,3,1,0,2020/10/04 13:04:29
Island County,2020-04-05,1,0,0,1,0,0,0,2020/10/04 13:04:29
Island County,2020-04-12,1,0,1,0,0,0,0,2020/10/04 13:04:29
Island County,2020-04-26,2,0,0,0,0,2,0,2020/10/04 13:04:29
Island County,2020-05-03,1,0,0,1,0,0,0,2020/10/04 13:04:29
Island County,2020-05-24,1,0,0,1,0,0,0,2020/10/04 13:04:29
Island County,2020-06-21,1,0,0,0,1,0,0,2020/10/04 13:04:29
Island County,2020-09-13,1,0,0,0,0,1,0,2020/10/04 13:04:29
Island County,2020-09-20,1,0,1,0,0,0,0,2020/10/04 13:04:29
Jefferson County,2020-03-01,1,0,0,0,1,0,0,2020/10/04 13:04:29
Jefferson County,2020-03-08,1,0,0,0,1,0,0,2020/10/04 13:04:29
Jefferson County,2020-03-15,2,0,0,1,1,0,0,2020/10/04 13:04:29
Jefferson County,2020-03-22,1,0,0,0,1,0,0,2020/10/04 13:04:29
Jefferson County,2020-05-03,1,0,0,0,0,1,0,2020/10/04 13:04:29
Jefferson County,2020-06-14,1,0,0,0,1,0,0,2020/10/04 13:04:29
Jefferson County,2020-06-21,1,0,0,0,1,0,0,2020/10/04 13:04:29
Jefferson County,2020-07-12,2,0,1,1,0,0,0,2020/10/04 13:04:29
Jefferson County,2020-08-09,1,0,1,0,0,0,0,2020/10/04 13:04:29
Jefferson County,2020-09-27,1,0,1,0,0,0,0,2020/10/04 13:04:29
King County,2020-01-20,1,0,0,0,1,0,0,2020/10/04 13:04:29
King County,2020-01-27,2,0,0,0,1,1,0,2020/10/04 13:04:29
King County,2020-02-04,2,0,0,0,2,0,0,2020/10/04 13:04:29
King County,2020-02-10,8,0,0,1,2,5,0,2020/10/04 13:04:29
King County,2020-02-17,17,0,2,0,6,9,0,2020/10/04 13:04:29
King County,2020-02-23,32,0,1,8,14,9,0,2020/10/04 13:04:29
King County,2020-03-01,85,0,3,8,35,39,0,2020/10/04 13:04:29
King County,2020-03-08,118,1,7,16,60,34,0,2020/10/04 13:04:29
King County,2020-03-15,139,0,8,31,55,45,0,2020/10/04 13:04:29
King County,2020-03-22,225,2,17,63,95,48,0,2020/10/04 13:04:29
King County,2020-03-29,263,2,25,63,110,62,1,2020/10/04 13:04:29
King County,2020-04-05,193,1,19,56,75,42,0,2020/10/04 13:04:29
King County,2020-04-12,139,2,19,43,47,28,0,2020/10/04 13:04:29
King County,2020-04-19,124,0,13,33,53,25,0,2020/10/04 13:04:29
King County,2020-04-26,82,0,8,29,27,18,0,2020/10/04 13:04:29
King County,2020-05-03,64,0,12,15,22,15,0,2020/10/04 13:04:29
King County,2020-05-10,56,1,12,16,16,11,0,2020/10/04 13:04:29
King County,2020-05-17,49,0,7,14,17,11,0,2020/10/04 13:04:29
King County,2020-05-24,40,2,5,6,12,15,0,2020/10/04 13:04:29
King County,2020-05-31,31,2,6,7,12,4,0,2020/10/04 13:04:29
King County,2020-06-07,28,0,4,12,9,3,0,2020/10/04 13:04:29
King County,2020-06-14,30,3,5,4,7,11,0,2020/10/04 13:04:29
King County,2020-06-21,46,0,13,15,12,6,0,2020/10/04 13:04:29
King County,2020-06-28,38,0,9,13,11,5,0,2020/10/04 13:04:29
King County,2020-07-05,60,1,13,22,16,7,1,2020/10/04 13:04:29
King County,2020-07-12,61,1,9,22,23,6,0,2020/10/04 13:04:29
King County,2020-07-19,52,2,9,18,19,4,0,2020/10/04 13:04:29
King County,2020-07-26,73,2,15,14,27,15,0,2020/10/04 13:04:29
King County,2020-08-02,58,0,7,16,21,14,0,2020/10/04 13:04:29
King County,2020-08-09,59,0,8,20,23,8,0,2020/10/04 13:04:29
King County,2020-08-16,57,0,10,18,22,7,0,2020/10/04 13:04:29
King County,2020-08-23,32,0,5,10,12,5,0,2020/10/04 13:04:29
King County,2020-08-30,47,2,7,17,16,5,0,2020/10/04 13:04:29
King County,2020-09-06,26,2,3,8,11,2,0,2020/10/04 13:04:29
King County,2020-09-13,23,1,2,10,7,3,0,2020/10/04 13:04:29
King County,2020-09-20,40,0,4,15,13,8,0,2020/10/04 13:04:29
King County,2020-09-27,30,3,4,5,13,5,0,2020/10/04 13:04:29
Kitsap County,2020-03-01,1,0,0,0,1,0,0,2020/10/04 13:04:29
Kitsap County,2020-03-08,2,0,0,2,0,0,0,2020/10/04 13:04:29
Kitsap County,2020-03-15,1,0,0,0,1,0,0,2020/10/04 13:04:29
Kitsap County,2020-03-22,4,0,0,0,3,1,0,2020/10/04 13:04:29
Kitsap County,2020-03-29,13,0,2,4,4,3,0,2020/10/04 13:04:29
Kitsap County,2020-04-05,3,0,0,0,2,1,0,2020/10/04 13:04:29
Kitsap County,2020-04-19,1,0,0,0,1,0,0,2020/10/04 13:04:29
Kitsap County,2020-05-17,1,0,1,0,0,0,0,2020/10/04 13:04:29
Kitsap County,2020-06-07,2,0,0,2,0,0,0,2020/10/04 13:04:29
Kitsap County,2020-06-14,1,0,0,1,0,0,0,2020/10/04 13:04:29
Kitsap County,2020-06-21,5,0,2,2,0,1,0,2020/10/04 13:04:29
Kitsap County,2020-06-28,2,1,1,0,0,0,0,2020/10/04 13:04:29
Kitsap County,2020-07-05,2,0,0,0,0,2,0,2020/10/04 13:04:29
Kitsap County,2020-07-12,9,0,3,3,3,0,0,2020/10/04 13:04:29
Kitsap County,2020-07-19,6,0,1,2,2,1,0,2020/10/04 13:04:29
Kitsap County,2020-07-26,6,0,1,2,2,1,0,2020/10/04 13:04:29
Kitsap County,2020-08-02,4,0,0,2,2,0,0,2020/10/04 13:04:29
Kitsap County,2020-08-09,10,1,0,5,3,1,0,2020/10/04 13:04:29
Kitsap County,2020-08-16,5,0,0,1,4,0,0,2020/10/04 13:04:29
Kitsap County,2020-08-23,6,0,0,4,2,0,0,2020/10/04 13:04:29
Kitsap County,2020-08-30,1,0,0,1,0,0,0,2020/10/04 13:04:29
Kitsap County,2020-09-06,7,0,1,2,1,3,0,2020/10/04 13:04:29
Kitsap County,2020-09-13,3,0,1,0,1,1,0,2020/10/04 13:04:29
Kitsap County,2020-09-20,1,0,0,1,0,0,0,2020/10/04 13:04:29
Kittitas County,2020-04-26,1,0,0,1,0,0,0,2020/10/04 13:04:29
Kittitas County,2020-05-24,1,1,0,0,0,0,0,2020/10/04 13:04:29
Kittitas County,2020-06-21,3,0,0,1,2,0,0,2020/10/04 13:04:29
Kittitas County,2020-07-05,1,0,1,0,0,0,0,2020/10/04 13:04:29
Kittitas County,2020-07-12,1,0,0,1,0,0,0,2020/10/04 13:04:29
Kittitas County,2020-07-19,8,0,0,0,2,6,0,2020/10/04 13:04:29
Kittitas County,2020-07-26,3,0,0,0,2,1,0,2020/10/04 13:04:29
Kittitas County,2020-08-02,4,0,1,2,1,0,0,2020/10/04 13:04:29
Kittitas County,2020-09-06,1,0,0,0,0,1,0,2020/10/04 13:04:29
Kittitas County,2020-09-20,1,0,0,0,0,1,0,2020/10/04 13:04:29
Klickitat County,2020-03-15,1,0,0,0,1,0,0,2020/10/04 13:04:29
Klickitat County,2020-03-22,1,0,0,0,0,1,0,2020/10/04 13:04:29
Klickitat County,2020-04-05,1,0,0,0,0,1,0,2020/10/04 13:04:29
Klickitat County,2020-04-12,1,0,0,0,1,0,0,2020/10/04 13:04:29
Klickitat County,2020-06-14,2,0,0,2,0,0,0,2020/10/04 13:04:29
Klickitat County,2020-07-19,1,0,0,1,0,0,0,2020/10/04 13:04:29
Klickitat County,2020-09-06,1,0,1,0,0,0,0,2020/10/04 13:04:29
Lewis County,2020-03-08,1,0,0,0,0,1,0,2020/10/04 13:04:29
Lewis County,2020-03-29,4,0,0,1,2,1,0,2020/10/04 13:04:29
Lewis County,2020-04-19,2,0,1,0,1,0,0,2020/10/04 13:04:29
Lewis County,2020-05-10,1,0,0,1,0,0,0,2020/10/04 13:04:29
Lewis County,2020-05-17,1,0,0,1,0,0,0,2020/10/04 13:04:29
Lewis County,2020-06-14,3,0,1,0,1,1,0,2020/10/04 13:04:29
Lewis County,2020-06-21,1,0,1,0,0,0,0,2020/10/04 13:04:29
Lewis County,2020-06-28,2,0,0,0,1,1,0,2020/10/04 13:04:29
Lewis County,2020-07-12,2,0,0,0,2,0,0,2020/10/04 13:04:29
Lewis County,2020-07-19,2,0,1,0,1,0,0,2020/10/04 13:04:29
Lewis County,2020-07-26,1,0,0,0,1,0,0,2020/10/04 13:04:29
Lewis County,2020-08-02,3,0,0,0,0,3,0,2020/10/04 13:04:29
Lewis County,2020-08-09,4,0,0,2,2,0,0,2020/10/04 13:04:29
Lewis County,2020-08-16,1,0,1,0,0,0,0,2020/10/04 13:04:29
Lewis County,2020-08-30,3,0,0,0,2,1,0,2020/10/04 13:04:29
Lewis County,2020-09-06,1,0,0,0,1,0,0,2020/10/04 13:04:29
Lewis County,2020-09-13,2,0,0,1,0,1,0,2020/10/04 13:04:29
Lewis County,2020-09-20,3,0,1,1,0,1,0,2020/10/04 13:04:29
Lewis County,2020-09-27,3,0,0,0,2,1,0,2020/10/04 13:04:29
Lincoln County,2020-07-26,1,0,0,0,1,0,0,2020/10/04 13:04:29
Lincoln County,2020-08-09,1,0,0,0,1,0,0,2020/10/04 13:04:29
Lincoln County,2020-09-20,1,0,0,0,1,0,0,2020/10/04 13:04:29
Mason County,2020-03-29,1,0,0,0,1,0,0,2020/10/04 13:04:29
Mason County,2020-04-12,2,0,0,0,2,0,0,2020/10/04 13:04:29
Mason County,2020-04-19,1,0,0,1,0,0,0,2020/10/04 13:04:29
Mason County,2020-05-31,1,0,0,1,0,0,0,2020/10/04 13:04:29
Mason County,2020-06-28,1,0,0,1,0,0,0,2020/10/04 13:04:29
Mason County,2020-07-12,1,1,0,0,0,0,0,2020/10/04 13:04:29
Mason County,2020-07-19,1,0,1,0,0,0,0,2020/10/04 13:04:29
Mason County,2020-07-26,2,0,0,2,0,0,0,2020/10/04 13:04:29
Mason County,2020-08-02,2,0,1,1,0,0,0,2020/10/04 13:04:29
Mason County,2020-08-09,1,0,0,0,0,1,0,2020/10/04 13:04:29
Mason County,2020-08-16,1,0,0,1,0,0,0,2020/10/04 13:04:29
Mason County,2020-08-23,3,0,0,0,3,0,0,2020/10/04 13:04:29
Mason County,2020-08-30,1,0,0,0,0,1,0,2020/10/04 13:04:29
Mason County,2020-09-06,1,0,0,0,0,1,0,2020/10/04 13:04:29
Mason County,2020-09-13,1,0,1,0,0,0,0,2020/10/04 13:04:29
Mason County,2020-09-20,1,0,0,0,1,0,0,2020/10/04 13:04:29
Okanogan County,2020-03-29,1,0,0,0,1,0,0,2020/10/04 13:04:29
Okanogan County,2020-04-26,1,0,1,0,0,0,0,2020/10/04 13:04:29
Okanogan County,2020-05-03,2,0,1,0,1,0,0,2020/10/04 13:04:29
Okanogan County,2020-05-24,1,0,0,1,0,0,0,2020/10/04 13:04:29
Okanogan County,2020-06-14,1,0,0,0,1,0,0,2020/10/04 13:04:29
Okanogan County,2020-06-28,2,0,0,0,2,0,0,2020/10/04 13:04:29
Okanogan County,2020-07-05,1,0,0,1,0,0,0,2020/10/04 13:04:29
Okanogan County,2020-07-12,3,0,0,2,1,0,0,2020/10/04 13:04:29
Okanogan County,2020-07-19,5,0,3,2,0,0,0,2020/10/04 13:04:29
Okanogan County,2020-07-26,8,0,2,4,1,1,0,2020/10/04 13:04:29
Okanogan County,2020-08-02,5,0,1,1,2,1,0,2020/10/04 13:04:29
Okanogan County,2020-08-09,7,0,1,2,4,0,0,2020/10/04 13:04:29
Okanogan County,2020-08-16,1,0,0,0,0,1,0,2020/10/04 13:04:29
Okanogan County,2020-09-06,2,0,0,2,0,0,0,2020/10/04 13:04:29
Pacific County,2020-06-28,1,0,1,0,0,0,0,2020/10/04 13:04:29
Pacific County,2020-07-26,1,0,0,0,1,0,0,2020/10/04 13:04:29
Pacific County,2020-08-02,1,0,0,0,1,0,0,2020/10/04 13:04:29
Pend Oreille County,2020-07-12,3,0,1,0,2,0,0,2020/10/04 13:04:29
Pend Oreille County,2020-07-19,1,0,0,1,0,0,0,2020/10/04 13:04:29
Pend Oreille County,2020-08-02,1,0,0,1,0,0,0,2020/10/04 13:04:29
Pierce County,2020-02-17,2,0,0,0,2,0,0,2020/10/04 13:04:29
Pierce County,2020-03-01,5,0,2,3,0,0,0,2020/10/04 13:04:29
Pierce County,2020-03-08,10,1,2,1,6,0,0,2020/10/04 13:04:29
Pierce County,2020-03-15,35,0,7,11,14,3,0,2020/10/04 13:04:29
Pierce County,2020-03-22,52,0,8,14,25,5,0,2020/10/04 13:04:29
Pierce County,2020-03-29,45,0,7,11,24,3,0,2020/10/04 13:04:29
Pierce County,2020-04-05,41,0,4,19,12,6,0,2020/10/04 13:04:29
Pierce County,2020-04-12,34,0,2,8,16,8,0,2020/10/04 13:04:29
Pierce County,2020-04-19,24,2,5,9,8,0,0,2020/10/04 13:04:29
Pierce County,2020-04-26,34,0,7,16,9,2,0,2020/10/04 13:04:29
Pierce County,2020-05-03,14,0,1,6,5,2,0,2020/10/04 13:04:29
Pierce County,2020-05-10,15,1,2,6,4,2,0,2020/10/04 13:04:29
Pierce County,2020-05-17,10,0,0,2,4,4,0,2020/10/04 13:04:29
Pierce County,2020-05-24,14,0,3,6,3,2,0,2020/10/04 13:04:29
Pierce County,2020-05-31,13,0,2,6,5,0,0,2020/10/04 13:04:29
Pierce County,2020-06-07,12,0,1,3,7,1,0,2020/10/04 13:04:29
Pierce County,2020-06-14,9,0,4,3,2,0,0,2020/10/04 13:04:29
Pierce County,2020-06-21,18,0,2,8,4,4,0,2020/10/04 13:04:29
Pierce County,2020-06-28,17,2,2,6,1,6,0,2020/10/04 13:04:29
Pierce County,2020-07-05,17,0,1,6,5,5,0,2020/10/04 13:04:29
Pierce County,2020-07-12,32,0,3,14,11,4,0,2020/10/04 13:04:29
Pierce County,2020-07-19,47,1,9,14,19,4,0,2020/10/04 13:04:29
Pierce County,2020-07-26,54,2,7,13,21,11,0,2020/10/04 13:04:29
Pierce County,2020-08-02,52,1,11,18,20,2,0,2020/10/04 13:04:29
Pierce County,2020-08-09,40,2,7,14,15,2,0,2020/10/04 13:04:29
Pierce County,2020-08-16,24,1,6,2,9,6,0,2020/10/04 13:04:29
Pierce County,2020-08-23,28,0,5,6,14,3,0,2020/10/04 13:04:29
Pierce County,2020-08-30,17,0,5,2,7,3,0,2020/10/04 13:04:29
Pierce County,2020-09-06,23,0,5,7,8,3,0,2020/10/04 13:04:29
Pierce County,2020-09-13,35,1,11,13,6,4,0,2020/10/04 13:04:29
Pierce County,2020-09-20,32,1,4,11,13,3,0,2020/10/04 13:04:29
Pierce County,2020-09-27,15,0,3,5,6,1,0,2020/10/04 13:04:29
San Juan County,2020-03-15,1,0,0,1,0,0,0,2020/10/04 13:04:29
San Juan County,2020-08-16,1,0,0,0,1,0,0,2020/10/04 13:04:29
Skagit County,2020-03-08,2,0,2,0,0,0,0,2020/10/04 13:04:29
Skagit County,2020-03-15,4,0,0,0,1,3,0,2020/10/04 13:04:29
Skagit County,2020-03-22,8,0,0,2,6,0,0,2020/10/04 13:04:29
Skagit County,2020-03-29,8,0,1,3,2,2,0,2020/10/04 13:04:29
Skagit County,2020-04-05,3,0,0,1,2,0,0,2020/10/04 13:04:29
Skagit County,2020-04-12,11,0,2,4,4,1,0,2020/10/04 13:04:29
Skagit County,2020-04-19,4,0,1,1,1,1,0,2020/10/04 13:04:29
Skagit County,2020-04-26,4,0,2,0,2,0,0,2020/10/04 13:04:29
Skagit County,2020-05-03,3,0,0,2,0,1,0,2020/10/04 13:04:29
Skagit County,2020-05-10,2,0,0,2,0,0,0,2020/10/04 13:04:29
Skagit County,2020-05-17,1,0,0,1,0,0,0,2020/10/04 13:04:29
Skagit County,2020-05-31,1,0,1,0,0,0,0,2020/10/04 13:04:29
Skagit County,2020-06-07,3,0,2,1,0,0,0,2020/10/04 13:04:29
Skagit County,2020-06-14,2,0,1,0,1,0,0,2020/10/04 13:04:29
Skagit County,2020-06-21,1,0,0,1,0,0,0,2020/10/04 13:04:29
Skagit County,2020-06-28,2,0,0,2,0,0,0,2020/10/04 13:04:29
Skagit County,2020-07-05,5,1,0,1,3,0,0,2020/10/04 13:04:29
Skagit County,2020-07-12,5,0,2,2,1,0,0,2020/10/04 13:04:29
Skagit County,2020-07-19,8,0,2,4,2,0,0,2020/10/04 13:04:29
Skagit County,2020-07-26,4,0,1,2,1,0,0,2020/10/04 13:04:29
Skagit County,2020-08-02,2,0,0,0,2,0,0,2020/10/04 13:04:29
Skagit County,2020-08-09,3,0,0,1,2,0,0,2020/10/04 13:04:29
Skagit County,2020-08-16,2,0,1,1,0,0,0,2020/10/04 13:04:29
Skagit County,2020-08-23,3,0,0,1,1,1,0,2020/10/04 13:04:29
Skagit County,2020-08-30,3,0,1,1,1,0,0,2020/10/04 13:04:29
Skagit County,2020-09-06,1,0,0,0,1,0,0,2020/10/04 13:04:29
Skagit County,2020-09-13,1,0,0,0,1,0,0,2020/10/04 13:04:29
Skagit County,2020-09-20,2,0,0,1,1,0,0,2020/10/04 13:04:29
Skamania County,2020-03-29,1,0,0,0,1,0,0,2020/10/04 13:04:29
Skamania County,2020-06-21,1,0,0,0,0,1,0,2020/10/04 13:04:29
Skamania County,2020-07-19,2,0,0,0,2,0,0,2020/10/04 13:04:29
Skamania County,2020-09-20,1,0,1,0,0,0,0,2020/10/04 13:04:29
Snohomish County,2020-01-12,1,0,0,1,0,0,0,2020/10/04 13:04:29
Snohomish County,2020-01-20,1,0,1,0,0,0,0,2020/10/04 13:04:29
Snohomish County,2020-02-04,2,0,1,0,1,0,0,2020/10/04 13:04:29
Snohomish County,2020-02-10,1,0,0,0,0,1,0,2020/10/04 13:04:29
Snohomish County,2020-02-23,8,0,0,4,3,1,0,2020/10/04 13:04:29
Snohomish County,2020-03-01,24,0,3,6,11,4,0,2020/10/04 13:04:29
Snohomish County,2020-03-08,57,0,4,7,25,21,0,2020/10/04 13:04:29
Snohomish County,2020-03-15,84,0,6,21,39,18,0,2020/10/04 13:04:29
Snohomish County,2020-03-22,85,1,12,30,33,9,0,2020/10/04 13:04:29
Snohomish County,2020-03-29,84,0,12,24,28,20,0,2020/10/04 13:04:29
Snohomish County,2020-04-05,48,1,6,15,16,10,0,2020/10/04 13:04:29
Snohomish County,2020-04-12,39,1,4,12,12,10,0,2020/10/04 13:04:29
Snohomish County,2020-04-19,29,1,3,5,11,9,0,2020/10/04 13:04:29
Snohomish County,2020-04-26,29,0,3,6,10,10,0,2020/10/04 13:04:29
Snohomish County,2020-05-03,32,0,5,12,8,7,0,2020/10/04 13:04:29
Snohomish County,2020-05-10,16,0,3,2,4,7,0,2020/10/04 13:04:29
Snohomish County,2020-05-17,16,0,3,4,5,4,0,2020/10/04 13:04:29
Snohomish County,2020-05-24,14,1,2,3,8,0,0,2020/10/04 13:04:29
Snohomish County,2020-05-31,9,0,0,2,6,1,0,2020/10/04 13:04:29
Snohomish County,2020-06-07,13,0,1,7,5,0,0,2020/10/04 13:04:29
Snohomish County,2020-06-14,9,0,0,2,3,4,0,2020/10/04 13:04:29
Snohomish County,2020-06-21,13,0,4,6,2,1,0,2020/10/04 13:04:29
Snohomish County,2020-06-28,7,0,3,1,3,0,0,2020/10/04 13:04:29
Snohomish County,2020-07-05,15,1,3,6,2,3,0,2020/10/04 13:04:29
Snohomish County,2020-07-12,17,0,2,4,8,3,0,2020/10/04 13:04:29
Snohomish County,2020-07-19,16,0,3,5,3,5,0,2020/10/04 13:04:29
Snohomish County,2020-07-26,22,0,4,7,6,5,0,2020/10/04 13:04:29
Snohomish County,2020-08-02,24,0,1,7,11,5,0,2020/10/04 13:04:29
Snohomish County,2020-08-09,16,0,2,3,8,3,0,2020/10/04 13:04:29
Snohomish County,2020-08-16,19,1,2,8,6,2,0,2020/10/04 13:04:29
Snohomish County,2020-08-23,9,0,3,1,4,1,0,2020/10/04 13:04:29
Snohomish County,2020-08-30,17,0,3,5,5,4,0,2020/10/04 13:04:29
Snohomish County,2020-09-06,9,2,1,2,2,2,0,2020/10/04 13:04:29
Snohomish County,2020-09-13,9,0,0,2,2,5,0,2020/10/04 13:04:29
Snohomish County,2020-09-20,14,2,1,6,5,0,0,2020/10/04 13:04:29
Snohomish County,2020-09-27,14,1,2,6,3,2,0,2020/10/04 13:04:29
Spokane County,2020-03-08,1,0,0,0,0,1,0,2020/10/04 13:04:29
Spokane County,2020-03-15,9,0,0,4,4,1,0,2020/10/04 13:04:29
Spokane County,2020-03-22,20,0,2,5,8,5,0,2020/10/04 13:04:29
Spokane County,2020-03-29,9,0,1,2,3,3,0,2020/10/04 13:04:29
Spokane County,2020-04-05,15,0,2,1,8,4,0,2020/10/04 13:04:29
Spokane County,2020-04-12,5,0,0,1,2,2,0,2020/10/04 13:04:29
Spokane County,2020-04-19,8,0,0,1,6,1,0,2020/10/04 13:04:29
Spokane County,2020-04-26,2,0,0,1,1,0,0,2020/10/04 13:04:29
Spokane County,2020-05-03,1,0,0,0,0,1,0,2020/10/04 13:04:29
Spokane County,2020-05-10,4,0,0,2,2,0,0,2020/10/04 13:04:29
Spokane County,2020-05-17,7,1,0,4,1,1,0,2020/10/04 13:04:29
Spokane County,2020-05-24,5,0,2,1,1,1,0,2020/10/04 13:04:29
Spokane County,2020-05-31,3,0,0,1,2,0,0,2020/10/04 13:04:29
Spokane County,2020-06-07,7,0,1,5,1,0,0,2020/10/04 13:04:29
Spokane County,2020-06-14,11,0,1,4,6,0,0,2020/10/04 13:04:29
Spokane County,2020-06-21,18,0,1,8,7,2,0,2020/10/04 13:04:29
Spokane County,2020-06-28,27,1,5,3,9,9,0,2020/10/04 13:04:29
Spokane County,2020-07-05,21,1,2,5,5,8,0,2020/10/04 13:04:29
Spokane County,2020-07-12,31,0,8,6,8,9,0,2020/10/04 13:04:29
Spokane County,2020-07-19,35,1,3,8,11,12,0,2020/10/04 13:04:29
Spokane County,2020-07-26,52,0,6,10,21,15,0,2020/10/04 13:04:29
Spokane County,2020-08-02,32,1,3,8,9,11,0,2020/10/04 13:04:29
Spokane County,2020-08-09,14,0,3,4,6,1,0,2020/10/04 13:04:29
Spokane County,2020-08-16,18,1,1,5,6,5,0,2020/10/04 13:04:29
Spokane County,2020-08-23,25,0,6,4,8,7,0,2020/10/04 13:04:29
Spokane County,2020-08-30,10,0,3,2,5,0,0,2020/10/04 13:04:29
Spokane County,2020-09-06,23,0,3,4,11,5,0,2020/10/04 13:04:29
Spokane County,2020-09-13,34,0,3,8,15,8,0,2020/10/04 13:04:29
Spokane County,2020-09-20,33,1,3,5,14,10,0,2020/10/04 13:04:29
Spokane County,2020-09-27,25,1,6,6,10,2,0,2020/10/04 13:04:29
Stevens County,2020-03-15,1,0,0,1,0,0,0,2020/10/04 13:04:29
Stevens County,2020-03-29,1,0,0,0,1,0,0,2020/10/04 13:04:29
Stevens County,2020-04-05,1,0,0,0,1,0,0,2020/10/04 13:04:29
Stevens County,2020-04-19,1,0,0,0,1,0,0,2020/10/04 13:04:29
Stevens County,2020-06-21,1,0,0,0,1,0,0,2020/10/04 13:04:29
Stevens County,2020-07-05,1,0,1,0,0,0,0,2020/10/04 13:04:29
Stevens County,2020-07-12,1,0,0,0,1,0,0,2020/10/04 13:04:29
Stevens County,2020-07-19,1,0,0,1,0,0,0,2020/10/04 13:04:29
Stevens County,2020-07-26,2,0,0,1,1,0,0,2020/10/04 13:04:29
Stevens County,2020-08-02,2,0,0,0,2,0,0,2020/10/04 13:04:29
Stevens County,2020-08-16,1,0,1,0,0,0,0,2020/10/04 13:04:29
Stevens County,2020-09-13,2,0,0,0,1,1,0,2020/10/04 13:04:29
Stevens County,2020-09-20,1,0,0,0,1,0,0,2020/10/04 13:04:29
Stevens County,2020-09-27,2,0,0,0,1,1,0,2020/10/04 13:04:29
Thurston County,2020-03-08,4,0,0,3,1,0,0,2020/10/04 13:04:29
Thurston County,2020-03-15,1,0,0,0,1,0,0,2020/10/04 13:04:29
Thurston County,2020-03-22,4,0,0,1,1,2,0,2020/10/04 13:04:29
Thurston County,2020-03-29,3,0,0,2,1,0,0,2020/10/04 13:04:29
Thurston County,2020-04-05,2,0,0,0,2,0,0,2020/10/04 13:04:29
Thurston County,2020-04-12,1,0,0,1,0,0,0,2020/10/04 13:04:29
Thurston County,2020-04-19,1,0,0,0,1,0,0,2020/10/04 13:04:29
Thurston County,2020-04-26,1,0,0,0,1,0,0,2020/10/04 13:04:29
Thurston County,2020-05-24,3,0,0,0,2,1,0,2020/10/04 13:04:29
Thurston County,2020-05-31,6,0,0,3,0,3,0,2020/10/04 13:04:29
Thurston County,2020-06-07,7,0,1,0,2,4,0,2020/10/04 13:04:29
Thurston County,2020-06-14,1,0,1,0,0,0,0,2020/10/04 13:04:29
Thurston County,2020-06-21,1,0,0,1,0,0,0,2020/10/04 13:04:29
Thurston County,2020-06-28,3,0,0,0,3,0,0,2020/10/04 13:04:29
Thurston County,2020-07-05,5,0,1,2,1,1,0,2020/10/04 13:04:29
Thurston County,2020-07-12,5,0,2,2,0,1,0,2020/10/04 13:04:29
Thurston County,2020-07-19,6,0,1,2,1,2,0,2020/10/04 13:04:29
Thurston County,2020-07-26,5,0,0,2,2,1,0,2020/10/04 13:04:29
Thurston County,2020-08-02,4,1,0,0,2,1,0,2020/10/04 13:04:29
Thurston County,2020-08-09,5,0,1,1,1,2,0,2020/10/04 13:04:29
Thurston County,2020-08-16,6,0,0,3,3,0,0,2020/10/04 13:04:29
Thurston County,2020-08-23,8,1,0,3,4,0,0,2020/10/04 13:04:29
Thurston County,2020-08-30,4,0,2,0,2,0,0,2020/10/04 13:04:29
Thurston County,2020-09-06,4,0,0,1,3,0,0,2020/10/04 13:04:29
Thurston County,2020-09-13,4,0,0,1,3,0,0,2020/10/04 13:04:29
Thurston County,2020-09-20,4,0,1,0,3,0,0,2020/10/04 13:04:29
Thurston County,2020-09-27,6,0,1,2,2,1,0,2020/10/04 13:04:29
Walla Walla County,2020-03-29,1,0,0,0,1,0,0,2020/10/04 13:04:29
Walla Walla County,2020-04-05,2,0,1,0,1,0,0,2020/10/04 13:04:29
Walla Walla County,2020-04-19,4,0,0,0,3,1,0,2020/10/04 13:04:29
Walla Walla County,2020-05-17,1,0,0,1,0,0,0,2020/10/04 13:04:29
Walla Walla County,2020-06-14,1,0,0,1,0,0,0,2020/10/04 13:04:29
Walla Walla County,2020-06-21,3,0,0,0,3,0,0,2020/10/04 13:04:29
Walla Walla County,2020-07-05,3,0,1,0,1,1,0,2020/10/04 13:04:29
Walla Walla County,2020-07-12,3,0,0,1,2,0,0,2020/10/04 13:04:29
Walla Walla County,2020-07-19,6,0,0,2,3,1,0,2020/10/04 13:04:29
Walla Walla County,2020-07-26,8,0,1,0,3,4,0,2020/10/04 13:04:29
Walla Walla County,2020-08-02,4,0,1,1,2,0,0,2020/10/04 13:04:29
Walla Walla County,2020-08-09,1,0,0,1,0,0,0,2020/10/04 13:04:29
Walla Walla County,2020-08-16,7,0,0,2,3,2,0,2020/10/04 13:04:29
Walla Walla County,2020-08-23,1,0,0,0,1,0,0,2020/10/04 13:04:29
Walla Walla County,2020-09-13,3,0,1,1,1,0,0,2020/10/04 13:04:29
Walla Walla County,2020-09-20,2,0,0,0,2,0,0,2020/10/04 13:04:29
Whatcom County,2020-03-01,1,0,0,0,1,0,0,2020/10/04 13:04:29
Whatcom County,2020-03-08,4,1,0,0,3,0,0,2020/10/04 13:04:29
Whatcom County,2020-03-15,13,0,0,5,3,5,0,2020/10/04 13:04:29
Whatcom County,2020-03-22,5,0,0,0,3,2,0,2020/10/04 13:04:29
Whatcom County,2020-03-29,7,0,2,2,0,3,0,2020/10/04 13:04:29
Whatcom County,2020-04-05,6,0,1,0,4,1,0,2020/10/04 13:04:29
Whatcom County,2020-04-12,3,0,0,1,1,1,0,2020/10/04 13:04:29
Whatcom County,2020-04-19,3,0,1,1,1,0,0,2020/10/04 13:04:29
Whatcom County,2020-04-26,2,0,0,1,0,1,0,2020/10/04 13:04:29
Whatcom County,2020-05-03,2,0,0,0,0,2,0,2020/10/04 13:04:29
Whatcom County,2020-05-17,1,0,1,0,0,0,0,2020/10/04 13:04:29
Whatcom County,2020-05-24,1,0,0,1,0,0,0,2020/10/04 13:04:29
Whatcom County,2020-06-14,1,0,0,1,0,0,0,2020/10/04 13:04:29
Whatcom County,2020-06-21,4,0,1,1,2,0,0,2020/10/04 13:04:29
Whatcom County,2020-06-28,5,0,0,3,2,0,0,2020/10/04 13:04:29
Whatcom County,2020-07-05,3,0,0,2,1,0,0,2020/10/04 13:04:29
Whatcom County,2020-07-12,5,0,1,1,2,1,0,2020/10/04 13:04:29
Whatcom County,2020-07-19,6,0,2,0,2,2,0,2020/10/04 13:04:29
Whatcom County,2020-07-26,3,0,1,1,1,0,0,2020/10/04 13:04:29
Whatcom County,2020-08-02,1,0,0,1,0,0,0,2020/10/04 13:04:29
Whatcom County,2020-08-09,1,0,0,0,1,0,0,2020/10/04 13:04:29
Whatcom County,2020-08-16,2,0,0,1,0,1,0,2020/10/04 13:04:29
Whatcom County,2020-08-23,1,0,0,0,1,0,0,2020/10/04 13:04:29
Whatcom County,2020-08-30,1,0,0,1,0,0,0,2020/10/04 13:04:29
Whatcom County,2020-09-06,8,0,2,4,2,0,0,2020/10/04 13:04:29
Whatcom County,2020-09-13,4,0,1,2,1,0,0,2020/10/04 13:04:29
Whatcom County,2020-09-20,2,0,0,0,0,2,0,2020/10/04 13:04:29
Whatcom County,2020-09-27,3,0,0,1,1,1,0,2020/10/04 13:04:29
Whitman County,2020-06-21,1,0,0,1,0,0,0,2020/10/04 13:04:29
Whitman County,2020-08-02,1,0,0,1,0,0,0,2020/10/04 13:04:29
Whitman County,2020-09-13,1,0,0,0,0,1,0,2020/10/04 13:04:29
Whitman County,2020-09-27,1,0,0,0,0,1,0,2020/10/04 13:04:29
Yakima County,2020-02-04,2,0,0,0,0,2,0,2020/10/04 13:04:29
Yakima County,2020-02-10,1,0,1,0,0,0,0,2020/10/04 13:04:29
Yakima County,2020-02-17,3,0,0,0,2,1,0,2020/10/04 13:04:29
Yakima County,2020-03-15,6,0,1,0,4,1,0,2020/10/04 13:04:29
Yakima County,2020-03-22,15,0,3,6,5,1,0,2020/10/04 13:04:29
Yakima County,2020-03-29,27,2,0,6,13,6,0,2020/10/04 13:04:29
Yakima County,2020-04-05,32,0,5,12,12,3,0,2020/10/04 13:04:29
Yakima County,2020-04-12,16,0,3,5,6,2,0,2020/10/04 13:04:29
Yakima County,2020-04-19,28,0,3,8,16,1,0,2020/10/04 13:04:29
Yakima County,2020-04-26,24,0,3,8,9,4,0,2020/10/04 13:04:29
Yakima County,2020-05-03,31,0,5,14,9,3,0,2020/10/04 13:04:29
Yakima County,2020-05-10,32,1,7,6,9,9,0,2020/10/04 13:04:29
Yakima County,2020-05-17,49,1,8,20,17,3,0,2020/10/04 13:04:29
Yakima County,2020-05-24,61,1,9,22,24,5,0,2020/10/04 13:04:29
Yakima County,2020-05-31,42,0,10,10,18,4,0,2020/10/04 13:04:29
Yakima County,2020-06-07,63,0,14,22,23,4,0,2020/10/04 13:04:29
Yakima County,2020-06-14,61,1,8,16,25,11,0,2020/10/04 13:04:29
Yakima County,2020-06-21,52,0,6,16,20,10,0,2020/10/04 13:04:29
Yakima County,2020-06-28,50,2,8,12,14,14,0,2020/10/04 13:04:29
Yakima County,2020-07-05,25,0,2,11,6,6,0,2020/10/04 13:04:29
Yakima County,2020-07-12,43,3,10,12,13,5,0,2020/10/04 13:04:29
Yakima County,2020-07-19,28,2,4,8,10,4,0,2020/10/04 13:04:29
Yakima County,2020-07-26,17,0,3,10,4,0,0,2020/10/04 13:04:29
Yakima County,2020-08-02,19,0,8,6,5,0,0,2020/10/04 13:04:29
Yakima County,2020-08-09,20,0,3,8,6,3,0,2020/10/04 13:04:29
Yakima County,2020-08-16,11,1,0,4,5,1,0,2020/10/04 13:04:29
Yakima County,2020-08-23,8,0,1,4,1,2,0,2020/10/04 13:04:29
Yakima County,2020-08-30,6,0,1,3,2,0,0,2020/10/04 13:04:29
Yakima County,2020-09-06,8,0,0,4,3,1,0,2020/10/04 13:04:29
Yakima County,2020-09-13,8,0,1,1,6,0,0,2020/10/04 13:04:29
Yakima County,2020-09-20,5,0,0,4,0,1,0,2020/10/04 13:04:29
Yakima County,2020-09-27,1,0,0,1,0,0,0,2020/10/04 13:04:29
Unassigned,2020-07-19,2,0,0,2,0,0,0,2020/10/04 13:04:29
Unassigned,2020-08-09,2,0,1,1,0,0,0,2020/10/04 13:04:29
Unassigned,2020-08-16,1,0,1,0,0,0,0,2020/10/04 13:04:29
Unassigned,2020-08-23,1,0,0,0,0,1,0,2020/10/04 13:04:29
Unassigned,2020-08-30,1,0,0,0,1,0,0,2020/10/04 13:04:29
Asotin County,Unknown,2,0,0,1,1,0,0,2020/10/04 13:04:29
Benton County,Unknown,4,0,0,3,1,0,0,2020/10/04 13:04:29
Chelan County,Unknown,2,0,0,1,0,1,0,2020/10/04 13:04:29
Cowlitz County,Unknown,2,0,1,0,1,0,0,2020/10/04 13:04:29
Douglas County,Unknown,1,0,1,0,0,0,0,2020/10/04 13:04:29
Franklin County,Unknown,15,1,2,7,3,2,0,2020/10/04 13:04:29
Grant County,Unknown,2,0,0,1,1,0,0,2020/10/04 13:04:29
Grays Harbor County,Unknown,3,0,1,1,1,0,0,2020/10/04 13:04:29
Island County,Unknown,9,0,1,2,3,3,0,2020/10/04 13:04:29
King County,Unknown,20,0,2,8,5,5,0,2020/10/04 13:04:29
Kitsap County,Unknown,4,0,0,2,2,0,0,2020/10/04 13:04:29
Klickitat County,Unknown,3,0,0,1,2,0,0,2020/10/04 13:04:29
Lewis County,Unknown,4,1,1,1,0,1,0,2020/10/04 13:04:29
Mason County,Unknown,2,0,0,0,1,1,0,2020/10/04 13:04:29
Okanogan County,Unknown,7,1,1,3,2,0,0,2020/10/04 13:04:29
Pacific County,Unknown,5,0,1,1,3,0,0,2020/10/04 13:04:29
Pend Oreille County,Unknown,1,0,0,1,0,0,0,2020/10/04 13:04:29
Pierce County,Unknown,53,8,19,14,7,5,0,2020/10/04 13:04:29
Skagit County,Unknown,1,0,0,1,0,0,0,2020/10/04 13:04:29
Skamania County,Unknown,1,0,1,0,0,0,0,2020/10/04 13:04:29
Snohomish County,Unknown,5,0,2,2,1,0,0,2020/10/04 13:04:29
Spokane County,Unknown,14,1,6,3,3,1,0,2020/10/04 13:04:29
Thurston County,Unknown,7,1,1,1,3,1,0,2020/10/04 13:04:29
Walla Walla County,Unknown,4,0,0,3,1,0,0,2020/10/04 13:04:29
Whatcom County,Unknown,2,0,0,2,0,0,0,2020/10/04 13:04:29
Yakima County,Unknown,3,0,0,1,1,1,0,2020/10/04 13:04:29