Day,Alameda,Alpine,Amador,Butte,Calaveras,Colusa,Contra Costa,Del Norte,El Dorado,Fresno,Glenn,Humboldt,Imperial,Inyo,Kern,Kings,Lake,Lassen,Los Angeles,Madera,Marin,Mariposa,Mendocino,Merced,Modoc,Mono,Monterey,Napa,Nevada,Orange,Out of CA,Placer,Plumas,Riverside,Sacramento,San Benito,San Bernardino,San Diego,San Francisco,San Joaquin,San Luis Obispo,San Mateo,Santa Barbara,Santa Clara,Santa Cruz,Shasta,Sierra,Siskiyou,Solano,Sonoma,Stanislaus,Sutter,Tehama,Trinity,Tulare,Tuolumne,Ventura,Yolo,Yuba,MEAN_ALL,MEAN_0,MEAN_1,MEAN_2,SUM_ALL,SUM_0,SUM_1,SUM_2,VAR_ALL,VAR_0,VAR_1,VAR_2,NTP_0,NTP_1,NTP_2,CRESCENT TMP,CRESCENT HUMIDITY,CRESCENT VIS,LEMOORE TMP,LEMOORE HUMIDITY,LEMOORE VIS,HANFORD TMP,HANFORD HUMIDITY,HANFORD VIS,PASOROBLES TMP,PASOROBLES HUMIDITY,PASOROBLES VIS
15/04/2020,76,0,0,1,0,0,63,0,1,29,0,1,17,5,71,1,1,0,470,0,1,0,0,2,0,0,13,0,0,77,0,1,0,0,37,0,0,83,26,27,3,26,29,127,5,0,0,0,5,8,17,1,0,0,56,1,15,1,0,0.032522406,0.17740825,0.023973542,0.007990627,18.1800251,10.64449499,5.322126338,2.213403773,0.015717944,0.123226515,0.000219064,3.40E-05,60,222,277,55.04,10.01079094,16093,75.92,0.166799862,16093,77,0.182155577,16093,75.02,1.371008749,16093
16/04/2020,43,0,0,0,2,0,16,0,0,14,0,1,10,0,32,0,1,0,337,0,13,0,0,3,0,0,8,1,0,49,0,1,0,144,26,2,19,82,6,24,5,20,21,40,0,0,0,0,1,3,14,0,0,0,20,0,19,14,0,0.031401432,0.192218324,0.023163314,0.008916918,19.65729649,11.53309945,5.003275887,3.12092115,0.015598295,0.134538152,0.000241053,4.59E-05,60,216,350,51.98,35.64127993,16093,80.06,0.099529521,16093,80.06,0.124853937,16093,75.92,0.824074042,16093
17/04/2020,56,0,0,0,0,0,17,0,1,30,0,0,16,0,13,5,0,0,546,0,3,0,0,3,0,0,11,5,0,76,0,0,0,352,17,3,36,75,39,6,2,30,20,37,2,1,0,0,28,9,10,0,0,0,10,0,12,9,0,0.030863515,0.162604389,0.024479238,0.009392598,18.54897222,9.756263333,6.021892587,2.770816304,0.013031347,0.111213095,0.000222572,5.22E-05,60,246,295,53.06,50.12071102,16093,82.94,0.358867607,16093,78.98,3.560012236,16093,59,20.04906789,16093
18/04/2020,51,0,0,0,1,0,37,0,0,16,0,0,12,1,32,2,0,0,621,0,0,0,1,4,0,0,0,3,2,55,0,1,0,0,18,0,187,71,79,29,4,41,19,0,3,0,0,0,0,8,19,1,0,0,15,0,20,1,0,0.035545724,0.227858226,0.023775966,0.01055505,22.28716921,13.67149353,4.731417181,3.884258494,0.018484218,0.15299021,0.000238356,5.74E-05,60,199,368,53.06,50.12071102,16093,64.94,10.45551483,16093,62.96,31.53421913,16093,60.98,12.79737329,16093
19/04/2020,50,0,0,0,0,0,8,0,0,4,0,0,0,0,13,8,0,0,320,1,2,0,0,4,0,0,17,0,0,80,0,1,0,181,11,0,67,55,20,15,1,0,12,0,3,0,0,0,0,0,15,0,0,0,14,0,6,11,1,0.036688992,0.213832673,0.023612004,0.009595064,20.65590268,12.82996039,5.052968917,2.772973374,0.01888897,0.142704742,0.000241978,4.49E-05,60,214,289,53.51,39.91924856,16093,69.08,4.227067491,16093,64.94,20.29316679,16093,60.98,10.49667702,16093
20/04/2020,29,-1,0,0,0,0,14,0,0,0,0,0,5,0,20,2,0,0,1482,0,6,0,0,0,0,1,5,1,0,40,0,0,0,209,15,0,120,55,59,13,0,82,9,52,2,0,0,0,11,1,5,1,0,0,11,0,6,0,0,0.033665839,0.198288855,0.023654713,0.007891727,19.49252074,11.89733133,5.251346357,2.34384305,0.016808,0.132289637,0.000236361,4.09E-05,60,222,297,53.96,21.05914207,16093,75.92,1.794997334,16093,73.94,2.696301471,16093,62.96,16.53029934,16093
21/04/2020,48,0,0,0,0,0,42,0,2,36,0,0,15,0,28,2,0,0,1330,2,4,0,0,2,0,0,7,0,2,15,0,1,0,0,14,0,83,57,15,21,2,15,22,0,2,0,0,0,0,1,6,0,0,0,0,0,15,5,0,0.036681404,0.212133212,0.024542156,0.008761305,20.9450814,12.72799274,5.81649103,2.400597632,0.018630708,0.143289008,0.000245537,4.39E-05,60,237,274,53.06,35.22894135,16093,64.94,3.440744887,16093,66.02,10.89244668,16093,62.06,12.88554325,16093
22/04/2020,1,1,1,0,0,0,14,0,1,20,0,0,20,1,12,0,0,0,1294,0,1,0,0,1,0,0,2,6,0,62,0,0,0,113,17,1,0,166,2,11,0,23,13,40,3,0,0,0,1,10,4,0,0,0,19,0,8,4,0,0.029016369,0.165282969,0.024303079,0.008212209,18.88965629,9.916978132,6.221588122,2.751090035,0.01212388,0.110830158,0.000248992,3.97E-05,60,256,335,55.04,21.76037828,16093,73.94,1.566259264,16093,73.04,3.661187205,16093,73.04,5.166507647,16093
23/04/2020,110,0,0,0,1,0,7,0,1,48,1,0,37,0,16,3,0,0,1090,3,9,0,0,7,0,0,4,3,-2,74,0,3,0,258,16,2,119,152,69,27,15,8,22,25,3,2,0,0,10,2,15,18,0,0,12,0,14,5,0,0.031810319,0.176347466,0.023431953,0.008604403,18.22731275,10.58084797,5.108165806,2.538298968,0.015296395,0.122901874,0.000274038,3.82E-05,60,218,295,53.96,100,3218.333333,82.94,0.64319307,16093,82.04,1.79958113,16093,78.08,1.639881888,16093
24/04/2020,51,0,0,0,0,0,16,0,2,24,0,1,19,0,36,12,0,0,1008,0,3,0,6,2,0,0,15,1,1,18,0,3,0,97,32,0,58,183,38,8,14,23,9,31,1,2,0,0,8,23,13,0,0,0,19,0,11,6,0,0.038763788,0.226863349,0.023189704,0.009315115,20.81615393,13.61180091,4.614751127,2.589601897,0.021535852,0.153738268,0.000246595,4.18E-05,60,199,278,51.53,77.69969887,603.5,82.94,0.792438964,16093,84.02,0.701955963,16093,80.06,2.250767912,16093
25/04/2020,36,0,0,0,0,0,19,0,0,0,0,0,0,0,20,0,0,0,588,0,0,0,0,0,0,0,0,2,0,124,0,0,0,0,0,0,0,117,14,10,2,30,9,22,0,0,0,0,0,0,0,0,0,0,19,1,0,0,0,0.034652678,0.211845904,0.02292419,0.009481571,20.86091233,12.71075423,5.135018529,3.01513958,0.017724051,0.143554726,0.000239219,4.08E-05,60,224,318,56.66,57.34358337,16093,87.08,0.272113713,16093,86,1.635558947,16093,89.06,0.481138704,16093
26/04/2020,31,0,0,0,0,0,12,1,0,15,0,0,0,0,54,5,0,0,434,1,11,0,0,1,0,0,14,0,0,105,0,2,0,248,18,0,66,0,54,7,1,0,0,44,5,0,0,0,0,1,22,1,0,0,13,0,21,4,0,0.035634269,0.219205215,0.022635931,0.009039384,20.7035102,13.15231292,4.730909526,2.820287753,0.018405302,0.141148555,0.00026441,4.64E-05,60,209,312,55.04,84.51338592,805,89.06,0.219265743,16093,89.06,2.250582437,16093,89.06,0.588847169,16093
27/04/2020,30,0,0,0,0,0,3,0,0,0,0,0,30,0,19,15,0,0,856,1,1,0,0,5,0,0,0,4,0,52,0,2,0,80,8,0,40,100,16,16,3,61,2,21,4,0,0,0,0,2,8,0,0,0,28,0,6,0,0,0.050837605,0.266561491,0.023859003,0.010400868,22.31770838,15.99368943,4.223043568,2.100975379,0.030189335,0.168127167,0.000239106,4.98E-05,60,177,202,53.96,37.03931149,16093,87.98,0.080190612,16093,89.06,0.219265743,16093,84.92,0.186464142,16093
28/04/2020,33,0,0,0,0,0,22,0,2,40,0,0,3,0,19,4,0,0,573,3,0,1,0,8,0,2,2,2,2,25,0,2,0,92,8,1,55,98,44,1,4,19,2,17,1,0,0,0,50,2,18,-16,0,0,46,1,5,1,0,0.030259014,0.179948932,0.022685713,0.007871092,18.7000704,10.7969359,5.376513869,2.526620634,0.01425958,0.12229931,0.000220961,3.58E-05,60,237,321,57.47,79.6713275,11265,86,0.129174745,16093,86,0.253882667,16093,82.94,0.64319307,16093
29/04/2020,35,0,0,0,0,0,20,0,0,40,0,1,35,0,19,8,0,0,1489,2,2,0,1,2,0,0,6,1,2,101,0,0,0,207,15,2,101,291,22,11,8,37,12,12,2,1,0,0,5,6,27,1,0,0,48,0,9,1,1,0.039175694,0.230681574,0.023161785,0.009074093,21.15487453,13.84089446,4.863974895,2.450005174,0.021382773,0.151884003,0.000245742,5.14E-05,60,210,270,56.48,58.94693311,16093,89.06,0.841351007,16093,87.08,4.386922895,16093,91.94,0.880219182,16093
30/04/2020,35,0,0,0,0,0,29,0,0,0,0,0,0,0,27,17,0,0,735,0,9,2,0,7,0,0,15,0,0,141,0,2,0,89,9,0,130,0,9,3,3,41,0,29,4,0,0,0,9,4,0,0,0,0,14,0,18,1,1,0.037687011,0.214858125,0.024825923,0.00892159,20.50173414,12.89148749,5.138966095,2.471280552,0.019497701,0.142075754,0.000220356,4.55E-05,60,207,277,57.02,74.01186723,16093,84.02,2.025871491,16093,87.08,2.764180644,14484,75.92,3.120615163,16093
01/05/2020,33,0,0,0,0,0,16,0,3,77,0,0,14,0,46,27,1,0,1042,0,2,10,0,9,0,0,7,1,0,144,0,3,0,48,13,1,55,132,24,14,4,20,21,16,1,0,0,0,3,12,41,1,0,0,40,0,9,5,1,0.038456182,0.23174565,0.022513418,0.009212401,21.26626837,13.90473899,4.772844618,2.588684767,0.020905299,0.151553938,0.000239125,4.19E-05,60,212,281,55.94,22.3164578,16093,87.08,0.014296695,16093,86,0.080744028,16093,80.96,0.145835587,16093
02/05/2020,70,0,0,0,0,0,27,0,0,0,0,0,25,0,30,23,0,0,632,0,2,0,0,6,0,0,9,2,0,99,0,9,0,0,17,0,69,147,20,3,8,36,0,26,2,0,0,0,0,4,0,0,0,0,40,0,15,0,0,0.032588417,0.212979324,0.022402454,0.008527012,20.82399836,12.77875943,5.018149769,3.027089156,0.016761894,0.143154016,0.000236545,3.96E-05,60,224,355,60.08,28.91342309,16093,82.94,0.017038658,16093,82.04,0.078283424,16093,80.96,0.039099865,16093
03/05/2020,43,0,0,0,0,0,11,0,0,18,0,0,0,0,36,12,0,0,805,5,1,0,0,0,0,0,13,0,0,107,0,0,0,101,10,0,0,216,59,10,5,0,8,26,3,0,0,0,0,4,31,0,0,0,23,0,7,2,0,0.034548948,0.200525676,0.024840741,0.008462826,19.96929192,12.03154056,5.390440797,2.547310568,0.016801166,0.131380951,0.000239105,4.33E-05,60,217,301,53.96,52.29634766,16093,82.04,0.479553349,12875,82.94,0.64319307,16093,78.08,1.996884974,16093
04/05/2020,27,0,0,1,0,0,2,0,0,0,0,0,10,0,11,14,0,0,526,0,0,1,0,3,0,0,0,4,0,76,0,3,0,174,10,0,0,0,22,4,1,48,0,13,0,0,0,0,1,5,0,0,0,0,14,0,11,0,0,0.032270933,0.201918716,0.023352589,0.009257033,20.81475159,12.11512294,5.441153141,3.258475505,0.015149093,0.131362279,0.00024719,4.70E-05,60,233,352,55.94,22.3164578,16093,78.98,0.56966246,16093,80.06,0.603485368,16093,78.98,0.685548303,16093
05/05/2020,33,0,0,0,0,0,22,0,6,39,0,0,32,0,29,26,1,0,1611,3,1,0,0,4,0,0,2,1,0,54,0,0,0,100,6,1,147,93,104,4,2,34,12,11,1,0,0,0,53,4,17,0,0,0,101,0,18,0,0,0.033764979,0.211425451,0.023638447,0.008730639,20.86675696,12.68552704,5.247735316,2.933494609,0.017281917,0.143521302,0.000243806,4.23E-05,60,222,336,57.02,13.02756534,16093,84.02,0.003952653,16093,84.02,0.061823017,16093,84.92,0.004863816,16093
06/05/2020,54,0,0,1,0,0,16,0,1,105,0,1,19,0,28,35,0,0,829,1,6,1,0,5,0,1,4,3,0,131,0,1,0,218,9,1,103,299,26,1,4,26,87,13,0,0,0,0,17,11,33,0,0,0,58,-2,13,1,0,0.035013351,0.211982632,0.023584886,0.008929442,20.622864,12.71895789,5.117920171,2.785985939,0.018103263,0.143367779,0.000242667,4.47E-05,60,217,312,55.94,73.59428314,9656,86,0.004244974,16093,87.08,0.01026507,16093,84.02,0.036428366,16093
07/05/2020,54,0,0,0,0,0,14,0,0,0,0,0,36,0,60,0,0,0,846,0,0,0,0,3,0,1,6,0,0,88,0,2,0,84,11,0,130,0,52,2,3,36,0,13,1,0,0,0,0,14,0,0,0,0,53,0,23,0,0,0.031129024,0.193483386,0.023890694,0.008878386,20.38951079,11.60900314,5.566531807,3.213975839,0.014924198,0.134162658,0.000247826,3.98E-05,60,233,362,55.94,22.3164578,16093,82.94,0.088374846,16093,84.02,0.317208397,16093,87.08,0.003708599,16093
08/05/2020,44,0,0,0,0,0,15,0,0,36,1,0,57,0,33,11,0,0,808,7,8,0,0,2,0,0,3,0,0,148,0,0,0,0,7,1,67,110,47,16,0,20,109,9,1,0,0,0,5,6,15,0,0,0,44,0,21,0,1,0.037069575,0.208189368,0.023685735,0.008251758,19.46152691,12.49136208,4.808204263,2.161960565,0.020222626,0.144557307,0.000228832,4.09E-05,60,203,262,57.92,28.43061812,16093,89.96,0.130095326,16093,87.98,0.803333807,16093,1831.82,3.32E-07,16093
09/05/2020,62,0,0,0,0,0,22,0,0,28,0,0,0,0,62,21,0,0,922,4,2,0,0,6,0,1,17,0,0,140,0,3,0,236,5,1,273,233,38,8,3,28,528,17,1,0,0,0,9,8,12,1,0,1,66,0,14,0,0,0.036135773,0.204667972,0.023261887,0.009483542,19.83853956,12.28007832,4.931520125,2.626941111,0.019326569,0.145690339,0.000218573,4.72E-05,60,212,277,55.94,58.63015721,14484,95,0.048259273,16093,93.92,0.290107434,16093,82.94,0.285130637,16093
10/05/2020,41,0,0,0,0,0,12,0,0,44,0,2,0,0,26,10,0,0,462,1,2,0,0,0,0,0,12,1,0,122,0,1,0,0,2,0,0,114,52,7,6,0,0,32,0,0,0,0,0,9,8,1,0,0,61,0,0,0,0,0.043206909,0.251927904,0.023790523,0.010332608,22.55400634,15.11567426,4.710523503,2.72780858,0.023812306,0.158745331,0.000261974,5.63E-05,60,198,264,57.02,45.41288237,16093,96.98,0.01827444,16093,93.92,1.003786438,16093,77,0.474495447,16093
11/05/2020,37,0,0,2,0,0,0,0,2,60,0,4,52,0,32,44,0,0,560,0,6,0,0,10,0,3,0,0,0,55,0,1,0,197,6,1,113,289,11,9,6,39,112,2,0,1,0,0,28,0,12,1,0,0,19,0,12,2,1,0.038634832,0.219499374,0.02331628,0.008628726,20.16738246,13.16996243,4.779837387,2.217582643,0.020323483,0.140467988,0.000235277,4.18E-05,60,205,257,57.26,38.12998496,16093,93.02,0.012827329,16093,89.06,1.417746171,16093,68,3.981946378,16093
12/05/2020,32,0,0,0,0,0,18,0,4,39,0,3,39,0,30,0,0,0,948,2,6,0,0,4,0,0,20,2,0,45,0,0,0,59,8,2,63,96,23,8,1,33,9,21,5,0,0,0,9,3,9,0,0,1,82,0,22,3,2,0.033885491,0.182121722,0.023684167,0.009370239,18.50147832,10.92730331,4.997359194,2.576815821,0.016052973,0.121587446,0.000266993,4.92E-05,60,211,275,60.98,21.84989847,16093,84.02,0.001189395,16093,86,0.006160136,16093,69.08,0.015038129,16093
13/05/2020,45,0,1,0,0,0,14,1,0,0,0,0,44,0,27,6,0,0,1327,0,0,0,0,3,0,1,0,0,0,147,0,0,0,0,2,0,75,0,17,9,5,18,0,2,0,0,0,0,0,21,0,1,0,0,27,0,25,0,0,0.032941685,0.198111177,0.023088043,0.00926428,20.22619457,11.88667061,5.356425926,2.983098026,0.015857082,0.132403043,0.000235931,4.43E-05,60,232,322,51.44,56.74823036,3621,75.92,0.990283392,16093,77,0.722512793,16093,66.02,1.563296003,16093
14/05/2020,56,0,0,2,0,0,9,0,2,90,3,4,65,0,50,23,0,0,854,0,8,0,1,9,0,0,9,2,0,219,0,2,0,192,11,1,45,230,5,6,5,21,16,27,3,1,0,0,20,4,20,2,0,-1,27,0,23,5,2,0.036418781,0.198176081,0.023182926,0.009054237,18.93776625,11.89056483,4.729316838,2.317884576,0.018611702,0.1322793,0.000225181,4.68E-05,60,204,256,55.832,73.9812956,14162.2,77,0.236457658,16093,77,0.086793231,16093,73.94,1.566259264,16093
15/05/2020,133,0,0,0,0,0,11,0,2,0,0,0,74,0,35,10,0,0,924,0,0,0,0,0,0,0,9,0,0,157,0,2,0,178,17,0,113,0,27,15,3,39,0,0,0,0,0,0,0,14,0,0,0,0,43,0,16,0,0,0.042010397,0.246150091,0.023981016,0.009505437,22.22350023,14.76900549,4.964070247,2.490424495,0.023714745,0.162963852,0.000231313,5.51E-05,60,207,262,57.92,34.15526416,16093,78.08,0.763082568,16093,78.08,0.947503247,16093,77,0.868678212,16093
16/05/2020,-16,0,0,0,0,0,21,0,0,82,0,4,0,0,45,14,0,0,1044,1,20,0,0,11,0,0,5,7,0,97,0,0,0,0,11,1,152,271,28,11,3,27,31,27,8,0,0,0,2,13,22,0,1,0,88,0,0,1,0,0.031618562,0.187150953,0.023466067,0.008388439,19.31894142,11.22905721,5.397195369,2.692688845,0.015911008,0.135598006,0.000230953,3.94E-05,60,230,321,57.02,26.97811906,16093,80.06,0.50121263,16093,80.06,0.894531161,16093,80.06,0.50121263,16093
17/05/2020,41,0,0,0,0,0,25,4,0,36,0,5,0,0,42,27,0,0,651,1,18,0,1,0,0,1,19,0,0,154,0,1,0,0,15,1,48,174,37,19,0,0,56,35,2,1,0,0,0,9,12,1,0,0,4,0,0,1,0,0.03631677,0.204100099,0.022126612,0.008694267,19.21157135,12.24600595,4.757221522,2.208343878,0.018337833,0.130417931,0.000234176,4.52E-05,60,215,254,55.64,86.24166782,6370.166667,86,0.129174745,16093,87.08,0.594812987,16093,82.94,0.358867607,16093
18/05/2020,65,0,1,2,0,0,9,0,3,0,0,0,90,0,22,0,2,0,447,0,0,0,0,16,0,0,0,2,0,58,0,0,0,334,8,0,82,0,40,10,3,69,0,0,4,0,0,1,0,14,0,2,0,0,6,0,61,0,1,0.037161808,0.21900473,0.024398122,0.010088778,21.33087807,13.14028377,5.123605723,3.06698858,0.018499966,0.140575548,0.000249014,4.44E-05,60,210,304,53.645,76.67184594,10862.75,80.96,3.394854599,16093,84.02,2.801714986,16093,64.94,32.70084893,16093
19/05/2020,65,0,0,2,0,0,37,5,0,95,3,9,26,0,34,17,1,0,1115,10,19,0,0,6,0,0,8,0,0,66,0,2,0,101,5,2,114,190,48,10,1,16,43,30,2,0,0,0,20,4,22,0,0,0,103,0,12,1,2,0.030381023,0.182404833,0.023729843,0.009659062,19.89956983,10.94428995,5.41040423,3.544875644,0.0134519,0.121444702,0.000262817,5.00E-05,60,228,367,59,20.04906789,16093,62.51,19.17180175,16093,69.98,5.380473624,16093,66.92,1.380921769,16093
20/05/2020,38,0,0,4,0,1,17,2,0,51,0,2,83,0,34,0,1,0,1322,1,7,0,1,4,0,0,0,2,0,242,0,-1,0,131,5,1,88,114,6,7,2,10,3,9,3,0,0,0,5,20,5,0,0,0,13,0,21,0,0,0.041788805,0.244162436,0.024624675,0.008842011,21.77196738,14.64974614,4.752562203,2.369659044,0.023932916,0.162368092,0.000252888,4.41E-05,60,193,268,57.92,36.91886952,16093,71.06,1.00362831,16093,69.98,2.58886611,16093,69.98,1.747287646,16093
21/05/2020,49,0,0,1,0,0,25,0,0,0,0,0,91,0,39,41,0,0,1142,0,0,0,0,8,0,0,6,1,0,99,0,0,0,159,11,0,189,0,13,17,2,41,0,0,6,0,0,0,0,22,0,0,0,0,51,0,25,0,0,0.034954089,0.212507258,0.023936028,0.009754258,21.49676477,12.75043546,5.624966631,3.121362675,0.0173347,0.143128728,0.000258743,4.74E-05,60,235,320,57.92,23.55034393,16093,77,0.236457658,16093,78.08,0.634361475,16093,73.94,1.05299092,16093
22/05/2020,99,0,0,3,0,1,25,5,0,34,0,0,0,0,51,31,0,0,1033,1,9,0,6,17,0,0,7,1,0,100,0,8,0,121,6,2,162,175,122,19,2,45,20,0,12,0,1,0,14,11,13,0,1,0,38,0,29,1,0,0.03586928,0.21181635,0.02426555,0.009049145,20.76831284,12.70898097,5.362686532,2.696645334,0.018376987,0.143265127,0.000249543,4.31E-05,60,221,298,57.02,23.00527682,16093,84.02,0.161989075,16093,84.92,0.146066279,16093,84.92,0.041784169,16093
23/05/2020,52,0,0,0,0,0,37,3,7,45,0,5,69,0,62,18,0,2,1051,-1,17,0,0,0,0,0,9,5,0,216,0,1,0,0,17,3,169,244,30,0,6,50,11,79,6,2,0,0,6,23,10,0,0,0,0,0,25,4,0,0.040159232,0.243764481,0.023936267,0.009218213,22.44901089,14.62586888,5.242042381,2.581099629,0.022336718,0.162434766,0.00024742,4.77E-05,60,219,280,55.94,18.89919403,16093,80.96,0.030182257,16093,82.04,0.078283424,16093,78.98,0.001621875,16093
24/05/2020,87,0,0,0,0,0,25,0,0,31,0,0,0,0,67,11,0,0,896,2,19,0,0,0,0,0,24,0,0,179,0,-1,0,0,4,1,50,0,17,0,-1,0,0,46,0,0,0,0,0,15,8,0,0,0,0,1,24,0,0,0.035561424,0.217466552,0.023439617,0.00864839,20.87455574,13.0479931,5.180155404,2.646407232,0.018164337,0.141341071,0.000238889,4.31E-05,60,221,306,55.04,31.23288554,16093,82.94,0.052933818,16093,82.94,0.142950518,16093,80.06,0.603485368,16093
25/05/2020,27,0,0,0,0,0,15,14,4,34,0,0,129,0,47,130,0,2,1006,0,15,0,0,10,0,0,18,0,0,133,0,1,0,540,9,2,0,142,19,0,1,0,0,35,8,0,0,0,0,18,17,0,0,0,0,0,21,4,0,0.035205517,0.218604089,0.023160585,0.008523609,20.84166604,13.11624537,5.049007572,2.676413096,0.018016103,0.140863165,0.000237744,3.75E-05,60,218,314,59,24.21454069,16093,89.06,0.057084537,16093,87.08,0.225226926,16093,91.94,0.01059192,16093
26/05/2020,112,0,0,6,1,0,17,3,0,0,0,1,78,0,5,41,2,0,1822,1,14,1,1,7,0,0,16,8,0,109,0,3,0,135,8,4,202,96,13,19,4,71,0,23,0,0,0,0,0,15,13,2,0,0,130,0,35,4,0,0.034759867,0.202228424,0.022957112,0.009572699,19.81312415,12.13370542,4.798036331,2.881382406,0.017098577,0.131502867,0.000259318,4.56E-05,60,209,301,57.02,54.13688389,16093,96.98,0.119953544,16093,96.08,0.233129844,16093,91.04,0.115780213,16093
27/05/2020,63,0,0,0,1,0,22,0,2,53,1,4,0,0,65,10,5,0,916,5,3,0,1,5,0,1,0,0,0,68,0,6,0,0,9,0,0,85,9,0,0,59,53,13,5,1,0,0,44,9,11,0,1,0,25,1,21,2,0,0.035307596,0.211862154,0.023933664,0.008692436,20.61963582,12.71172922,5.265405985,2.642500613,0.018240536,0.14333284,0.000240879,3.55E-05,60,220,304,62.06,21.81330417,16093,100.94,0.121068359,16093,98.96,0.614659193,9656,98.96,0.041197075,16093
28/05/2020,48,0,0,0,0,0,9,4,4,123,1,0,91,0,66,6,4,1,1099,4,16,0,2,7,0,0,40,2,0,98,0,2,0,202,30,9,347,218,29,71,5,59,32,13,1,0,0,0,10,6,13,0,0,0,39,0,24,7,0,0.033204188,0.197169541,0.022924138,0.008572401,19.49085816,11.83017245,5.020386247,2.640299462,0.016563513,0.132523296,0.000240056,3.88E-05,60,219,308,57.92,47.32091544,9656,104,0.192239547,16093,102.02,0.396003565,16093,95,0.901951308,16093
29/05/2020,98,0,0,4,0,0,20,0,0,0,0,0,191,1,69,10,0,0,1818,4,0,0,5,0,0,0,8,0,0,179,0,3,0,145,24,0,120,0,36,16,1,39,0,6,0,0,0,1,0,1,0,0,0,0,9,0,16,0,1,0.038764338,0.215008738,0.0241356,0.008566999,20.15745583,12.9005243,5.140882868,2.116048664,0.020372903,0.141926956,0.000255955,4.49E-05,60,213,247,61.07,29.51869794,16093,105.08,0.065322383,16093,102.02,0.280960297,16093,73.94,7.672213859,16093
30/05/2020,94,0,0,0,0,0,22,1,6,56,2,1,0,0,69,21,-2,0,2068,6,14,0,0,3,0,0,32,1,0,177,0,15,0,0,27,2,166,285,59,0,0,43,13,24,6,0,0,0,8,17,16,1,0,0,0,0,0,3,1,0.044662866,0.261115858,0.024874901,0.008666628,22.95671304,15.66695148,5.149104575,2.140656993,0.025936103,0.170067391,0.000239522,3.94E-05,60,207,247,60.08,34.50582305,16093,87.98,0.161551782,16093,89.96,0.248713912,11265,62.06,26.05115896,16093
31/05/2020,101,0,9,0,0,0,24,0,0,29,0,2,0,0,105,11,0,0,1255,2,33,0,0,0,0,2,21,0,0,161,0,1,0,0,0,0,46,96,56,0,0,0,0,45,1,2,0,0,0,5,45,3,0,0,0,0,0,1,0,0.043633252,0.21957205,0.02443869,0.008594366,19.59133027,13.17432299,4.741105838,1.675901443,0.023431327,0.140305237,0.000229677,3.48E-05,60,194,195,53.84,78.09197166,9119.333333,73.94,2.696301471,16093,75.02,4.06180187,16093,62.06,26.05115896,16093
01/06/2020,80,0,-9,7,0,2,18,1,6,0,0,0,117,0,72,376,0,0,1010,0,0,0,0,0,0,0,15,1,0,213,0,2,0,496,29,0,109,0,-18,50,2,61,0,0,4,0,0,0,0,11,0,0,0,0,53,0,74,0,0,0.03909512,0.219984353,0.024809867,0.009392737,20.99407966,13.19906115,5.334121365,2.46089714,0.019719151,0.140073432,0.000263808,3.99E-05,60,215,262,57.02,26.97811906,16093,78.98,3.062940735,16093,78.98,3.560012236,16093,75.02,4.06180187,16093
02/06/2020,45,0,0,0,0,0,38,0,0,139,1,1,47,0,54,15,5,0,1208,8,18,0,0,18,0,0,26,0,1,100,0,11,0,173,10,1,146,73,17,74,7,23,20,43,0,0,0,1,29,2,6,0,1,0,107,0,12,2,0,0.033946564,0.196507436,0.024733677,0.008665419,19.85873972,11.79044618,5.416675322,2.651618227,0.016566508,0.132353451,0.000252555,3.67E-05,60,219,306,57.92,23.55034393,16093,86,0.993338493,16093,82.94,3.152524271,11265,77,3.20952824,16093
03/06/2020,33,0,0,4,0,0,7,1,0,32,0,1,227,0,42,31,4,0,1042,3,5,0,0,9,0,0,15,11,6,104,0,12,0,0,24,2,149,120,26,98,1,24,28,13,2,1,0,1,1,13,17,0,1,0,22,0,26,0,1,0.036317078,0.213092486,0.023760155,0.008973388,20.4101979,12.78554916,5.013392704,2.611256041,0.018883691,0.142431985,0.000248844,4.20E-05,60,211,291,57.92,20.07587609,16093,93.02,0.47546874,16093,91.04,2.928849674,16093,95,0.117056319,16093
04/06/2020,93,0,0,5,1,0,34,0,2,30,0,1,468,0,44,19,0,0,1431,12,19,0,3,0,0,0,35,2,1,105,0,19,0,148,27,6,0,124,31,-56,9,32,17,18,0,0,0,0,12,14,25,2,0,0,57,1,26,3,0,0.031401077,0.19634666,0.022299964,0.008833981,19.90828288,11.78079962,5.062091863,3.065391403,0.015399822,0.133083474,0.00023288,4.51E-05,60,227,347,55.94,38.38570724,16093,100.94,0.121068359,16093,98.96,0.52880591,16093,102.92,0.027658222,16093
05/06/2020,84,0,0,5,3,0,30,0,4,70,0,0,75,0,72,265,0,1,1376,12,5,0,0,10,0,0,19,3,0,281,0,6,0,474,29,6,280,142,54,26,3,55,23,42,2,2,0,0,6,17,24,3,1,1,33,0,45,0,0,0.036936764,0.213047983,0.023465305,0.00779944,20.27828347,12.78287899,5.514346659,1.981057823,0.019372413,0.142860486,0.000249871,3.81E-05,60,235,254,59,20.04906789,14484,104,0.006885338,16093,100.94,0.311147147,16093,68,21.89872137,16093
06/06/2020,80,0,0,0,0,0,56,0,4,66,1,0,0,2,116,31,0,0,1314,14,21,0,0,14,0,0,27,12,1,257,0,10,0,0,18,3,110,405,14,68,0,31,50,28,5,0,0,0,1,14,24,4,1,0,0,2,13,5,1,0.037190697,0.229150686,0.026162336,0.007852326,22.05408315,13.74904119,5.886525653,2.418516308,0.019526455,0.152539914,0.000205238,3.40E-05,60,225,308,59,24.21454069,16093,86,0.993338493,16093,81.05,4.636088187,12874.5,66.92,11.25846999,16093
07/06/2020,0,0,0,0,0,0,35,0,0,42,0,0,0,0,70,9,0,0,1462,8,20,0,0,0,0,0,65,0,0,119,0,9,0,0,32,0,0,0,35,43,0,0,0,22,5,0,0,3,0,18,25,0,0,0,0,0,29,0,0,0.032654481,0.202009428,0.023387651,0.008342514,20.37639584,12.12056571,5.519485654,2.736344479,0.015638001,0.131141486,0.000249429,3.52E-05,60,236,328,57.92,20.07587609,16093,78.08,0.634361475,16093,80.06,0.894531161,16093,77,0.474495447,16093
08/06/2020,140,0,0,3,0,0,38,0,3,0,1,1,445,0,74,46,0,2,846,9,18,0,3,0,0,1,19,12,0,87,0,10,0,429,19,2,207,274,32,34,8,64,30,31,3,4,0,0,24,11,72,10,1,0,104,0,38,4,0,0.036972345,0.234901244,0.024216907,0.009073423,22.33129629,14.09407466,5.279285662,2.957935974,0.019255766,0.150741916,0.000287055,4.74E-05,60,218,326,59,20.04906789,16093,75.92,0.000206387,16093,75.02,0.064689313,16093,71.96,0.211904044,16093
09/06/2020,40,0,0,3,0,0,68,0,2,94,0,0,120,0,76,38,0,0,1255,0,46,0,0,33,0,0,12,4,0,87,0,10,0,384,36,2,170,0,14,64,3,43,0,44,1,0,0,1,0,11,0,0,2,0,161,0,40,1,0,0.028298397,0.17735649,0.023004965,0.008805282,19.75228144,10.64138937,5.659221439,3.451670628,0.012679774,0.123287623,0.000237171,4.29E-05,60,246,392,60.98,30.33494514,16093,80.06,0.017499786,16093,80.96,0.089217661,16093,82.04,0.0070308,16093
10/06/2020,48,0,0,2,2,0,24,0,0,102,4,0,253,0,72,61,0,1,1166,6,0,0,0,20,0,0,28,4,0,123,0,10,0,321,18,0,176,218,16,50,4,38,47,15,4,1,0,1,27,7,86,2,1,0,51,0,23,1,1,0.030001662,0.192420551,0.023773238,0.008837402,20.61114156,11.54523305,5.61048428,3.455424227,0.014254951,0.134580388,0.0002353,4.17E-05,60,236,391,66.02,17.56771335,16093,89.96,0.031139784,16093,89.96,0.130095326,16093,93.02,0.000581378,16093
11/06/2020,199,0,0,0,4,0,31,0,0,77,0,0,19,0,74,51,1,0,1848,10,16,0,0,4,0,-1,23,2,2,250,0,13,0,329,28,0,149,161,31,79,11,19,46,31,10,1,0,0,26,9,49,2,0,0,43,1,62,13,1,0.031822998,0.195177855,0.023443662,0.009251969,20.43036499,11.71067129,5.509260492,3.210433211,0.015224217,0.133760346,0.000249768,4.06E-05,60,235,347,71.06,10.9203989,16093,96.08,0.131426441,16093,93.92,0.864935727,16093,98.96,0.0116456,16093
12/06/2020,-16,0,0,1,0,0,48,0,2,0,1,0,319,0,114,36,1,0,1570,0,13,0,2,0,0,0,51,5,0,166,0,17,0,250,34,3,234,0,38,56,7,39,0,54,5,0,0,0,0,21,0,0,8,0,89,0,52,0,0,0.032499801,0.196308126,0.022940941,0.008907224,19.95487811,11.77848757,5.299357338,2.877033204,0.015853088,0.132847273,0.000244234,4.01E-05,60,231,323,65.21,24.19278791,15288.5,100.04,0.057778425,16093,93.92,1.924481002,16093,84.92,0.055598617,16093
13/06/2020,1,0,0,0,1,0,44,0,0,152,0,1,433,1,65,35,0,0,1528,10,33,0,0,18,0,0,34,15,0,116,0,14,0,0,12,9,185,316,28,103,0,0,61,40,1,1,0,1,14,21,38,14,1,0,0,0,16,12,1,0.037186024,0.213044371,0.022960955,0.010037071,20.48949919,12.78266228,4.93660526,2.770231646,0.019285592,0.143006714,0.000256799,4.44E-05,60,215,276,62.06,21.81330417,12875,80.06,0.894531161,16093,82.004,1.660957942,2655.4,78.08,0.416100821,16093
14/06/2020,103,0,0,0,0,0,38,0,0,0,0,0,0,0,86,0,0,0,961,0,33,0,0,0,0,0,50,0,0,304,0,14,0,0,37,4,198,126,22,105,0,20,0,40,2,1,0,1,0,30,102,3,0,0,0,1,33,1,0,0.034519749,0.217218096,0.023851587,0.008514993,21.26416531,13.03308575,5.438161915,2.792917639,0.017360205,0.141622567,0.000256745,3.68E-05,60,228,328,64.04,6.807629296,16093,77,0.14552294,16093,77,0.29214511,16093,78.98,0.185287073,16093
15/06/2020,53,0,1,8,0,0,24,0,4,159,8,0,141,1,86,72,2,0,814,28,21,1,0,0,0,0,46,7,3,186,0,18,1,795,41,4,156,170,24,64,23,41,98,33,0,1,0,2,28,6,30,2,6,0,100,0,66,2,1,0.035060135,0.20224565,0.024741216,0.007868296,20.01933702,12.13473899,5.665738557,2.218859479,0.017015416,0.130867881,0.000253077,3.53E-05,60,229,282,66.02,9.037710201,16093,84.92,0.430969462,14484,84.02,0.831578551,14484,86,0.564052287,16093
16/06/2020,108,0,1,6,0,0,43,1,1,82,2,1,91,0,85,0,0,0,1330,24,21,0,9,61,0,0,20,9,2,240,0,21,0,409,31,0,281,120,19,33,9,31,46,24,3,0,0,2,2,7,25,1,1,0,0,0,22,10,1,0.035404757,0.196457845,0.023399364,0.008674117,19.33099737,11.78747072,5.288256321,2.255270332,0.017738737,0.132779135,0.000215347,4.07E-05,60,226,260,59,46.61670283,16093,87.98,1.586668943,16093,89.06,1.953312373,16093,84.92,0.919438845,16093
17/06/2020,52,0,0,2,0,0,45,0,3,0,0,0,89,0,60,39,0,0,2098,25,70,1,0,0,0,0,60,3,0,198,0,21,0,257,67,11,218,0,11,139,20,28,0,34,9,0,0,0,0,9,0,0,0,0,217,0,51,0,0,0.032267832,0.197213949,0.021734874,0.008740884,19.7156456,11.83283692,5.129430244,2.753378436,0.01594332,0.132667523,0.000227697,3.68E-05,60,236,315,62.06,21.81330417,14484,84.02,0.251863592,16093,84.02,0.569440547,16093,82.94,0.052933818,16093
18/06/2020,105,0,0,0,0,0,40,0,4,270,8,1,181,0,78,106,0,0,1088,20,19,0,7,68,0,0,46,4,14,95,0,28,1,516,48,13,440,362,38,39,13,25,138,75,4,11,0,1,124,29,55,8,4,0,123,0,47,37,2,0.038592228,0.228173255,0.023159867,0.009456461,21.30290972,13.69039528,5.002531203,2.609983236,0.020933994,0.153070804,0.000225726,4.63E-05,60,216,276,60.98,21.84989847,8047,86,0.100333931,16093,86,0.253882667,16093,84.92,0.055598617,16093
19/06/2020,64,0,0,4,2,0,37,0,5,129,0,0,85,0,116,81,0,0,1307,19,56,0,0,26,0,0,35,10,4,284,0,16,0,311,36,8,260,258,37,-1,15,43,66,35,10,14,0,0,49,19,151,2,2,0,42,0,82,8,2,0.05311741,0.278462242,0.024683131,0.00827191,22.68113407,16.70773455,4.418280475,1.555119053,0.033155276,0.178070141,0.000233056,3.69E-05,60,179,188,60.98,21.84989847,8047,93.92,0.014936716,16093,93.92,0.041793129,16093,75.02,4.06180187,16093
20/06/2020,222,0,1,0,0,0,92,0,0,58,0,2,56,0,87,0,1,0,2054,0,113,0,0,0,0,0,25,8,0,412,0,14,0,0,93,3,245,134,1,593,0,0,0,60,3,4,0,1,0,13,41,2,0,0,0,1,30,11,1,0.035114597,0.197362216,0.023569596,0.007540403,19.13745515,11.84173295,5.350298192,1.945424013,0.017799251,0.132537281,0.000212542,3.57E-05,60,227,258,57.02,54.13688389,4291.333333,98.06,0.035055213,16093,96.98,0.144136173,16093,73.94,5.551587266,16093
21/06/2020,0,0,0,0,0,0,54,0,0,0,0,0,0,0,97,34,0,2,1705,0,80,0,0,52,0,0,44,0,0,434,0,12,0,0,91,6,197,310,0,0,0,0,0,89,10,1,0,1,0,18,85,0,0,0,0,2,81,9,0,0.038716505,0.217867402,0.02346024,0.009242918,20.36488153,13.07204414,4.926650342,2.366187043,0.020174476,0.1412386,0.000239819,4.48E-05,60,210,256,62.06,51.8987084,9656,98.06,0.035055213,16093,98.06,0.287548016,16093,82.94,1.628301692,16093
22/06/2020,83,0,9,17,0,0,75,0,15,240,0,2,0,1,75,67,5,0,2603,20,140,0,8,45,0,3,66,15,7,173,0,17,0,1022,83,11,205,302,127,-119,38,104,127,59,0,5,0,1,73,32,40,60,19,0,131,0,84,17,1,0.034894106,0.203203558,0.024083419,0.008545246,19.99432283,12.19221345,5.298352279,2.503757104,0.016940074,0.130451842,0.000241505,3.89E-05,60,220,293,59,33.82356895,9656,96.08,0.411393732,16093,98.06,0.410263508,16093,93.02,0.558982413,16093
23/06/2020,260,0,-6,8,1,4,85,1,5,187,24,1,470,2,84,0,1,4,2495,25,99,3,0,49,0,0,50,0,10,142,0,15,0,631,131,4,649,198,34,160,11,76,63,121,26,2,0,1,87,50,75,-36,1,0,257,2,131,19,0,0.039153058,0.199045284,0.023461711,0.008057902,18.71516177,11.94271702,5.185038052,1.587406699,0.020157103,0.131811852,0.000235472,3.78E-05,60,221,197,60.98,25.4102166,8047,100.04,0.279640592,16093,98.96,0.439925305,16093,73.04,5.166507647,16093
24/06/2020,8,0,3,8,0,3,69,0,3,220,8,9,279,0,59,76,0,0,1121,11,121,0,10,31,0,0,56,12,0,279,0,22,1,474,66,6,397,332,30,182,20,60,81,105,8,4,0,1,44,21,75,2,5,0,99,1,99,20,6,0.038125668,0.199094574,0.023112597,0.009413,18.98658258,11.94567445,4.92298322,2.117924914,0.019370565,0.131781299,0.000244968,5.35E-05,60,213,225,60.98,35.06642545,9656,102.02,0.160323375,16093,100.94,1.1304402,16093,78.98,2.548312547,16093
25/06/2020,107,0,1,6,0,2,53,0,5,161,13,5,195,0,74,50,1,74,1944,13,103,1,2,50,0,0,19,7,9,495,0,23,0,237,72,3,362,335,48,142,16,35,41,56,7,4,0,0,30,18,82,13,3,0,113,7,27,22,2,0.034744943,0.197012985,0.022507798,0.009163139,19.42242321,11.82077913,5.109270234,2.492373846,0.017350284,0.132567715,0.000240644,5.06E-05,60,227,272,60.08,43.57049135,11265,102.02,0.280960297,16093,100.04,1.920535772,16093,78.98,3.062940735,16093
26/06/2020,111,0,0,10,3,1,100,0,0,321,0,2,94,2,118,14,0,83,1814,32,63,1,2,33,0,0,13,12,7,449,0,14,0,501,154,4,521,440,103,147,19,53,111,96,7,1,0,0,24,32,69,7,0,0,59,0,49,30,6,0.033912776,0.184113486,0.022608684,0.008989985,18.44855036,11.04680914,5.064345147,2.337396067,0.016099701,0.120887048,0.000238345,4.99E-05,60,224,260,60.08,34.50582305,6437,100.94,0.364263891,16093,100.04,1.072156115,16093,73.04,6.195616026,16093
27/06/2020,0,0,0,0,0,0,12,1,0,100,0,0,203,-2,40,20,3,48,1994,0,110,0,0,0,0,0,15,0,0,502,0,18,0,0,0,7,0,436,68,62,0,34,-30,0,5,4,0,1,0,0,60,5,0,0,0,0,108,20,4,0.040434776,0.228760825,0.024775869,0.009017947,21.26869222,13.7256495,5.252484143,2.290558569,0.021906158,0.152638526,0.000253081,4.34E-05,60,212,254,62.06,21.81330417,6437,100.04,0.907709208,16093,100.04,0.907709208,16093,84.02,2.025871491,16093
28/06/2020,177,0,1,0,0,0,114,0,0,0,0,0,0,3,138,0,6,0,2533,0,190,0,0,0,0,0,104,0,0,146,0,16,0,0,110,0,211,497,44,0,0,0,0,178,0,4,0,0,0,86,115,8,0,0,0,6,83,21,4,0.040437532,0.235533195,0.024548172,0.010083399,22.2406427,14.13199173,5.376049751,2.732601218,0.02096676,0.149994134,0.000269271,5.06E-05,60,219,271,57.92,23.55034393,8047,105.08,0.247643034,16093,102.92,0.942901807,16093,78.98,3.560012236,16093
29/06/2020,92,0,1,25,0,18,169,0,20,337,16,4,146,1,70,76,5,9,3040,73,274,2,0,0,0,1,57,40,5,456,0,16,1,991,228,8,296,498,49,198,59,58,184,103,0,7,0,1,8,26,50,16,13,0,167,0,213,26,6,0.036019352,0.219491136,0.023366324,0.009125877,21.21539813,13.16946819,5.280789196,2.765140742,0.018110565,0.140816698,0.000237505,4.09E-05,60,226,303,57.02,32.55672904,8047,91.04,0.00018696,16093,91.04,0.478460453,16093,64.04,9.77126636,16093
30/06/2020,202,0,0,0,0,11,161,0,0,0,0,0,55,0,107,0,4,0,2892,0,0,1,2,155,0,1,37,7,0,779,0,41,1,662,219,0,753,317,42,565,44,91,0,105,30,0,0,0,0,18,0,0,0,0,284,0,186,0,0,0.032300829,0.196867637,0.023431388,0.009031515,20.38182321,11.81205824,5.553238921,3.016526051,0.015446976,0.132829205,0.000235822,4.38E-05,60,237,334,58.46,28.76659122,6437,86,0.129174745,16093,84.92,0.430969462,16093,78.08,1.128916774,16093
01/07/2020,192,0,2,21,8,13,116,1,20,478,12,0,281,1,113,110,19,4,1815,53,184,1,7,152,0,0,49,16,4,570,0,40,1,745,174,26,196,474,45,58,31,79,0,202,20,17,0,3,276,49,145,21,7,0,167,2,170,50,23,0.039513906,0.230832786,0.023320509,0.008468474,21.13993989,13.84996718,5.130511945,2.159460768,0.021574589,0.151829054,0.000243236,3.94E-05,60,220,255,57.92,23.55034393,8047,95,0.022598553,16093,93.02,0.389966363,16093,89.96,0.164458658,16093
02/07/2020,228,0,2,17,13,11,78,0,8,337,7,5,301,0,171,79,6,1,2127,25,52,0,0,77,0,-1,57,11,6,652,0,30,1,679,162,18,406,584,71,384,33,65,365,178,11,6,0,0,74,44,81,9,6,0,198,13,144,28,9,0.029871278,0.159577886,0.023571776,0.0084917,17.74353928,9.574673131,5.680798115,2.488068033,0.013186964,0.111897823,0.000226087,3.67E-05,60,241,293,55.94,27.14640005,6437,96.98,0.050486128,16093,96.08,0.233129844,16093,64.94,12.59574129,16093
03/07/2020,88,0,0,0,0,0,106,0,0,0,0,6,155,1,161,0,0,0,14,0,264,0,0,64,0,0,43,0,0,713,0,32,0,730,0,0,524,489,57,176,26,65,0,99,7,0,0,0,0,38,0,0,0,0,106,0,0,0,0,0.033847887,0.193103377,0.023244714,0.007998324,18.95481697,11.58620259,5.137081856,2.231532522,0.017334751,0.133805784,0.000235213,3.89E-05,60,221,279,59,20.04906789,6437,95,0.004054198,16093,95,0.007493704,16093,73.04,3.013359204,16093
04/07/2020,84,0,5,0,0,0,132,7,20,225,0,0,60,0,30,17,2,8,20,12,9,0,0,0,0,4,124,32,6,413,0,42,0,0,445,8,0,0,0,0,0,95,0,228,38,13,0,0,0,92,140,37,0,0,0,0,0,30,3,0.035042439,0.200043537,0.02374053,0.008403676,19.48359589,12.00261224,5.127954492,2.353029154,0.017451407,0.13158416,0.00024077,3.76E-05,60,216,280,59,29.10256433,8047,93.92,0.290107434,16093,95,0.176163475,16093,84.02,0.126005124,16093
05/07/2020,299,0,0,0,0,0,98,0,0,259,0,0,0,0,115,34,0,0,7198,0,0,0,0,0,0,0,149,0,0,663,0,49,0,0,232,8,1246,1030,0,0,0,0,0,196,2,6,0,0,0,0,129,9,0,0,0,0,0,64,0,0.032858097,0.199595612,0.023427881,0.008372268,19.78057415,11.97573672,5.08385024,2.720987193,0.016190069,0.131895489,0.000254499,3.45E-05,60,217,325,57.92,34.15526416,9656,96.98,0.003237949,16093,98.06,0.009507393,16093,98.96,0.0116456,16093
06/07/2020,0,0,2,0,0,0,216,0,0,0,0,0,151,0,124,39,9,0,1546,0,90,4,0,0,0,2,87,60,0,1028,0,34,0,1105,0,0,423,0,216,0,64,63,0,135,2,0,0,1,0,0,0,0,0,0,382,0,549,0,22,0.032824051,0.199647726,0.023352495,0.00796751,19.59595834,11.97886354,5.067491461,2.549603339,0.01632697,0.131882348,0.000244192,3.16E-05,60,217,320,57.92,39.68247487,9656,98.96,0.008631449,16093,98.06,0.107607934,16093,98.06,0.004052574,16093
07/07/2020,70,0,1,69,8,16,214,0,38,814,24,10,153,1,174,82,2,25,4194,135,180,0,7,351,0,1,88,12,22,1010,0,27,2,546,330,19,587,852,28,1126,43,93,481,70,42,9,0,0,350,107,229,23,6,0,166,14,69,46,11,0.034067095,0.19545572,0.023609694,0.008476751,19.58857964,11.72734319,5.453839222,2.407397222,0.016911166,0.133351079,0.000234192,4.03E-05,60,231,284,55.94,53.5033321,11265,96.08,0.020121262,16093,96.08,0.043078663,16093,89.06,0.020135324,16093
08/07/2020,320,0,1,20,0,12,149,0,16,357,7,3,121,0,216,68,2,0,2492,144,243,0,6,0,0,1,31,5,4,1333,0,32,2,856,210,12,654,264,51,217,37,51,66,74,2,8,0,1,96,21,115,48,4,0,123,1,0,37,15,0.031422307,0.179898203,0.022763397,0.008625394,18.82196207,10.7938922,5.440451799,2.587618068,0.014677684,0.122273896,0.00023568,3.50E-05,60,239,300,57.92,47.32091544,12875,91.04,0.09463309,16093,91.94,0.066941127,16093,89.96,0.083052997,16093
09/07/2020,162,0,1,24,0,5,116,0,12,346,6,4,190,0,220,32,1,2,1736,0,-5,0,9,170,0,0,73,13,4,1292,0,23,0,1377,156,7,828,560,74,248,32,44,60,126,3,5,0,0,63,32,1360,14,0,0,211,2,235,42,9,0.041636278,0.229077368,0.023939972,0.008568125,20.56832135,13.74464209,4.83587434,1.987804927,0.023285802,0.152510952,0.000236514,3.99E-05,60,202,232,59,29.10256433,9656,96.08,0.055432509,16093,96.98,0.01827444,16093,89.06,0.327951599,16093
10/07/2020,78,0,0,19,6,0,103,2,15,0,5,4,105,0,216,0,7,-8,2447,0,137,0,0,0,0,0,76,11,4,1133,0,28,2,1431,220,0,861,461,171,214,28,59,0,185,31,0,0,8,90,42,0,0,0,0,169,4,0,37,0,0.031732978,0.180166463,0.02312203,0.008272823,18.69072398,10.80998776,5.456799045,2.423937172,0.014930242,0.122242609,0.000236557,3.55E-05,60,236,293,57.02,74.01186723,8047,98.06,0.055493122,16093,98.96,0.263365313,16093,86,0.564052287,16093
11/07/2020,240,0,4,0,0,10,145,0,0,279,0,0,68,0,144,43,0,14,2955,36,70,0,6,91,0,1,121,0,0,1251,0,34,0,0,187,25,637,508,110,0,0,103,63,120,31,11,0,0,0,89,269,35,6,0,0,0,153,0,17,0.040066487,0.209991333,0.024755215,0.008991745,19.47231291,12.59948,4.77775641,2.095076501,0.021729234,0.143637917,0.00027374,3.78E-05,60,193,233,60.08,34.50582305,12875,100.94,0.033710685,16093,100.94,0.177794862,16093,98.96,0.21541359,16093
12/07/2020,6,0,0,0,0,0,56,0,0,376,0,0,0,1,163,20,0,62,3155,0,0,0,0,0,0,1,142,0,0,814,0,22,0,0,150,26,131,0,96,0,0,0,0,315,1,8,0,0,0,53,99,16,3,0,0,9,0,45,12,0.035394821,0.218081815,0.02294774,0.008578957,20.95373395,13.08490889,5.277980164,2.590844892,0.018041829,0.141340981,0.00024784,3.85E-05,60,230,302,62.06,21.81330417,16093,105.08,0.017250694,16093,104,0.383669564,16093,95,0.096498573,16093
13/07/2020,245,0,0,0,0,0,191,1,0,0,12,0,150,0,99,52,13,91,2808,0,268,1,19,0,0,1,108,41,0,540,0,37,2,983,225,0,459,558,68,709,101,96,0,244,0,5,0,0,0,116,241,15,0,0,264,0,0,45,6,0.034613519,0.219304131,0.023665746,0.008464624,21.25270091,13.15824789,5.301127104,2.793325923,0.01741655,0.140859093,0.000241312,3.87E-05,60,224,330,58.28,58.20472286,4559.666667,105.08,0.027570271,16093,105.08,0.298400875,16093,102.92,0.016392349,16093
14/07/2020,345,0,5,78,8,22,171,0,43,474,7,2,142,2,158,108,1,13,4219,110,186,2,14,299,0,0,45,12,20,865,0,37,1,733,224,36,954,958,50,228,72,123,392,183,31,3,0,2,238,67,383,38,14,0,267,3,373,70,23,0.035461108,0.181432643,0.023246172,0.008631057,18.04970413,10.8859586,5.230388694,1.933356836,0.017172802,0.121736651,0.000260385,4.36E-05,60,225,224,59,24.21454069,8047,104,0.01168894,16093,100.94,0.608519058,16093,78.08,2.418750097,16093
15/07/2020,157,0,3,21,0,5,117,0,13,185,7,8,26,0,162,30,11,3,2631,51,59,0,9,77,0,2,78,31,2,911,0,16,1,890,236,10,1012,559,56,212,34,86,89,226,2,12,0,0,94,55,161,0,5,0,123,4,168,24,0,0.03299541,0.164372158,0.023492302,0.008883679,17.12461804,9.862329467,5.121321816,2.140966758,0.015003682,0.110370907,0.000248747,4.44E-05,60,218,241,57.92,34.15526416,6437,96.08,0.497926402,16093,96.08,1.322475754,16093,71.06,5.662701405,16093
16/07/2020,149,0,1,50,0,7,93,1,18,183,10,3,165,1,153,64,4,29,4471,0,131,1,10,53,0,9,70,17,12,873,0,36,1,806,221,10,0,409,164,252,46,79,223,95,104,5,0,1,76,38,260,30,0,0,148,4,181,39,15,0.044159639,0.232086373,0.023032419,0.009399548,20.49007257,13.92518238,4.675581109,1.889309082,0.02471836,0.151360175,0.000258773,4.81E-05,60,203,201,59.66,35.37003538,9656,96.98,0.319711013,16093,96.98,0.640001908,16093,73.94,4.627856968,16093
17/07/2020,231,0,2,35,12,26,145,0,13,441,14,3,87,-1,159,37,3,15,2746,125,79,0,12,90,0,2,76,5,7,405,0,32,1,518,116,16,1770,0,115,139,55,70,124,85,30,7,0,0,71,48,300,20,8,0,203,1,0,39,16,0.029223828,0.158597774,0.023057485,0.009186383,18.03110189,9.515866418,5.649083868,2.866151605,0.01271986,0.112191976,0.00025748,4.64E-05,60,245,312,60.98,30.33494514,8047,98.06,0.235292234,16093,98.06,1.094007584,16093,80.06,1.586485004,16093
18/07/2020,252,0,0,0,0,0,160,4,0,389,0,0,134,0,495,0,0,3,2728,0,7,0,8,0,0,11,103,0,0,702,0,45,0,0,182,3,328,1259,141,0,0,62,0,169,36,0,0,0,0,41,0,0,0,0,0,0,224,0,0,0.036011129,0.214918582,0.023286934,0.008007753,20.3462876,12.89511491,5.192986388,2.258186311,0.018860165,0.142274671,0.000243834,3.94E-05,60,223,282,59,24.21454069,6437,98.06,0.191422536,16093,98.96,0.614659193,16093,75.02,6.741400429,16093
19/07/2020,127,0,3,0,0,0,68,0,0,0,0,0,0,0,719,38,0,17,2765,0,150,2,9,0,0,0,66,0,0,415,0,83,0,0,242,11,206,568,86,0,0,0,0,156,0,15,0,0,0,53,267,29,0,0,0,0,0,61,5,0.032808419,0.188379859,0.022912026,0.008284644,18.99607436,11.30279151,5.315589968,2.377692878,0.01521476,0.119956373,0.000249642,4.04E-05,60,232,287,60.98,25.4102166,9656,100.04,0.477152792,16093,98.96,1.186141159,16093,82.94,0.64319307,16093
20/07/2020,19,0,3,118,0,50,125,0,49,685,5,8,75,3,787,151,11,4,3128,0,62,1,5,291,0,7,125,49,24,560,0,40,1,1288,391,10,327,453,103,502,93,86,232,339,0,0,0,6,205,48,164,19,17,0,213,16,0,34,32,0.035248087,0.203617993,0.023442822,0.008623797,19.84467303,12.2170796,5.204306426,2.423286997,0.017253375,0.130524156,0.000246852,3.53E-05,60,222,281,56.48,45.74615446,6437.5,98.96,0.376031107,16093,98.96,0.733356734,16093,80.06,2.706457947,16093
21/07/2020,127,0,5,18,7,11,200,2,21,331,18,6,0,0,834,0,5,3,2980,272,51,3,8,119,0,1,26,29,3,990,0,39,1,907,360,28,968,385,58,478,63,123,133,251,58,13,0,3,98,43,327,14,0,1,224,3,763,4,20,0.029973795,0.164663031,0.022774796,0.008011421,17.8044342,9.879781879,5.625374533,2.299277786,0.013215483,0.110670605,0.000232073,3.64E-05,60,247,287,55.49,57.49018279,13679.5,96.98,0.376412674,16093,96.98,0.886384216,16093,87.08,0.884392211,16093
22/07/2020,260,0,3,25,0,8,271,11,22,442,14,5,193,1,1120,67,2,0,3109,79,63,0,10,181,0,0,166,24,11,767,0,37,2,1092,285,8,708,587,96,796,24,102,158,275,18,13,0,2,125,29,149,0,14,0,483,5,94,25,0,0.038595477,0.214626554,0.024208311,0.008485445,20.14683924,12.87759324,5.156370191,2.112875812,0.02032233,0.142375009,0.000232285,3.84E-05,60,213,249,55.94,53.5033321,11265.5,93.92,0.290107434,16093,93.02,0.946131458,11265,80.96,1.73630801,16093
23/07/2020,226,0,0,39,0,8,223,0,22,344,0,3,120,0,1135,231,8,23,1734,0,32,3,17,129,0,17,181,26,9,905,0,52,1,831,276,19,410,501,105,231,74,109,162,212,30,8,0,5,88,59,417,14,8,0,273,0,107,50,10,0.032586564,0.18061164,0.023027198,0.007005505,18.08554303,10.83669843,5.434418691,1.814425908,0.015830127,0.12202101,0.000237349,3.54E-05,60,236,259,57.02,54.13688389,9656,96.98,0.095574071,16093,98.06,0.070521874,14484,71.06,7.916933055,16093
24/07/2020,345,0,6,36,5,13,202,8,5,392,14,0,48,3,1037,0,2,17,2067,100,89,0,0,122,0,3,139,26,4,710,0,28,0,654,307,8,611,490,115,300,33,72,132,186,7,15,0,0,59,104,202,34,16,0,334,17,236,40,19,0.031264569,0.179669774,0.02385204,0.008373249,19.25897442,10.78018645,5.891453916,2.587334052,0.014286814,0.1223559,0.000236621,3.98E-05,60,247,309,60.08,28.91342309,11265,93.92,0.510491262,16093,93.02,0.788920772,16093,73.94,5.551587266,16093
25/07/2020,116,0,0,0,0,0,143,0,0,416,0,2,100,0,832,76,0,0,3390,0,13,2,15,0,0,7,88,0,0,595,0,46,0,0,0,4,0,0,108,0,0,65,0,114,13,0,0,1,0,62,0,14,0,0,0,0,0,27,18,0.033991818,0.195792056,0.023593446,0.007991853,19.44332003,11.74752335,5.450085975,2.245710701,0.01698231,0.13300358,0.000236572,3.42E-05,60,231,281,60.98,25.4102166,8047,96.98,0.261741537,16093,96.08,0.581963081,16093,75.92,4.378102076,16093
26/07/2020,0,0,5,0,0,0,163,0,0,0,0,0,0,-4,459,41,0,0,1692,0,0,0,8,0,0,1,49,0,0,420,0,0,0,0,349,11,1196,603,145,0,0,0,0,208,9,0,0,0,0,133,258,22,0,0,0,0,0,52,16,0.03205037,0.186169478,0.023559601,0.008212888,19.1020206,11.17016868,5.418708198,2.513143718,0.014776936,0.120529619,0.000233979,3.88E-05,60,230,306,62.06,26.05115896,6437,98.06,0.287548016,16093,96.98,1.212683269,16093,78.08,2.828690522,16093
27/07/2020,108,0,5,62,0,10,140,0,0,0,0,0,95,0,352,29,7,0,2011,0,13,0,8,0,0,1,80,29,0,273,0,80,1,0,115,0,0,806,90,549,144,102,0,174,13,20,0,4,0,0,133,10,0,0,324,5,0,30,10,0.032988174,0.189540312,0.022549509,0.008051118,18.60532985,11.37241869,4.938342495,2.294568665,0.015616558,0.119615961,0.000236715,4.07E-05,60,219,285,55.76,52.95054269,4586.6,100.04,0.396785556,16093,98.06,1.735672072,16093,80.96,1.174216586,16093
28/07/2020,195,0,3,46,0,19,231,1,42,645,38,12,27,6,1893,124,5,3,2614,93,132,2,9,265,0,5,58,40,18,187,0,68,0,1720,400,17,1970,0,43,248,0,74,57,0,60,12,1,1,154,18,234,23,25,0,328,0,438,22,15,0.029461669,0.164857974,0.023171639,0.007641175,17.55915486,9.891478434,5.329476904,2.338199526,0.013186394,0.110608508,0.000232591,3.94E-05,60,230,306,55.94,53.5033321,9656,100.04,0.193951619,16093,98.96,0.614659193,16093,78.98,3.560012236,16093
29/07/2020,140,0,5,17,9,12,410,0,34,127,8,11,52,1,448,70,1,0,4814,127,48,3,6,396,2,7,148,54,15,439,0,37,2,972,96,48,2347,780,132,286,66,108,388,397,50,25,0,1,179,45,264,61,5,1,214,1,167,31,44,0.036814429,0.198981777,0.022167765,0.007436441,18.22314245,11.93890662,4.588727392,1.695508435,0.01955801,0.131958114,0.000240221,3.33E-05,60,207,228,57.05,56.08516367,2078.666667,100.94,0.177794862,16093,100.04,0.765374971,16093,82.94,1.960200939,16093
30/07/2020,358,0,21,24,0,8,-137,0,24,976,4,3,57,3,1067,70,2,73,2580,36,117,2,13,159,0,3,169,5,5,506,0,32,1,470,150,8,-621,401,226,133,30,92,73,119,46,12,0,5,58,86,253,0,8,1,165,2,106,17,0,0.03562815,0.196191089,0.022848712,0.008409979,18.8116632,11.77146536,4.912473159,2.127724677,0.018339274,0.132842047,0.000224897,3.82E-05,60,215,253,57.02,54.13688389,11265,102.92,0.043444756,16093,102.02,0.130175283,16093,82.04,2.165618923,16093
31/07/2020,8,0,5,34,17,11,93,0,24,127,10,2,68,0,924,40,12,0,2505,57,53,0,19,0,0,14,85,23,6,418,0,54,1,382,156,13,542,360,152,141,43,71,73,182,33,9,0,0,91,94,145,24,0,0,213,7,241,16,24,0.034534475,0.198653321,0.0227035,0.007999763,19.27023704,11.91919924,5.199101472,2.151936322,0.017390885,0.131962845,0.000231813,3.92E-05,60,229,269,57.92,47.32091544,12070,102.02,0.130175283,16093,102.02,0.396003565,16093,84.92,1.837001264,16093
01/08/2020,345,0,10,0,0,0,136,0,0,0,0,0,43,1,547,234,0,0,2316,0,7,1,0,220,0,0,255,0,0,637,0,36,0,0,0,0,466,0,148,0,0,75,0,408,43,0,0,1,0,102,0,13,7,0,0,0,0,0,6,0.034802344,0.213384608,0.022697804,0.007979976,20.1157549,12.80307647,4.902725575,2.409952849,0.018432959,0.14263892,0.000220761,3.40E-05,60,216,302,60.98,47.79252847,12875,100.04,0.106328126,16093,100.04,0.193951619,16093,100.04,0.088360731,16093
02/08/2020,40,0,1,0,0,0,160,0,0,644,0,0,0,0,663,0,0,0,1320,0,0,2,5,0,0,3,25,0,0,558,0,13,0,0,247,21,284,835,88,0,0,0,0,305,0,0,0,0,0,111,171,18,0,0,0,0,0,34,14,0.029302379,0.170962695,0.024276121,0.00824072,18.87073231,10.25776169,5.753440708,2.859529912,0.012268329,0.109417713,0.000234289,3.94E-05,60,237,347,60.98,54.88256136,5967.833333,98.96,0.014819586,16093,98.96,0.310302097,16093,100.94,0.001051954,16093
03/08/2020,0,0,0,0,0,8,67,0,0,0,7,0,39,10,106,73,13,-5,1700,0,98,1,5,0,0,0,102,0,0,422,0,0,0,0,55,4,452,0,105,402,119,139,0,168,0,21,0,0,0,58,160,11,0,0,291,0,0,28,17,0.03325519,0.202933967,0.02396236,0.008468236,20.35217626,12.17603801,5.415493468,2.760644779,0.015908294,0.130573384,0.00025134,3.79E-05,60,226,326,64.94,32.70084893,12875,100.94,0.003903713,16093,100.04,0.017519728,16093,100.04,0.021980316,16093
04/08/2020,385,0,11,71,11,26,143,2,31,676,0,12,65,3,577,0,3,6,1928,171,88,2,19,298,2,0,42,92,17,253,0,28,0,1476,52,42,585,633,73,73,24,61,359,236,44,7,1,15,195,0,87,43,12,0,245,3,533,42,31,0.028175775,0.164411881,0.02298555,0.00897316,18.68053896,9.86471286,5.585488569,3.23033753,0.011887695,0.110922002,0.000236258,4.23E-05,60,243,360,64.94,37.43665617,12875,98.96,0.118281682,16093,98.96,0.21541359,16093,98.06,0.129367426,16093
05/08/2020,227,0,0,0,0,2,148,0,0,186,14,0,0,2,205,0,0,0,2360,0,0,0,0,0,0,1,0,27,0,65,0,45,0,0,0,0,220,0,92,76,44,14,0,0,0,7,0,0,0,95,0,0,3,0,88,0,0,0,0,0.031551417,0.181232539,0.022367711,0.008656898,18.8046446,10.87395235,5.368250545,2.562441707,0.014726747,0.121639814,0.000224078,4.22E-05,60,240,296,60.53,47.52805588,8047,98.96,0.078264222,16093,98.06,0.070521874,16093,89.06,0.327951599,16093
06/08/2020,748,0,19,48,0,2,208,0,48,680,6,35,88,18,291,0,1,1,3035,94,19,1,22,272,0,7,154,18,5,580,0,41,1,1254,370,10,398,611,147,85,77,133,126,306,17,7,0,2,153,0,100,53,22,0,256,3,76,46,39,0.031066547,0.16468868,0.024134464,0.008307755,17.86326475,9.881320819,5.647464631,2.334479295,0.013650588,0.110845714,0.000246392,3.59E-05,60,234,281,60.98,47.79252847,11265,89.96,0.652060224,16093,89.96,1.078273449,16093,78.98,2.178336277,16093
07/08/2020,0,0,6,0,0,1,228,6,0,0,8,0,0,2,285,0,8,5,3058,59,58,0,0,0,0,0,36,21,0,43,0,60,0,711,0,0,304,0,98,0,0,87,0,0,16,0,0,2,0,150,0,0,0,0,141,0,82,0,0,0.028732206,0.16385085,0.024080183,0.008077385,18.38861154,9.831051013,5.827404238,2.730156288,0.012289891,0.110885759,0.000226282,3.44E-05,60,242,338,62.96,26.58039091,8047,87.98,1.137191888,16093,87.98,2.184521503,16093,75.92,5.083753615,16093
08/08/2020,329,0,2,35,11,0,262,3,13,406,0,2,92,-22,617,0,0,0,2520,35,30,0,17,157,1,0,56,0,1,322,0,87,0,0,251,10,513,652,106,184,46,132,52,139,9,7,0,1,70,73,158,28,5,0,0,5,111,30,16,0.031712052,0.176885396,0.022796699,0.0082932,18.23443002,10.61312373,5.266037505,2.35526878,0.015258782,0.122970566,0.000236518,3.62E-05,60,231,284,60.98,21.84989847,8047,95,0.146743148,16093,93.92,0.864935727,16093,75.92,2.5786905,16093
09/08/2020,0,0,0,0,0,0,160,0,0,259,0,0,0,25,957,0,0,0,1785,0,40,1,51,0,0,1,81,0,0,565,0,0,0,0,0,6,260,551,116,0,0,0,0,212,0,0,0,0,0,125,99,21,0,0,0,0,0,31,12,0.031319571,0.184390787,0.024135034,0.009251655,19.85660788,11.06344721,5.647597929,3.145562738,0.013899322,0.120932976,0.000271733,4.84E-05,60,234,340,60.98,21.84989847,6437,98.06,0.129367426,16093,98.06,0.669983696,16093,82.94,0.43269454,16093
10/08/2020,418,0,18,143,0,29,222,1,26,556,0,4,0,17,857,0,20,45,1980,161,77,1,41,724,0,4,153,28,35,886,0,133,2,1531,1245,50,360,645,75,561,161,208,0,1007,5,41,1,9,245,114,599,10,0,0,387,3,488,113,46,0.038209339,0.216665332,0.024264873,0.007407102,19.9452751,12.99991991,5.07135844,1.87399675,0.020337657,0.141381883,0.000257148,3.74E-05,60,209,253,62.06,18.75054916,6437,102.02,0.109061173,16093,100.94,0.311147147,16093,82.04,1.536690796,16093
11/08/2020,0,0,3,0,0,5,383,0,0,0,76,0,174,0,555,0,0,0,331,0,0,0,0,0,0,0,48,55,0,0,0,58,0,0,234,0,0,0,69,1006,24,113,292,268,44,10,0,0,0,83,0,44,27,0,687,0,106,0,20,0.032242136,0.179734537,0.023485659,0.008671259,18.70043878,10.78407221,5.401701483,2.51466509,0.015144533,0.122332236,0.000243179,3.94E-05,60,230,290,56.48,53.820108,6437,102.02,0.130175283,16093,100.94,0.438199839,16093,80.06,1.586485004,16093
12/08/2020,481,0,10,42,14,1,316,4,30,132,0,7,52,7,184,614,13,0,3409,127,67,1,6,366,0,2,134,13,0,1296,0,0,1,1393,0,2,2218,182,142,0,22,104,78,0,29,0,1,4,64,72,591,23,1,1,94,4,0,64,12,0.029168331,0.166506152,0.023717227,0.008162257,18.37604838,9.990369119,5.692134487,2.693544775,0.012480104,0.110022676,0.00025809,3.80E-05,60,240,330,57.92,34.15526416,11265,98.96,0.310302097,16093,98.96,0.847344312,16093,82.94,0.43269454,16093
13/08/2020,436,0,3,25,0,4,379,0,8,366,0,6,38,2,320,60,14,11,142,169,112,0,11,122,0,0,175,0,0,348,0,109,1,607,942,6,0,236,110,406,24,105,9,97,41,7,0,3,76,34,737,22,1,0,204,0,50,20,10,0.044367025,0.243563947,0.023685561,0.008375546,21.20743803,14.61383682,4.784483345,1.809117872,0.026011786,0.162797068,0.000223592,4.97E-05,60,202,216,59,24.21454069,8047,104,0.107787233,16093,100.94,0.608519058,16093,93.92,0.001609391,16093
14/08/2020,10,0,10,65,13,8,274,2,34,813,0,10,78,12,389,116,1,1,4406,165,91,0,40,553,0,0,87,64,5,683,0,57,1,1679,399,42,1084,672,109,375,115,163,191,806,14,12,1,2,182,204,361,50,7,2,258,1,300,48,52,0.030971714,0.182899539,0.024269525,0.007807332,18.95468876,10.97397235,5.412104126,2.568612278,0.014379842,0.121170324,0.000246092,3.33E-05,60,223,329,62.96,16.53029934,6437,95,0.647339817,16093,93.02,1.507495558,16093,71.96,41.28676851,16093
15/08/2020,0,0,0,0,0,0,257,0,0,0,0,0,23,0,378,67,0,0,2036,0,36,1,0,0,0,0,167,0,10,513,0,39,0,0,0,0,964,0,104,0,0,149,0,0,49,0,0,0,0,94,0,0,6,0,0,0,0,0,0,0.033580906,0.189927031,0.023159241,0.008838584,18.90605028,11.39562184,4.956077663,2.554350778,0.015583718,0.119012671,0.000260691,4.85E-05,60,214,289,69.98,10.5171256,9656,105.08,0.147206255,16093,104,0.383669564,16093,96.08,0.698755128,16093
16/08/2020,415,0,0,0,0,0,215,0,0,743,-29,0,0,0,304,99,0,8,1104,0,40,0,8,0,0,0,404,0,1,342,0,0,0,0,0,13,786,279,135,0,0,0,0,342,34,0,0,0,0,136,426,3,0,0,0,0,0,53,18,0.033920595,0.198917687,0.023652469,0.009468385,19.97923067,11.9350612,5.061628336,2.982541133,0.016514094,0.13213944,0.000247159,5.44E-05,60,214,315,71.06,7.916933055,9656,91.04,5.965131441,16093,100.94,2.007654098,16093,105.98,0.274890643,16093
17/08/2020,150,0,2,0,0,6,180,0,0,0,6,0,87,0,218,105,4,0,1259,0,24,0,4,0,0,1,87,39,0,216,0,43,0,0,711,8,440,334,54,357,123,198,0,222,0,0,0,2,0,84,162,43,0,0,346,0,0,27,0,0.034576118,0.200031712,0.022129143,0.009399197,19.43177811,12.00190272,4.713507358,2.716368027,0.017275972,0.131723831,0.000228277,4.51E-05,60,213,289,60.92,57.31846423,5230.333333,107.96,0.320868642,16093,107.96,0.945838757,16093,95,1.24021896,16093
18/08/2020,314,0,1,51,0,5,260,2,22,1110,8,11,123,21,180,29,3,0,875,205,14,0,15,264,0,0,114,19,12,287,0,18,0,1828,276,12,586,282,81,193,9,78,180,207,51,23,0,1,171,88,127,20,12,0,267,5,207,30,28,0.043431785,0.227649217,0.021827789,0.009116162,19.58773493,13.658953,4.059968683,1.868813239,0.025463578,0.153268394,0.000234178,3.96E-05,60,186,205,58.784,61.05506687,2333.8,107.06,0.566757787,16093,102.92,2.550088049,16093,104,0.329552525,16093
19/08/2020,399,0,51,73,7,1,218,4,28,788,2,13,36,1,216,88,6,0,1722,107,44,5,23,188,0,0,123,18,9,295,0,20,1,1140,158,24,797,416,101,178,8,93,54,449,41,4,0,0,176,314,267,29,10,0,118,1,193,42,35,0.034880862,0.197535001,0.023308927,0.01019322,19.84721045,11.85210005,4.988110401,3.006999996,0.017066784,0.132725181,0.000242624,5.32E-05,60,214,295,62.96,36.27040433,11265,102.92,0.942901807,16093,102.92,2.550088049,16093,102.92,0.302454965,16093
20/08/2020,348,0,0,23,0,0,9,0,0,369,0,9,21,0,0,0,0,0,1519,42,0,0,0,0,0,1,0,11,4,429,0,26,0,326,4,30,522,232,83,298,0,61,0,173,23,6,0,0,63,84,149,0,2,0,0,0,97,29,0,0.031730683,0.181285419,0.023195448,0.008164261,18.49898826,10.87712514,5.172584858,2.449278262,0.015056175,0.121711735,0.000208214,3.55E-05,60,223,300,59.99,51.51189324,11265,96.98,0.01827444,4023,96.02,0.151324123,5364.333333,91.04,0.09463309,4828
21/08/2020,285,0,2,32,0,-3,213,2,8,368,1,3,41,9,194,28,1,0,1708,61,20,0,5,105,0,0,107,13,3,372,0,16,0,526,482,16,474,304,91,101,34,90,70,238,36,10,0,1,42,79,36,27,10,0,186,4,157,17,8,0.037772984,0.213495703,0.023675484,0.008779901,20.01968145,12.8097422,4.900825251,2.309113998,0.020013242,0.142604342,0.000220302,4.98E-05,60,207,263,66.02,32.45029392,12875,93.02,0.036870789,1609,94.64,1.135977708,3084.666667,91.67,0.030344944,3219
22/08/2020,224,0,1,33,16,1,254,2,11,305,1,0,27,6,280,44,8,1,1608,0,27,0,21,94,0,0,82,11,5,493,0,35,0,0,1,29,660,291,89,110,52,63,75,0,12,0,0,8,0,125,162,10,5,0,95,2,121,20,15,0.037529925,0.20803544,0.023426647,0.008424122,19.21532185,12.48212639,4.568196083,2.164999381,0.020646216,0.143978348,0.000229481,3.96E-05,60,195,257,68.54,39.47224418,11265,87.98,1.137191888,1207,93.02,4.236743553,2816,95,0.176163475,6437
23/08/2020,30,0,0,36,0,0,165,0,4,357,0,0,0,0,257,189,1,0,1033,0,0,0,19,65,0,0,107,11,5,153,0,37,0,462,269,23,432,337,80,180,0,0,32,192,11,0,0,0,0,53,98,0,11,2,79,0,94,21,0,0.040229692,0.210459139,0.023393273,0.008497081,18.98841461,12.62754837,4.491508462,1.869357783,0.022336329,0.143282713,0.000230677,3.67E-05,60,192,220,62.06,41.08327281,8047,93.92,2.202274527,4023,93.56,3.872860111,4828,87.98,2.184521503,16093
24/08/2020,63,0,0,19,0,5,136,0,1,217,0,14,3,0,225,29,8,0,1198,145,51,0,5,81,0,0,145,20,10,353,0,18,0,800,815,8,211,187,65,63,14,135,40,463,8,0,0,0,158,92,103,37,13,0,107,0,167,34,15,0.05258223,0.244363577,0.023236088,0.008441477,19.87608282,14.66181464,3.973371014,1.240897171,0.032399279,0.161431837,0.000255293,4.22E-05,60,171,147,55.94,63.75698233,4828,93.02,1.30692229,3219,91.04,7.760055479,6437,82.94,9.028424477,16093
25/08/2020,489,0,3,27,0,2,243,0,23,204,8,1,90,3,94,36,4,0,884,25,12,1,16,79,0,0,48,10,2,335,0,38,0,456,292,9,420,267,45,434,56,118,75,0,62,22,0,1,25,139,38,23,7,0,128,5,135,16,21,0.039662387,0.199986655,0.022996708,0.009465042,18.7999715,11.99919931,4.898298709,1.90247348,0.020306665,0.131573385,0.000229349,4.46E-05,60,213,201,58.955,43.8262823,8449,100.04,0.907709208,2414,98.06,3.237567099,4023,82.04,6.573260326,16093
26/08/2020,110,0,2,54,26,4,275,5,8,314,0,1,23,1,286,20,1,10,1609,42,23,0,8,40,0,0,119,16,7,448,0,19,0,338,119,11,385,228,79,230,34,61,69,155,16,1,0,1,49,71,365,29,6,0,178,2,52,19,3,0.060561558,0.273644673,0.02517555,0.010575745,21.74159935,16.4186804,3.725981388,1.59693756,0.036367154,0.164040202,0.00031098,5.66E-05,60,148,151,60.98,35.06642545,8047,104,0.630197352,6437,98.06,1.479352295,8047,82.04,6.573260326,16093
27/08/2020,236,0,5,47,0,4,78,0,6,139,1,3,64,4,92,44,10,1,1600,16,34,1,3,51,0,0,58,8,2,369,0,23,0,196,167,20,356,277,89,50,23,62,47,87,12,3,0,1,48,47,215,13,8,1,64,10,99,13,10,0.034204113,0.185267252,0.023493457,0.007332255,17.99136334,11.11603514,5.027599899,1.847728297,0.016652526,0.120490976,0.000228057,3.71E-05,60,214,252,57.92,43.50169516,9656,100.94,0.834589715,9656,96.98,2.554942849,9656,94.55,0.33943501,16093
28/08/2020,226,0,1,50,0,5,139,1,4,296,1,4,68,0,242,69,1,1,1472,107,55,0,3,70,2,0,71,15,3,323,0,24,0,126,241,24,485,285,66,144,50,67,35,214,8,5,0,1,60,119,156,22,0,0,102,0,71,23,7,0.034164833,0.17264457,0.023386728,0.007679688,17.18491075,10.35867419,5.09830672,1.727929845,0.01731294,0.123727015,0.000228193,3.54E-05,60,218,225,62.06,30.1239728,6437,102.92,0.180242789,14484,96.98,1.023572438,11265,80.06,1.301690765,16093
29/08/2020,0,0,2,71,13,2,164,0,9,245,5,0,26,2,107,13,9,0,1298,0,14,0,14,76,2,0,97,6,3,408,0,48,0,0,0,39,253,263,134,125,40,96,63,406,13,0,0,1,0,66,225,21,8,0,109,0,123,25,9,0.039265047,0.214777801,0.022856276,0.008214067,19.67178863,12.88666807,4.93695551,1.84816505,0.021137713,0.142077143,0.00024845,4.25E-05,60,216,225,60.98,35.06642545,6437,96.08,0.157855349,16093,100.04,0.021980316,16093,82.94,0.285130637,16093
30/08/2020,193,0,0,62,0,0,138,0,7,209,0,0,0,0,144,39,8,0,993,0,0,0,16,0,1,0,66,10,4,254,0,26,0,58,438,9,228,253,79,379,35,0,38,0,-1,0,0,0,0,0,62,0,7,2,6,0,99,51,0,0.038058032,0.194516995,0.023588369,0.008191721,18.26785544,11.67101973,4.835615596,1.761220116,0.020072401,0.132934907,0.000271773,5.89E-05,60,205,215,60.08,24.86932763,6437,98.96,0.050634206,8047,98.42,0.439485941,4828,80.96,0.675879116,16093
31/08/2020,147,0,2,78,0,4,238,1,9,142,13,20,52,5,219,198,13,0,1019,109,96,0,15,142,2,0,295,18,4,94,0,30,1,991,464,7,269,304,66,144,64,95,91,336,-2,8,0,9,124,64,166,41,2,0,189,0,70,38,18,0.043800341,0.22508697,0.023975354,0.007179766,19.53495193,13.50521818,4.651218664,1.378515087,0.025656018,0.153426255,0.000265046,4.19E-05,60,194,192,60.08,14.5811656,6437,96.08,0.157855349,8047,95,0.901951308,11265,82.04,1.536690796,16093
01/09/2020,258,0,0,43,0,0,0,0,0,222,0,5,0,0,0,0,0,0,753,53,0,0,0,0,0,0,0,3,1,287,0,24,0,244,0,15,237,267,50,170,0,91,0,0,0,2,0,0,35,199,76,0,2,0,0,0,91,14,0,0.044725627,0.233113172,0.023011642,0.008320218,20.21598354,13.98679034,4.648351761,1.580841437,0.025347221,0.150888197,0.000221903,4.31E-05,60,202,190,60.98,25.4102166,6437,96.98,0.119953544,8047,96.08,0.157855349,8047,78.98,1.797712131,16093
02/09/2020,250,0,0,77,21,11,97,0,6,357,10,4,27,2,135,52,1,0,1414,40,131,2,10,49,1,0,88,12,3,317,0,35,1,153,361,11,366,250,73,108,25,51,21,453,11,3,0,1,41,150,116,27,1,0,226,0,33,13,17,0.038442303,0.213763801,0.022831539,0.010938142,20.56663237,12.82582805,4.885949312,2.854855001,0.019806782,0.142708811,0.000218538,6.39E-05,60,214,261,55.94,56.06674466,3017.25,93.92,0.434080433,8047,93.02,1.30692229,8047,73.04,7.187828963,16093
03/09/2020,157,0,0,95,0,10,76,1,7,243,4,6,27,1,143,0,4,0,1064,13,26,0,2,41,2,0,81,8,2,0,0,21,3,397,194,23,370,325,79,279,29,79,65,191,123,3,0,2,43,75,119,0,7,0,137,1,132,27,0,0.040808431,0.230776395,0.022820547,0.009245321,20.73068304,13.84658367,4.609750463,2.274348907,0.022660333,0.151835265,0.000222056,4.15E-05,60,202,246,55.94,63.75698233,9656,93.02,1.097714229,11265,93.02,1.507495558,9656,82.04,2.519503646,16093
04/09/2020,125,0,0,33,0,1,101,0,8,193,3,6,228,0,161,30,0,0,1408,64,-36,1,8,80,1,0,95,12,1,116,0,32,0,284,206,16,0,453,59,137,12,62,71,197,18,3,0,3,40,0,141,25,7,0,110,3,78,17,31,0.036153951,0.198119259,0.022844097,0.009213045,19.16159389,11.88715555,4.934324935,2.340113409,0.018251288,0.132164453,0.000217575,5.48E-05,60,216,254,57.11,44.14925728,12875,93.02,0.389966363,11265,91.04,2.561257135,9656,91.94,0.624176045,16093
05/09/2020,154,0,0,53,16,3,199,0,13,169,5,0,40,1,95,266,10,4,1135,0,12,0,13,75,5,0,82,9,3,251,0,39,0,0,0,15,710,443,84,107,27,165,61,0,27,0,0,1,0,0,115,4,6,0,125,0,62,29,19,0.0391436,0.220918347,0.022687216,0.007646549,19.45436929,13.25510081,4.310570969,1.888697509,0.023161684,0.155175618,0.000241426,3.33E-05,60,190,247,64.94,17.53461266,9656,96.08,0.497926402,9656,97.04,1.209722202,7778.333333,100.04,0.070272888,16093
06/09/2020,0,0,0,79,0,2,116,-1,6,178,-1,0,0,0,182,49,-1,0,792,0,13,0,17,20,-2,0,113,9,5,223,0,28,0,0,142,11,233,308,76,119,9,0,43,421,8,0,0,-7,0,161,105,-20,5,0,0,1,83,17,0,0.044829742,0.255404572,0.023405909,0.008264643,21.4286167,15.32427435,4.096034084,2.008308273,0.027919012,0.172718808,0.000285702,4.76E-05,60,175,243,60.98,30.33494514,8047,100.94,0.364263891,9656,102.02,1.02367638,9656,109.04,0.029489578,16093
07/09/2020,219,0,0,40,0,3,112,1,1,146,1,0,0,0,40,51,3,0,487,0,29,0,12,30,2,0,131,17,6,113,0,0,0,0,173,9,133,2,64,1,18,0,30,0,0,0,0,7,0,57,59,20,8,0,0,0,61,23,0,0.037650591,0.225061185,0.022069682,0.00885635,20.33131889,13.50367109,4.303588059,2.524059739,0.021394625,0.153854245,0.000251125,5.14E-05,60,195,285,62.06,30.1239728,6437,102.92,0.506346944,11265,98.06,5.88844955,9656,113,0.025912309,16093
08/09/2020,146,0,0,4,0,0,73,0,3,94,13,25,15,0,99,59,6,0,420,72,0,0,7,54,0,0,59,13,2,151,0,38,0,585,332,10,0,216,0,0,15,133,45,106,0,19,0,0,91,128,194,3,-2,0,0,2,148,1,0,0.041612068,0.208492468,0.022988895,0.008673643,18.18447392,12.50954806,3.862134385,1.812791478,0.02409146,0.143967852,0.000262238,4.82E-05,60,168,209,60.08,39.87739941,8047,102.92,1.107879673,8047,98.06,5.88844955,6437,107.06,0.054192963,16093
09/09/2020,100,0,0,13,13,3,28,0,2,75,9,0,37,0,23,31,2,5,618,39,29,0,4,34,0,0,32,4,1,194,0,18,0,163,64,2,218,456,95,0,29,57,20,137,0,6,0,6,16,28,50,58,5,1,139,1,12,32,37,0.039590643,0.217438652,0.023747903,0.00725018,19.51818709,13.04631913,4.797076326,1.674791627,0.021478827,0.141104,0.000224114,3.17E-05,60,202,231,66.02,17.56771335,8047,91.04,0.04581052,1609,93.02,0.389966363,4023,82.94,1.960200939,16093
10/09/2020,114,0,0,0,0,7,145,0,6,84,0,8,90,0,169,16,2,2,1165,15,10,0,1,25,1,0,37,10,6,281,0,11,0,133,145,0,301,284,46,0,26,88,51,0,62,5,0,0,27,45,64,4,0,0,151,14,0,14,6,0.042536512,0.216302984,0.023162621,0.008396537,19.05635731,12.97817905,4.42406054,1.654117711,0.023517292,0.141509607,0.000213318,4.92E-05,60,191,197,55.94,87.10580877,402,89.06,0.020135324,6437,89.06,1.953312373,12875,80.06,0.603485368,16093
11/09/2020,109,0,0,127,0,2,81,4,6,59,22,5,35,2,69,24,6,20,1042,71,29,0,0,47,0,0,40,8,2,142,0,27,1,205,0,4,175,361,68,296,23,71,29,289,20,1,0,4,15,62,89,12,8,1,76,1,125,22,7,0.03602172,0.201436905,0.024386498,0.008943143,19.73990272,12.08621428,5.194323981,2.459364459,0.017669414,0.130944636,0.000246299,5.48E-05,60,213,275,62.96,26.58039091,1609,77,3.20952824,4828,77.792,11.21562933,3218.8,71.96,2.007748426,14484
12/09/2020,18,0,0,15,12,2,92,1,7,134,3,0,56,1,123,121,12,-20,1110,0,22,1,0,54,0,1,23,7,5,147,0,25,2,0,394,10,158,445,75,165,28,111,29,274,8,0,0,1,0,43,88,22,0,1,71,1,100,17,13,0.039564486,0.215776116,0.023445722,0.008251324,19.8218076,12.94656693,4.993938761,1.88130191,0.02112007,0.141660307,0.00023472,4.58E-05,60,213,228,60.08,34.50582305,1609,80.06,1.586485004,6437,80.06,5.913195377,4828,80.06,1.301690765,11265
13/09/2020,154,0,6,24,0,0,145,0,2,159,0,0,0,0,59,18,3,0,809,0,21,0,7,0,0,0,143,13,-1,170,0,15,0,0,121,15,156,265,39,89,0,0,34,132,22,0,0,0,0,35,50,0,5,-1,0,0,59,27,0,0.045857438,0.242117952,0.023945935,0.007654704,20.40655987,14.5270771,4.310268346,1.569214419,0.027768355,0.162394114,0.000241318,3.92E-05,60,180,205,53.06,72.41146877,402,82.94,1.628301692,3219,78.08,10.22735935,6437,89.06,0.00208771,16093
14/09/2020,31,0,0,11,0,0,148,0,1,120,0,26,17,0,113,40,4,0,671,76,14,0,4,34,0,0,88,7,4,44,0,9,0,693,251,2,10,208,76,256,18,89,48,64,0,0,0,0,117,0,0,0,5,-1,0,0,96,12,0,0.040724247,0.212124668,0.024275567,0.008636636,19.42546572,12.72748005,4.806562361,1.891423307,0.022092461,0.142605188,0.000246368,5.52E-05,60,198,219,56.3,69.89924657,1475,87.98,1.586668943,3219,87.98,4.675295655,2816,82.94,0.285130637,14484
15/09/2020,75,0,0,2,0,7,73,4,11,36,7,6,101,0,115,28,19,0,393,4,6,0,13,41,0,0,19,13,8,150,0,28,0,220,110,5,269,294,52,200,38,76,28,70,22,33,0,1,50,76,76,35,-1,1,156,3,48,21,28,0.040732469,0.231819131,0.023207091,0.00870842,20.93648882,13.90914784,4.919903304,2.107437678,0.022397378,0.151277442,0.000227748,5.10E-05,60,212,242,64.04,36.91062317,7510.333333,91.22,0.6617048,1609,93.02,2.102150135,2414,86,0.080744028,16093
16/09/2020,0,0,0,53,7,3,65,2,5,80,10,2,43,1,66,19,2,2,1099,37,7,0,6,29,1,0,78,4,2,135,0,20,1,215,115,9,274,264,60,59,15,22,23,77,31,7,0,2,20,0,0,9,9,0,91,0,29,0,7,0.042872566,0.230815519,0.022576571,0.00972189,20.36446904,13.84893113,4.35727828,2.15825963,0.024154054,0.151739138,0.000215581,5.52E-05,60,193,222,64.67,36.78791883,9656,87.98,1.137191888,3219,89.06,1.953312373,4023,87.08,0.007273294,16093
17/09/2020,65,0,0,9,0,0,55,0,3,69,8,1,22,0,160,14,15,1,1123,3,28,0,9,47,0,0,108,7,1,140,0,12,0,173,301,6,215,174,79,78,23,68,44,131,12,9,0,1,47,50,98,13,1,0,125,0,141,11,16,0.041336008,0.230201216,0.022073163,0.010765404,20.58533204,13.81207296,4.017315691,2.755943388,0.023079238,0.151982365,0.000215564,6.83E-05,60,182,256,65.48,82.89007999,3621,89.06,1.183949911,6437,89.06,1.953312373,4828,89.96,0.005137901,16093
18/09/2020,202,0,0,16,0,3,96,0,4,106,1,0,77,0,72,0,0,1,1245,26,17,0,5,27,0,0,140,5,6,247,0,22,0,307,210,12,283,388,71,92,16,0,18,238,67,7,0,1,31,160,79,10,2,0,31,4,94,11,4,0.048171894,0.248482588,0.023719274,0.009373658,20.85842998,14.90895525,4.055995833,1.893478896,0.028516272,0.160281763,0.000233055,4.48E-05,60,171,202,65,46.64584662,12338.33333,84.02,1.740221216,6437,84.92,2.780027078,6236,84.92,1.577525452,14484
19/09/2020,130,0,0,18,6,7,94,1,6,73,2,0,24,0,113,110,26,0,1301,0,35,0,11,31,0,1,23,12,3,227,0,21,0,0,0,18,537,286,56,0,28,190,43,123,14,0,0,1,0,11,60,11,3,0,82,1,69,8,6,0.042692361,0.221260224,0.022876012,0.0092308,19.38233194,13.27561342,4.140558143,1.966160376,0.025200479,0.155061004,0.000192055,4.67E-05,60,181,213,65.48,40.99319404,9656,84.92,2.542035979,16093,84.02,3.826049994,12875,82.94,0.938364875,16093
20/09/2020,64,0,0,10,0,0,103,0,4,108,0,0,0,0,118,15,6,0,980,0,0,0,16,0,1,1,107,10,0,190,0,38,0,0,126,11,184,284,49,0,9,0,16,158,29,19,0,0,0,62,30,0,8,0,0,0,92,7,0,0.047755941,0.242926477,0.021213451,0.008132477,19.62769167,14.5755886,3.563859776,1.488243289,0.029978614,0.162026022,0.000198885,4.02E-05,60,168,183,64.04,36.91062317,9656,87.08,0.727292848,16093,84.92,1.577525452,16093,87.98,0.539852078,16093
21/09/2020,83,0,0,16,0,1,121,0,5,101,0,3,25,0,130,147,27,4,649,95,34,0,2,0,0,0,83,12,5,138,0,22,0,738,331,9,178,348,62,48,24,76,18,101,0,22,0,0,90,52,32,0,11,0,0,0,78,7,0,0.052835796,0.242889016,0.022521828,0.008245863,19.33790151,14.57334094,3.53592705,1.228633523,0.03343879,0.162014535,0.000207712,4.16E-05,60,157,149,64.94,37.43665617,9656,87.98,0.660369103,14484,87.08,1.744471338,8047,87.08,0.339565954,16093
22/09/2020,107,0,0,5,0,9,98,2,1,74,13,4,23,0,63,104,20,0,687,33,22,0,24,70,1,0,18,15,13,181,0,19,1,63,0,2,224,222,58,178,45,27,50,76,58,15,0,2,19,48,47,37,4,0,88,5,71,11,12,0.037210688,0.198680408,0.023200477,0.008868688,18.82860799,11.92082451,4.779298354,2.128485128,0.019092425,0.131948053,0.000226019,5.37E-05,60,206,240,62.78,58.79664018,8047,93.02,0.180070743,9656,93.47,0.672032321,5833.5,82.04,1.038223595,16093
23/09/2020,91,0,1,7,3,3,100,0,4,101,5,1,52,0,75,10,4,1,1200,0,7,0,12,-17,0,0,77,11,1,156,0,16,0,213,172,2,248,278,36,41,15,39,22,61,7,27,0,0,38,65,27,7,16,0,95,0,30,8,3,0.045591832,0.245575453,0.024688418,0.007690047,20.97224286,14.73452717,4.592045723,1.645669967,0.026959166,0.161479697,0.000261844,4.79E-05,60,186,214,62.96,42.75368462,11265,91.94,0.201660221,16093,93.02,0.517225577,10460.5,89.96,0.083052997,16093
24/09/2020,112,0,9,14,0,2,82,0,10,75,3,6,83,0,65,25,14,0,1081,34,21,0,7,25,0,0,56,1,3,84,0,12,0,188,72,7,238,171,45,66,26,50,21,108,11,8,0,0,46,37,11,3,4,0,47,1,84,9,3,0.041313704,0.231644656,0.022548954,0.009871138,20.61553822,13.89867937,4.239203291,2.47765556,0.02305992,0.15155998,0.000223394,4.85E-05,60,188,251,64.67,36.78791883,9656,91.94,0.161152039,16093,89.96,0.76574464,14484,93.92,0.05413009,16093
25/09/2020,77,0,0,13,0,3,89,1,10,87,3,5,40,0,73,62,4,1,1361,23,31,0,5,18,2,0,71,8,3,282,0,7,0,295,154,10,310,405,92,68,31,71,30,126,25,18,0,2,31,58,16,7,7,1,68,0,26,7,7,0.041445886,0.230613455,0.022606941,0.007579472,20.01836277,13.83680727,4.476174325,1.70538117,0.023833586,0.151878814,0.000220188,3.65E-05,60,198,225,64.94,51.32207772,4425.5,87.98,0.803333807,16093,87.98,0.803333807,16093,89.06,0.841351007,16093
26/09/2020,108,0,0,16,3,2,142,0,11,93,4,0,54,0,80,0,5,3,1213,0,22,0,9,26,0,0,35,8,2,165,0,25,0,0,157,9,717,330,38,0,34,58,34,148,11,29,0,0,0,49,0,9,6,0,73,0,47,6,10,0.046604766,0.238325675,0.022423672,0.007161885,19.76042084,14.29954049,4.193226623,1.267653733,0.029101481,0.164011075,0.000201856,3.18E-05,60,187,177,60.92,62.71132776,3487,86,0.817276129,16093,84.92,2.196363786,16093,84.92,0.752713155,16093
27/09/2020,53,0,0,8,0,0,103,0,18,137,0,0,0,0,82,-62,10,0,813,0,22,0,23,0,0,0,77,12,1,246,0,10,0,0,86,5,92,279,67,0,2,0,24,123,28,50,0,0,0,43,0,0,14,0,0,0,65,8,0,0.048138078,0.257042876,0.023070488,0.0072425,20.94006388,15.42257255,4.083476301,1.434015028,0.030518453,0.171779093,0.00024491,3.09E-05,60,177,198,64.94,58.32436669,8851.5,87.08,1.251079222,9656,87.98,1.586668943,12875,89.06,0.588847169,16093
28/09/2020,51,0,0,6,0,2,68,0,3,105,0,7,17,1,47,82,6,0,654,58,14,0,3,0,0,1,69,9,3,133,0,10,0,754,87,3,4,124,52,51,16,54,29,88,2,27,0,0,91,0,19,0,13,0,0,0,46,12,0,0.042957852,0.226527115,0.023305018,0.008203928,19.58878064,13.59162687,4.241513252,1.755640514,0.025117109,0.152925523,0.000255345,4.15E-05,60,182,214,64.94,27.7247385,6437,89.06,1.183949911,16093,87.98,2.972369261,14484,93.02,0.267476288,16093
29/09/2020,83,0,0,4,0,1,62,0,14,76,15,1,25,0,25,10,4,1,829,18,-3,1,5,67,0,0,55,15,3,109,0,9,0,241,82,0,367,251,43,112,35,53,43,53,19,0,0,0,19,0,25,12,6,0,101,0,37,10,5,0.042386198,0.213801696,0.024257138,0.007728295,19.28571993,12.82810179,4.996970426,1.460647717,0.023176004,0.142457393,0.000251669,4.05E-05,60,206,189,84.02,0.701955963,8047,91.04,1.156371997,9656,89.96,3.265055822,11265,91.94,0.754157685,16093
30/09/2020,60,0,0,11,5,3,91,5,7,104,3,3,31,0,54,20,7,0,1015,26,7,0,15,22,0,0,42,22,1,194,0,8,0,232,152,4,354,195,37,54,15,40,31,85,15,60,0,1,26,166,16,3,6,0,133,0,63,3,14,0.038824914,0.213806446,0.023398935,0.008636012,19.76188112,12.82838678,4.84357951,2.089914832,0.020837182,0.142665801,0.000235658,5.20E-05,60,207,242,59,74.70986705,402,98.96,0.064385738,16093,96.08,0.497926402,12875,98.06,0.000986721,16093