Day,Alameda,Amador,Butte,Calaveras,Colusa,Contra Costa,Del Norte,El Dorado,Fresno,Glenn,Humboldt,Imperial,Inyo,Kern,Kings,Lake,Lassen,Los Angeles,Madera,Marin,Mariposa,Mendocino,Merced,Modoc,Mono,Monterey,Napa,Nevada,Orange,Placer,Plumas,Riverside,Sacramento,San Benito,San Bernardino,San Diego,San Francisco,San Joaquin,San Luis Obispo,San Mateo,Santa Barbara,Santa Clara,Santa Cruz,Shasta,Siskiyou,Solano,Sonoma,Stanislaus,Sutter,Tehama,Trinity,Tulare,Tuolumne,Ventura,Yolo,Yuba,MEAN_ALL,MEAN_0,MEAN_1,MEAN_2,SUM_ALL,SUM_0,SUM_1,SUM_2,VAR_ALL,VAR_0,VAR_1,VAR_2,NTP_0,NTP_1,NTP_2,CRESCENT TMP,CRESCENT HUMIDITY,CRESCENT VIS,LEMOORE TMP,LEMOORE HUMIDITY,LEMOORE VIS,HANFORD TMP,HANFORD HUMIDITY,HANFORD VIS,PASOROBLES TMP,PASOROBLES HUMIDITY,PASOROBLES VIS
15/04/2020,180,0,6,0,0,79,0,5,58,0,7,34,178,52,8,6,6,2256,7,14,4,0,0,0,0,31,0,7,259,24,0,362,126,1,258,348,171,42,8,71,44,186,6,2,2,23,16,36,0,0,0,21,0,82,3,2,0.032522406,0.17740825,0.023973542,0.007990627,18.1800251,10.64449499,5.322126338,2.213403773,0.015717944,0.123226515,0.000219064,3.40E-05,60,222,277,55.04,10.01079094,16093,75.92,0.166799862,16093,77,0.182155577,16093,75.02,1.371008749,16093
16/04/2020,155,0,11,1,1,96,3,5,66,0,6,28,3,60,8,1,5,2299,7,12,1,0,2,2,0,42,0,6,269,30,0,366,118,1,288,342,119,37,14,72,41,182,7,1,2,24,13,37,0,1,0,27,0,76,3,2,0.031401432,0.192218324,0.023163314,0.008916918,19.65729649,11.53309945,5.003275887,3.12092115,0.015598295,0.134538152,0.000241053,4.59E-05,60,216,350,51.98,35.64127993,16093,80.06,0.099529521,16093,80.06,0.124853937,16093,75.92,0.824074042,16093
17/04/2020,176,0,10,2,1,80,4,6,60,0,4,34,3,52,7,6,5,2354,5,6,1,0,4,1,0,47,1,6,284,29,1,359,109,1,288,343,115,46,14,67,42,200,5,1,3,21,8,32,0,0,0,28,0,56,4,5,0.030863515,0.162604389,0.024479238,0.009392598,18.54897222,9.756263333,6.021892587,2.770816304,0.013031347,0.111213095,0.000222572,5.22E-05,60,246,295,53.06,50.12071102,16093,82.94,0.358867607,16093,78.98,3.560012236,16093,59,20.04906789,16093
18/04/2020,155,0,5,0,0,79,2,8,67,0,4,33,2,47,8,0,1,2287,7,4,0,0,3,1,0,47,0,9,277,28,1,341,111,0,269,320,103,50,15,61,40,189,4,2,1,20,6,37,0,0,0,27,0,53,4,3,0.035545724,0.227858226,0.023775966,0.01055505,22.28716921,13.67149353,4.731417181,3.884258494,0.018484218,0.15299021,0.000238356,5.74E-05,60,199,368,53.06,50.12071102,16093,64.94,10.45551483,16093,62.96,31.53421913,16093,60.98,12.79737329,16093
19/04/2020,147,0,4,0,1,74,0,11,67,0,3,33,1,54,8,2,1,2288,7,10,0,0,2,0,0,31,3,5,292,23,0,349,104,0,255,320,107,39,9,59,36,175,5,1,1,21,10,29,0,0,0,27,0,52,6,2,0.036688992,0.213832673,0.023612004,0.009595064,20.65590268,12.82996039,5.052968917,2.772973374,0.01888897,0.142704742,0.000241978,4.49E-05,60,214,289,53.51,39.91924856,16093,69.08,4.227067491,16093,64.94,20.29316679,16093,60.98,10.49667702,16093
20/04/2020,137,0,3,1,1,65,2,4,65,0,6,34,1,45,8,2,1,2393,6,10,1,0,1,0,0,31,3,6,274,15,0,385,101,0,352,314,106,53,5,72,39,191,4,1,1,21,14,31,0,0,0,27,0,47,6,1,0.033665839,0.198288855,0.023654713,0.007891727,19.49252074,11.89733133,5.251346357,2.34384305,0.016808,0.132289637,0.000236361,4.09E-05,60,222,297,53.96,21.05914207,16093,75.92,1.794997334,16093,73.94,2.696301471,16093,62.96,16.53029934,16093
21/04/2020,144,0,1,0,1,77,1,3,70,0,5,35,1,43,8,2,1,2471,5,9,1,1,3,1,0,11,2,5,308,22,0,370,93,1,357,305,121,51,6,67,34,178,5,1,1,23,19,31,0,0,0,27,0,56,7,0,0.036681404,0.212133212,0.024542156,0.008761305,20.9450814,12.72799274,5.81649103,2.400597632,0.018630708,0.143289008,0.000245537,4.39E-05,60,237,274,53.06,35.22894135,16093,64.94,3.440744887,16093,66.02,10.89244668,16093,62.06,12.88554325,16093
22/04/2020,145,1,0,0,1,84,2,5,79,0,8,34,1,57,9,3,1,2448,3,15,0,0,6,0,0,9,3,1,283,25,0,356,70,0,350,318,92,57,8,67,34,176,7,1,1,28,19,33,0,0,0,27,1,57,4,0,0.029016369,0.165282969,0.024303079,0.008212209,18.88965629,9.916978132,6.221588122,2.751090035,0.01212388,0.110830158,0.000248992,3.97E-05,60,256,335,55.04,21.76037828,16093,73.94,1.566259264,16093,73.04,3.661187205,16093,73.04,5.166507647,16093
23/04/2020,171,1,0,1,1,82,6,8,78,0,7,27,1,41,9,1,0,2458,3,17,1,1,2,0,0,12,2,4,313,25,0,340,88,0,240,318,104,65,5,72,40,165,6,1,1,26,20,31,0,0,0,31,0,49,4,2,0.031810319,0.176347466,0.023431953,0.008604403,18.22731275,10.58084797,5.108165806,2.538298968,0.015296395,0.122901874,0.000274038,3.82E-05,60,218,295,53.96,100,3218.333333,82.94,0.64319307,16093,82.04,1.79958113,16093,78.08,1.639881888,16093
24/04/2020,142,1,4,2,1,83,4,7,78,0,5,34,4,47,9,1,0,2406,4,13,0,1,5,0,0,13,1,5,313,22,0,343,90,0,253,335,94,49,9,65,32,163,5,1,0,26,23,27,0,1,0,33,0,87,4,2,0.038763788,0.226863349,0.023189704,0.009315115,20.81615393,13.61180091,4.614751127,2.589601897,0.021535852,0.153738268,0.000246595,4.18E-05,60,199,278,51.53,77.69969887,603.5,82.94,0.792438964,16093,84.02,0.701955963,16093,80.06,2.250767912,16093
25/04/2020,136,1,3,1,2,78,4,8,86,0,3,32,3,47,6,2,0,2417,2,15,0,0,3,0,0,14,2,4,310,34,0,356,99,0,248,364,91,47,5,74,35,172,8,1,1,26,12,44,0,1,0,26,0,98,5,2,0.034652678,0.211845904,0.02292419,0.009481571,20.86091233,12.71075423,5.135018529,3.01513958,0.017724051,0.143554726,0.000239219,4.08E-05,60,224,318,56.66,57.34358337,16093,87.08,0.272113713,16093,86,1.635558947,16093,89.06,0.481138704,16093
26/04/2020,127,0,0,0,2,69,2,9,81,0,0,38,0,44,9,1,0,2462,1,10,0,0,4,0,0,10,1,3,289,25,0,367,88,0,229,363,100,43,4,63,37,182,5,1,0,22,10,47,0,0,0,26,0,100,2,2,0.035634269,0.219205215,0.022635931,0.009039384,20.7035102,13.15231292,4.730909526,2.820287753,0.018405302,0.141148555,0.00026441,4.64E-05,60,209,312,55.04,84.51338592,805,89.06,0.219265743,16093,89.06,2.250582437,16093,89.06,0.588847169,16093
27/04/2020,128,0,0,1,2,68,5,8,91,0,3,34,0,50,11,1,0,2549,0,8,1,1,4,0,0,6,1,2,302,22,0,338,88,0,237,336,101,47,9,80,39,164,3,2,1,24,13,66,0,0,0,29,1,103,1,3,0.050837605,0.266561491,0.023859003,0.010400868,22.31770838,15.99368943,4.223043568,2.100975379,0.030189335,0.168127167,0.000239106,4.98E-05,60,177,202,53.96,37.03931149,16093,87.98,0.080190612,16093,89.06,0.219265743,16093,84.92,0.186464142,16093
28/04/2020,140,0,1,1,1,70,5,8,83,0,6,33,0,45,11,2,0,2543,1,8,1,0,8,1,0,9,1,3,287,26,0,327,76,0,279,381,104,40,6,63,43,150,2,3,2,28,14,61,0,0,0,34,0,102,0,2,0.030259014,0.179948932,0.022685713,0.007871092,18.7000704,10.7969359,5.376513869,2.526620634,0.01425958,0.12229931,0.000220961,3.58E-05,60,237,321,57.47,79.6713275,11265,86,0.129174745,16093,86,0.253882667,16093,82.94,0.64319307,16093
29/04/2020,139,0,2,0,1,74,3,4,86,0,6,34,0,49,11,2,0,2550,1,6,1,0,9,0,0,7,1,3,302,33,0,336,78,0,280,355,104,41,5,70,42,144,2,2,3,28,19,61,0,0,0,30,0,57,0,0,0.039175694,0.230681574,0.023161785,0.009074093,21.15487453,13.84089446,4.863974895,2.450005174,0.021382773,0.151884003,0.000245742,5.14E-05,60,210,270,56.48,58.94693311,16093,89.06,0.841351007,16093,87.08,4.386922895,16093,91.94,0.880219182,16093
30/04/2020,126,0,0,0,1,67,4,6,78,0,7,32,0,54,10,2,0,2364,3,3,2,0,5,0,0,12,1,1,282,32,0,352,72,1,258,364,96,41,6,63,35,141,3,2,2,23,12,62,0,0,0,30,0,51,0,0,0.037687011,0.214858125,0.024825923,0.00892159,20.50173414,12.89148749,5.138966095,2.471280552,0.019497701,0.142075754,0.000220356,4.55E-05,60,207,277,57.02,74.01186723,16093,84.02,2.025871491,16093,87.08,2.764180644,14484,75.92,3.120615163,16093
01/05/2020,135,0,1,1,1,58,0,2,72,0,5,39,0,48,11,2,0,2395,0,5,2,0,5,0,0,8,2,1,319,20,0,362,64,1,263,350,100,33,7,60,38,140,4,1,2,21,19,54,0,0,0,30,0,41,0,0,0.038456182,0.23174565,0.022513418,0.009212401,21.26626837,13.90473899,4.772844618,2.588684767,0.020905299,0.151553938,0.000239125,4.19E-05,60,212,281,55.94,22.3164578,16093,87.08,0.014296695,16093,86,0.080744028,16093,80.96,0.145835587,16093
02/05/2020,132,0,0,1,1,65,0,2,81,0,5,39,0,43,10,0,0,2380,0,11,0,0,8,0,0,11,1,2,322,28,0,337,58,1,260,357,108,33,13,61,36,131,3,0,0,29,17,66,0,0,0,30,0,52,0,0,0.032588417,0.212979324,0.022402454,0.008527012,20.82399836,12.77875943,5.018149769,3.027089156,0.016761894,0.143154016,0.000236545,3.96E-05,60,224,355,60.08,28.91342309,16093,82.94,0.017038658,16093,82.04,0.078283424,16093,80.96,0.039099865,16093
03/05/2020,135,0,2,1,1,64,0,2,88,0,3,44,1,42,10,3,0,2299,0,6,0,0,9,0,0,8,0,1,308,19,2,349,57,0,254,352,101,35,9,61,34,132,3,0,0,25,16,48,0,0,0,28,0,63,0,1,0.034548948,0.200525676,0.024840741,0.008462826,19.96929192,12.03154056,5.390440797,2.547310568,0.016801166,0.131380951,0.000239105,4.33E-05,60,217,301,53.96,52.29634766,16093,82.04,0.479553349,12875,82.94,0.64319307,16093,78.08,1.996884974,16093
04/05/2020,135,0,1,1,0,51,0,3,86,0,3,56,1,48,10,4,0,2371,1,8,0,0,12,0,0,5,0,1,294,17,2,323,50,0,259,354,94,33,11,59,39,123,3,0,0,37,16,45,0,0,0,22,0,43,0,1,0.032270933,0.201918716,0.023352589,0.009257033,20.81475159,12.11512294,5.441153141,3.258475505,0.015149093,0.131362279,0.00024719,4.70E-05,60,233,352,55.94,22.3164578,16093,78.98,0.56966246,16093,80.06,0.603485368,16093,78.98,0.685548303,16093
05/05/2020,147,0,0,0,0,69,0,4,99,0,13,58,0,42,12,2,0,2370,0,14,1,0,10,0,0,5,2,0,279,24,2,333,50,0,260,363,103,47,5,58,35,113,3,0,0,29,16,40,0,0,0,24,0,48,0,1,0.033764979,0.211425451,0.023638447,0.008730639,20.86675696,12.68552704,5.247735316,2.933494609,0.017281917,0.143521302,0.000243806,4.23E-05,60,222,336,57.02,13.02756534,16093,84.02,0.003952653,16093,84.02,0.061823017,16093,84.92,0.004863816,16093
06/05/2020,136,0,0,0,0,67,0,4,94,0,7,63,0,41,13,3,1,2292,0,17,1,0,9,0,1,6,2,0,279,30,2,296,67,0,236,379,88,46,4,61,36,111,3,0,0,30,17,38,0,0,0,28,0,51,1,0,0.035013351,0.211982632,0.023584886,0.008929442,20.622864,12.71895789,5.117920171,2.785985939,0.018103263,0.143367779,0.000242667,4.47E-05,60,217,312,55.94,73.59428314,9656,86,0.004244974,16093,87.08,0.01026507,16093,84.02,0.036428366,16093
07/05/2020,136,0,2,0,1,65,1,2,88,0,6,59,0,36,14,0,0,2323,1,13,1,0,8,0,0,5,2,0,299,31,0,270,51,0,226,387,93,38,6,51,39,107,4,0,3,25,13,39,0,0,0,11,0,58,0,0,0.031129024,0.193483386,0.023890694,0.008878386,20.38951079,11.60900314,5.566531807,3.213975839,0.014924198,0.134162658,0.000247826,3.98E-05,60,233,362,55.94,22.3164578,16093,82.94,0.088374846,16093,84.02,0.317208397,16093,87.08,0.003708599,16093
08/05/2020,136,0,2,0,2,82,1,4,81,0,6,70,1,39,15,1,1,2276,1,7,1,0,8,0,0,9,1,0,299,26,0,277,51,0,220,407,103,47,4,56,36,95,4,0,3,33,17,36,0,0,0,26,0,54,0,0,0.037069575,0.208189368,0.023685735,0.008251758,19.46152691,12.49136208,4.808204263,2.161960565,0.020222626,0.144557307,0.000228832,4.09E-05,60,203,262,57.92,28.43061812,16093,89.96,0.130095326,16093,87.98,0.803333807,16093,1831.82,3.32E-07,16093
09/05/2020,139,0,3,2,0,68,0,4,98,0,6,70,0,51,18,0,1,2221,1,13,1,0,11,0,0,10,2,0,300,37,1,310,53,0,231,396,97,44,6,58,32,102,3,0,0,35,15,29,0,0,0,30,0,57,0,0,0.036135773,0.204667972,0.023261887,0.009483542,19.83853956,12.28007832,4.931520125,2.626941111,0.019326569,0.145690339,0.000218573,4.72E-05,60,212,277,55.94,58.63015721,14484,95,0.048259273,16093,93.92,0.290107434,16093,82.94,0.285130637,16093
10/05/2020,123,0,3,0,0,61,0,2,98,0,6,64,0,51,17,1,1,2270,2,17,0,0,6,0,0,9,2,1,308,27,1,316,55,0,227,390,91,43,5,52,30,111,3,0,0,36,12,27,0,0,0,29,0,52,0,0,0.043206909,0.251927904,0.023790523,0.010332608,22.55400634,15.11567426,4.710523503,2.72780858,0.023812306,0.158745331,0.000261974,5.63E-05,60,198,264,57.02,45.41288237,16093,96.98,0.01827444,16093,93.92,1.003786438,16093,77,0.474495447,16093
11/05/2020,131,0,3,1,0,54,0,3,93,0,8,62,1,43,17,0,1,2310,1,15,0,0,9,0,0,9,1,1,320,24,1,290,51,1,218,400,91,30,5,49,32,100,1,0,0,28,14,35,0,0,0,35,1,54,0,1,0.038634832,0.219499374,0.02331628,0.008628726,20.16738246,13.16996243,4.779837387,2.217582643,0.020323483,0.140467988,0.000235277,4.18E-05,60,205,257,57.26,38.12998496,16093,93.02,0.012827329,16093,89.06,1.417746171,16093,68,3.981946378,16093
12/05/2020,130,0,5,0,1,66,0,2,110,0,8,63,0,52,20,1,0,2248,0,21,1,0,11,0,0,7,1,0,348,27,0,306,48,1,197,385,90,34,8,63,29,84,1,0,0,29,28,34,0,0,0,34,0,51,0,1,0.033885491,0.182121722,0.023684167,0.009370239,18.50147832,10.92730331,4.997359194,2.576815821,0.016052973,0.121587446,0.000266993,4.92E-05,60,211,275,60.98,21.84989847,16093,84.02,0.001189395,16093,86,0.006160136,16093,69.08,0.015038129,16093
13/05/2020,140,0,5,0,1,60,0,2,129,0,8,65,0,40,20,0,0,2351,0,19,1,0,11,0,0,9,1,0,342,30,0,265,50,1,223,380,89,27,10,69,29,91,1,0,1,34,25,31,0,0,0,40,0,54,1,0,0.032941685,0.198111177,0.023088043,0.00926428,20.22619457,11.88667061,5.356425926,2.983098026,0.015857082,0.132403043,0.000235931,4.43E-05,60,232,322,51.44,56.74823036,3621,75.92,0.990283392,16093,77,0.722512793,16093,66.02,1.563296003,16093
14/05/2020,138,0,3,0,0,67,0,3,116,0,12,71,0,44,18,0,0,2207,0,12,1,0,9,0,0,7,1,0,327,23,0,275,52,1,229,399,94,36,5,44,30,91,1,0,1,40,28,38,0,1,0,37,0,58,0,0,0.036418781,0.198176081,0.023182926,0.009054237,18.93776625,11.89056483,4.729316838,2.317884576,0.018611702,0.1322793,0.000225181,4.68E-05,60,204,256,55.832,73.9812956,14162.2,77,0.236457658,16093,77,0.086793231,16093,73.94,1.566259264,16093
15/05/2020,148,0,4,1,0,56,0,0,91,0,9,71,0,52,22,0,0,2201,1,10,0,0,8,0,0,7,1,0,310,29,0,256,55,1,194,392,89,45,5,54,32,75,1,0,0,40,39,38,0,1,0,39,0,47,0,0,0.042010397,0.246150091,0.023981016,0.009505437,22.22350023,14.76900549,4.964070247,2.490424495,0.023714745,0.162963852,0.000231313,5.51E-05,60,207,262,57.92,34.15526416,16093,78.08,0.763082568,16093,78.08,0.947503247,16093,77,0.868678212,16093
16/05/2020,145,0,3,0,0,50,0,4,97,0,7,61,0,51,22,0,0,2086,0,11,0,0,7,0,0,9,4,0,325,28,0,266,46,1,201,370,74,30,6,54,34,90,1,0,1,40,36,39,0,0,0,41,0,50,1,0,0.031618562,0.187150953,0.023466067,0.008388439,19.31894142,11.22905721,5.397195369,2.692688845,0.015911008,0.135598006,0.000230953,3.94E-05,60,230,321,57.02,26.97811906,16093,80.06,0.50121263,16093,80.06,0.894531161,16093,80.06,0.50121263,16093
17/05/2020,146,0,2,0,0,55,0,4,106,0,5,71,0,48,25,0,0,2107,0,12,1,1,9,1,0,10,3,0,355,27,0,277,56,1,210,380,71,28,5,55,31,82,1,0,1,47,31,41,0,0,0,41,0,44,0,1,0.03631677,0.204100099,0.022126612,0.008694267,19.21157135,12.24600595,4.757221522,2.208343878,0.018337833,0.130417931,0.000234176,4.52E-05,60,215,254,55.64,86.24166782,6370.166667,86,0.129174745,16093,87.08,0.594812987,16093,82.94,0.358867607,16093
18/05/2020,138,1,3,0,1,70,0,4,105,0,5,74,0,48,25,2,1,2051,2,12,2,1,6,1,0,9,1,0,341,35,0,281,71,1,221,378,79,32,3,60,27,79,2,0,0,43,23,38,0,1,0,36,0,49,0,1,0.037161808,0.21900473,0.024398122,0.010088778,21.33087807,13.14028377,5.123605723,3.06698858,0.018499966,0.140575548,0.000249014,4.44E-05,60,210,304,53.645,76.67184594,10862.75,80.96,3.394854599,16093,84.02,2.801714986,16093,64.94,32.70084893,16093
19/05/2020,191,0,1,0,1,88,0,2,107,0,7,78,0,53,24,1,1,2136,1,24,3,1,8,1,0,11,1,0,366,48,0,292,101,1,210,387,74,33,3,71,28,100,1,0,0,47,28,48,0,0,0,42,0,60,0,1,0.030381023,0.182404833,0.023729843,0.009659062,19.89956983,10.94428995,5.41040423,3.544875644,0.0134519,0.121444702,0.000262817,5.00E-05,60,228,367,59,20.04906789,16093,62.51,19.17180175,16093,69.98,5.380473624,16093,66.92,1.380921769,16093
20/05/2020,215,0,5,0,0,82,0,2,97,0,12,83,0,56,26,2,1,2067,4,29,2,1,9,1,0,10,1,0,388,56,0,290,103,1,216,404,79,38,8,74,27,96,3,0,0,55,36,48,0,0,0,45,0,62,0,1,0.041788805,0.244162436,0.024624675,0.008842011,21.77196738,14.64974614,4.752562203,2.369659044,0.023932916,0.162368092,0.000252888,4.41E-05,60,193,268,57.92,36.91886952,16093,71.06,1.00362831,16093,69.98,2.58886611,16093,69.98,1.747287646,16093
21/05/2020,239,0,9,1,0,83,0,2,118,0,16,78,0,54,25,0,1,2105,0,33,0,1,6,1,0,9,1,0,364,66,0,285,107,1,224,378,80,31,7,70,30,99,5,0,0,53,35,52,0,0,0,40,0,49,3,1,0.034954089,0.212507258,0.023936028,0.009754258,21.49676477,12.75043546,5.624966631,3.121362675,0.0173347,0.143128728,0.000258743,4.74E-05,60,235,320,57.92,23.55034393,16093,77,0.236457658,16093,78.08,0.634361475,16093,73.94,1.05299092,16093
22/05/2020,160,1,8,0,0,41,0,4,94,0,17,77,0,53,28,2,1,2055,1,6,0,1,7,1,0,10,8,0,358,26,0,310,23,1,226,381,72,35,3,52,24,55,5,1,2,34,21,34,0,0,0,39,0,64,0,1,0.03586928,0.21181635,0.02426555,0.009049145,20.76831284,12.70898097,5.362686532,2.696645334,0.018376987,0.143265127,0.000249543,4.31E-05,60,221,298,57.02,23.00527682,16093,84.02,0.161989075,16093,84.92,0.146066279,16093,84.92,0.041784169,16093
23/05/2020,158,0,5,0,0,48,0,6,103,0,17,77,0,58,28,1,0,2006,0,6,0,5,11,1,0,8,2,0,372,25,0,288,24,1,234,386,73,31,2,50,24,54,5,1,2,32,22,38,0,0,0,41,0,54,0,1,0.040159232,0.243764481,0.023936267,0.009218213,22.44901089,14.62586888,5.242042381,2.581099629,0.022336718,0.162434766,0.00024742,4.77E-05,60,219,280,55.94,18.89919403,16093,80.96,0.030182257,16093,82.04,0.078283424,16093,78.98,0.001621875,16093
24/05/2020,149,0,5,1,0,42,0,5,106,0,7,81,0,57,28,4,0,1990,1,6,0,5,12,1,0,8,1,0,388,26,0,268,26,1,242,370,88,36,3,52,27,54,5,0,2,37,22,37,0,0,0,44,0,68,0,1,0.035561424,0.217466552,0.023439617,0.00864839,20.87455574,13.0479931,5.180155404,2.646407232,0.018164337,0.141341071,0.000238889,4.31E-05,60,221,306,55.04,31.23288554,16093,82.94,0.052933818,16093,82.94,0.142950518,16093,80.06,0.603485368,16093
25/05/2020,156,0,7,1,0,48,1,4,104,0,10,75,0,59,29,1,0,2041,2,7,1,2,10,1,0,10,1,0,394,25,0,281,26,1,254,385,81,36,2,57,27,52,7,0,2,41,27,29,0,0,0,42,0,63,1,1,0.035205517,0.218604089,0.023160585,0.008523609,20.84166604,13.11624537,5.049007572,2.676413096,0.018016103,0.140863165,0.000237744,3.75E-05,60,218,314,59,24.21454069,16093,89.06,0.057084537,16093,87.08,0.225226926,16093,91.94,0.01059192,16093
26/05/2020,169,0,5,0,0,49,1,2,98,0,10,77,0,66,27,1,1,2087,5,5,2,4,9,1,0,12,2,4,418,27,0,309,18,1,279,383,87,43,4,54,23,53,5,1,0,35,25,32,0,1,3,41,1,62,1,1,0.034759867,0.202228424,0.022957112,0.009572699,19.81312415,12.13370542,4.798036331,2.881382406,0.017098577,0.131502867,0.000259318,4.56E-05,60,209,301,57.02,54.13688389,16093,96.98,0.119953544,16093,96.08,0.233129844,16093,91.04,0.115780213,16093
27/05/2020,164,0,7,0,0,41,0,3,115,0,9,84,0,68,24,0,1,2090,4,2,2,4,8,0,0,11,2,4,418,20,0,313,29,1,260,408,82,37,6,41,27,52,3,0,3,34,31,25,0,0,2,41,0,52,0,1,0.035307596,0.211862154,0.023933664,0.008692436,20.61963582,12.71172922,5.265405985,2.642500613,0.018240536,0.14333284,0.000240879,3.55E-05,60,220,304,62.06,21.81330417,16093,100.94,0.121068359,16093,98.96,0.614659193,9656,98.96,0.041197075,16093
28/05/2020,153,1,6,1,0,51,0,6,107,0,9,68,0,66,25,1,1,2054,1,10,2,3,8,0,0,11,2,3,397,23,0,301,41,0,243,383,91,40,2,49,26,40,3,0,0,35,38,23,0,0,3,39,0,47,0,1,0.033204188,0.197169541,0.022924138,0.008572401,19.49085816,11.83017245,5.020386247,2.640299462,0.016563513,0.132523296,0.000240056,3.88E-05,60,219,308,57.92,47.32091544,9656,104,0.192239547,16093,102.02,0.396003565,16093,95,0.901951308,16093
29/05/2020,179,0,6,2,0,50,0,6,107,0,13,64,0,70,28,1,1,1972,0,10,2,2,13,0,0,11,0,2,324,23,1,270,37,0,229,358,65,41,8,45,27,48,12,0,1,31,44,24,0,0,0,40,0,47,0,1,0.038764338,0.215008738,0.0241356,0.008566999,20.15745583,12.9005243,5.140882868,2.116048664,0.020372903,0.141926956,0.000255955,4.49E-05,60,213,247,61.07,29.51869794,16093,105.08,0.065322383,16093,102.02,0.280960297,16093,73.94,7.672213859,16093
30/05/2020,146,0,6,2,0,46,0,7,118,0,17,81,0,76,28,0,1,1934,3,8,2,2,14,0,0,11,4,1,422,22,1,269,37,0,225,397,64,42,5,57,26,46,12,1,0,29,61,22,0,0,0,39,0,46,0,1,0.044662866,0.261115858,0.024874901,0.008666628,22.95671304,15.66695148,5.149104575,2.140656993,0.025936103,0.170067391,0.000239522,3.94E-05,60,207,247,60.08,34.50582305,16093,87.98,0.161551782,16093,89.96,0.248713912,11265,62.06,26.05115896,16093
31/05/2020,132,0,5,1,1,43,1,7,120,0,10,80,0,75,30,1,1,1908,4,8,0,1,11,0,0,9,2,0,407,18,1,294,34,0,209,398,69,45,4,56,26,38,13,1,0,29,49,33,0,0,1,36,0,46,0,1,0.043633252,0.21957205,0.02443869,0.008594366,19.59133027,13.17432299,4.741105838,1.675901443,0.023431327,0.140305237,0.000229677,3.48E-05,60,194,195,53.84,78.09197166,9119.333333,73.94,2.696301471,16093,75.02,4.06180187,16093,62.06,26.05115896,16093
01/06/2020,148,0,4,1,1,30,0,6,122,0,10,71,0,77,28,2,1,2018,3,5,0,1,8,0,0,9,2,1,405,17,0,307,32,0,217,397,74,48,6,46,29,40,4,1,3,37,67,33,0,0,1,35,0,45,0,1,0.03909512,0.219984353,0.024809867,0.009392737,20.99407966,13.19906115,5.334121365,2.46089714,0.019719151,0.140073432,0.000263808,3.99E-05,60,215,262,57.02,26.97811906,16093,78.98,3.062940735,16093,78.98,3.560012236,16093,75.02,4.06180187,16093
02/06/2020,160,0,6,1,1,56,0,8,101,0,9,67,0,82,32,2,1,2027,10,11,0,1,6,0,0,12,2,1,398,27,0,305,42,0,226,369,71,52,4,59,28,49,5,1,3,32,72,36,0,0,2,34,0,46,0,1,0.033946564,0.196507436,0.024733677,0.008665419,19.85873972,11.79044618,5.416675322,2.651618227,0.016566508,0.132353451,0.000252555,3.67E-05,60,219,306,57.92,23.55034393,16093,86,0.993338493,16093,82.94,3.152524271,11265,77,3.20952824,16093
03/06/2020,169,0,4,1,0,67,0,7,97,0,6,73,0,75,32,1,1,1990,0,11,0,1,4,0,0,12,2,0,376,34,0,322,52,0,232,370,71,60,3,66,25,57,3,1,1,23,79,41,0,0,2,39,0,43,0,2,0.036317078,0.213092486,0.023760155,0.008973388,20.4101979,12.78554916,5.013392704,2.611256041,0.018883691,0.142431985,0.000248844,4.20E-05,60,211,291,57.92,20.07587609,16093,93.02,0.47546874,16093,91.04,2.928849674,16093,95,0.117056319,16093
04/06/2020,174,0,4,0,0,88,0,6,101,0,2,77,0,76,33,4,1,2048,2,10,0,1,7,0,0,14,3,0,410,46,0,317,61,0,238,379,62,55,2,53,38,75,5,2,1,31,58,45,0,0,1,41,1,50,0,3,0.031401077,0.19634666,0.022299964,0.008833981,19.90828288,11.78079962,5.062091863,3.065391403,0.015399822,0.133083474,0.00023288,4.51E-05,60,227,347,55.94,38.38570724,16093,100.94,0.121068359,16093,98.96,0.52880591,16093,102.92,0.027658222,16093
05/06/2020,150,0,2,0,0,63,0,5,97,0,1,82,0,78,31,1,0,1998,5,11,0,1,5,0,0,15,3,2,395,32,0,326,72,0,243,368,64,59,6,54,37,75,5,0,1,33,72,39,0,0,0,41,1,50,0,3,0.036936764,0.213047983,0.023465305,0.00779944,20.27828347,12.78287899,5.514346659,1.981057823,0.019372413,0.142860486,0.000249871,3.81E-05,60,235,254,59,20.04906789,14484,104,0.006885338,16093,100.94,0.311147147,16093,68,21.89872137,16093
06/06/2020,155,0,1,0,0,61,0,5,111,0,6,83,0,112,27,2,0,1981,8,9,0,1,5,0,0,13,4,2,376,34,0,309,61,0,254,361,65,64,7,58,33,73,4,0,1,28,75,35,0,0,0,35,0,61,0,5,0.037190697,0.229150686,0.026162336,0.007852326,22.05408315,13.74904119,5.886525653,2.418516308,0.019526455,0.152539914,0.000205238,3.40E-05,60,225,308,59,24.21454069,16093,86,0.993338493,16093,81.05,4.636088187,12874.5,66.92,11.25846999,16093
07/06/2020,166,1,1,1,0,67,1,6,100,0,5,88,0,107,28,0,0,2011,11,7,0,1,7,0,0,13,3,1,399,34,0,296,59,0,221,359,48,63,5,57,23,69,4,0,0,30,71,37,0,0,0,28,0,71,2,5,0.032654481,0.202009428,0.023387651,0.008342514,20.37639584,12.12056571,5.519485654,2.736344479,0.015638001,0.131141486,0.000249429,3.52E-05,60,236,328,57.92,20.07587609,16093,78.08,0.634361475,16093,80.06,0.894531161,16093,77,0.474495447,16093
08/06/2020,152,0,4,0,1,55,0,6,107,0,7,87,1,113,25,0,0,2053,9,2,0,1,8,0,0,12,7,2,391,22,0,328,61,0,251,371,43,70,3,39,28,61,2,1,0,28,79,39,0,0,3,36,0,69,1,5,0.036972345,0.234901244,0.024216907,0.009073423,22.33129629,14.09407466,5.279285662,2.957935974,0.019255766,0.150741916,0.000287055,4.74E-05,60,218,326,59,20.04906789,16093,75.92,0.000206387,16093,75.02,0.064689313,16093,71.96,0.211904044,16093
09/06/2020,146,0,6,0,0,61,0,3,104,1,9,85,1,105,30,1,0,2111,11,10,0,1,4,0,0,13,6,3,384,22,0,333,52,0,276,373,49,76,5,44,32,59,4,1,1,42,75,42,0,0,2,44,0,87,1,4,0.028298397,0.17735649,0.023004965,0.008805282,19.75228144,10.64138937,5.659221439,3.451670628,0.012679774,0.123287623,0.000237171,4.29E-05,60,246,392,60.98,30.33494514,16093,80.06,0.017499786,16093,80.96,0.089217661,16093,82.04,0.0070308,16093
10/06/2020,134,0,30,0,0,43,0,1,102,1,15,79,1,112,31,2,0,1953,11,11,0,1,7,0,0,16,6,2,384,23,0,333,62,0,247,362,50,83,5,40,31,62,6,1,0,33,62,41,0,0,1,43,1,100,0,6,0.030001662,0.192420551,0.023773238,0.008837402,20.61114156,11.54523305,5.61048428,3.455424227,0.014254951,0.134580388,0.0002353,4.17E-05,60,236,391,66.02,17.56771335,16093,89.96,0.031139784,16093,89.96,0.130095326,16093,93.02,0.000581378,16093
11/06/2020,124,0,42,0,0,51,1,1,99,1,9,87,1,109,31,0,0,1973,11,10,0,0,5,0,1,17,3,2,392,18,0,306,62,0,271,352,51,67,5,33,37,57,6,2,0,31,27,47,0,0,0,41,0,90,1,6,0.031822998,0.195177855,0.023443662,0.009251969,20.43036499,11.71067129,5.509260492,3.210433211,0.015224217,0.133760346,0.000249768,4.06E-05,60,235,347,71.06,10.9203989,16093,96.08,0.131426441,16093,93.92,0.864935727,16093,98.96,0.0116456,16093
12/06/2020,126,0,5,0,0,42,0,3,102,1,14,82,1,111,34,2,0,1870,9,11,0,0,6,0,0,15,8,0,428,15,0,319,67,0,283,316,52,68,5,32,34,60,10,1,1,27,42,68,0,1,0,25,0,109,0,6,0.032499801,0.196308126,0.022940941,0.008907224,19.95487811,11.77848757,5.299357338,2.877033204,0.015853088,0.132847273,0.000244234,4.01E-05,60,231,323,65.21,24.19278791,15288.5,100.04,0.057778425,16093,93.92,1.924481002,16093,84.92,0.055598617,16093
13/06/2020,114,0,3,0,0,47,0,3,98,1,14,86,1,107,34,1,0,1768,8,12,0,0,4,0,0,18,5,0,406,13,0,336,51,0,285,342,50,71,8,27,42,49,9,1,1,22,11,62,0,0,1,36,0,94,0,6,0.037186024,0.213044371,0.022960955,0.010037071,20.48949919,12.78266228,4.93660526,2.770231646,0.019285592,0.143006714,0.000256799,4.44E-05,60,215,276,62.06,21.81330417,12875,80.06,0.894531161,16093,82.004,1.660957942,2655.4,78.08,0.416100821,16093
14/06/2020,124,0,3,0,0,42,0,4,93,1,4,90,0,103,40,1,0,1797,5,11,0,0,4,0,0,15,3,1,421,13,0,320,51,0,295,366,49,74,12,29,41,54,9,0,1,21,34,56,0,0,0,40,0,89,0,7,0.034519749,0.217218096,0.023851587,0.008514993,21.26416531,13.03308575,5.438161915,2.792917639,0.017360205,0.141622567,0.000256745,3.68E-05,60,228,328,64.04,6.807629296,16093,77,0.14552294,16093,77,0.29214511,16093,78.98,0.185287073,16093
15/06/2020,129,1,5,0,0,33,0,2,86,1,5,82,0,107,39,0,0,1956,7,9,0,1,3,0,0,16,6,2,425,13,0,335,48,0,295,360,45,59,4,22,49,54,5,0,0,23,36,61,0,0,0,49,0,83,0,6,0.035060135,0.20224565,0.024741216,0.007868296,20.01933702,12.13473899,5.665738557,2.218859479,0.017015416,0.130867881,0.000253077,3.53E-05,60,229,282,66.02,9.037710201,16093,84.92,0.430969462,14484,84.02,0.831578551,14484,86,0.564052287,16093
16/06/2020,133,1,3,0,1,40,0,1,103,1,8,85,0,110,47,2,0,1947,8,9,0,0,8,0,0,17,10,1,429,18,0,341,57,0,293,343,42,61,13,28,50,48,4,0,1,25,18,64,0,0,0,53,0,92,1,6,0.035404757,0.196457845,0.023399364,0.008674117,19.33099737,11.78747072,5.288256321,2.255270332,0.017738737,0.132779135,0.000215347,4.07E-05,60,226,260,59,46.61670283,16093,87.98,1.586668943,16093,89.06,1.953312373,16093,84.92,0.919438845,16093
17/06/2020,137,1,3,0,0,32,0,2,103,1,3,89,0,123,49,1,0,1958,7,8,0,0,10,0,0,17,9,2,425,16,0,379,52,0,297,343,44,61,7,20,48,55,7,0,4,19,19,74,0,0,2,49,0,101,2,5,0.032267832,0.197213949,0.021734874,0.008740884,19.7156456,11.83283692,5.129430244,2.753378436,0.01594332,0.132667523,0.000227697,3.68E-05,60,236,315,62.06,21.81330417,14484,84.02,0.251863592,16093,84.02,0.569440547,16093,82.94,0.052933818,16093
18/06/2020,130,2,4,1,0,43,0,3,98,1,3,73,0,103,50,2,0,1900,16,6,0,0,17,0,0,21,7,3,422,19,0,421,47,0,313,351,45,76,8,24,48,49,4,1,1,29,16,93,0,0,2,51,0,77,3,4,0.038592228,0.228173255,0.023159867,0.009456461,21.30290972,13.69039528,5.002531203,2.609983236,0.020933994,0.153070804,0.000225726,4.63E-05,60,216,276,60.98,21.84989847,8047,86,0.100333931,16093,86,0.253882667,16093,84.92,0.055598617,16093
19/06/2020,137,0,5,1,0,41,0,3,101,0,1,80,0,103,50,0,0,1920,11,5,0,4,10,0,0,19,11,5,410,22,0,386,54,0,318,359,39,74,7,20,50,60,8,1,1,24,8,93,0,0,4,50,0,81,2,4,0.05311741,0.278462242,0.024683131,0.00827191,22.68113407,16.70773455,4.418280475,1.555119053,0.033155276,0.178070141,0.000233056,3.69E-05,60,179,188,60.98,21.84989847,8047,93.92,0.014936716,16093,93.92,0.041793129,16093,75.02,4.06180187,16093
20/06/2020,121,0,3,2,0,51,0,2,115,0,1,89,0,116,44,0,0,1969,10,5,0,0,10,0,0,19,10,6,446,21,0,366,53,0,330,330,56,87,9,21,57,55,7,1,1,32,5,97,0,0,4,49,0,73,3,3,0.035114597,0.197362216,0.023569596,0.007540403,19.13745515,11.84173295,5.350298192,1.945424013,0.017799251,0.132537281,0.000212542,3.57E-05,60,227,258,57.02,54.13688389,4291.333333,98.06,0.035055213,16093,96.98,0.144136173,16093,73.94,5.551587266,16093
21/06/2020,119,1,6,1,1,51,0,2,104,0,1,95,0,125,45,1,0,2001,7,11,0,0,12,0,0,18,8,7,446,20,0,405,61,0,344,326,44,102,6,27,54,61,9,3,1,29,7,91,0,0,3,54,0,88,4,3,0.038716505,0.217867402,0.02346024,0.009242918,20.36488153,13.07204414,4.926650342,2.366187043,0.020174476,0.1412386,0.000239819,4.48E-05,60,210,256,62.06,51.8987084,9656,98.06,0.035055213,16093,98.06,0.287548016,16093,82.94,1.628301692,16093
22/06/2020,112,0,9,0,1,51,0,1,122,0,1,95,0,129,47,0,0,2090,7,13,0,0,9,0,0,21,10,6,466,20,0,423,54,0,385,346,47,141,7,23,58,64,10,2,1,26,7,92,0,0,2,57,0,105,1,4,0.034894106,0.203203558,0.024083419,0.008545246,19.99432283,12.19221345,5.298352279,2.503757104,0.016940074,0.130451842,0.000241505,3.89E-05,60,220,293,59,33.82356895,9656,96.08,0.411393732,16093,98.06,0.410263508,16093,93.02,0.558982413,16093
23/06/2020,128,0,7,1,1,52,1,3,139,0,2,93,0,133,51,1,0,2259,7,14,0,0,12,0,0,23,14,5,485,13,0,434,65,0,441,370,53,109,7,27,61,72,9,3,1,26,14,98,0,0,1,61,1,94,1,7,0.039153058,0.199045284,0.023461711,0.008057902,18.71516177,11.94271702,5.185038052,1.587406699,0.020157103,0.131811852,0.000235472,3.78E-05,60,221,197,60.98,25.4102166,8047,100.04,0.279640592,16093,98.96,0.439925305,16093,73.04,5.166507647,16093
24/06/2020,130,0,7,0,1,58,1,1,139,0,3,82,1,132,54,1,0,2283,13,16,0,0,17,0,0,25,7,3,543,16,0,437,77,0,432,383,55,122,11,29,57,78,9,3,1,28,8,102,0,0,2,59,0,86,5,5,0.038125668,0.199094574,0.023112597,0.009413,18.98658258,11.94567445,4.92298322,2.117924914,0.019370565,0.131781299,0.000244968,5.35E-05,60,213,225,60.98,35.06642545,9656,102.02,0.160323375,16093,100.94,1.1304402,16093,78.98,2.548312547,16093
25/06/2020,140,0,6,2,1,60,1,1,147,0,3,77,0,137,57,2,0,2237,13,16,0,0,14,0,0,24,5,4,546,16,0,460,97,0,436,425,54,137,8,27,59,82,13,5,1,29,11,114,0,0,2,59,1,98,6,6,0.034744943,0.197012985,0.022507798,0.009163139,19.42242321,11.82077913,5.109270234,2.492373846,0.017350284,0.132567715,0.000240644,5.06E-05,60,227,272,60.08,43.57049135,11265,102.02,0.280960297,16093,100.04,1.920535772,16093,78.98,3.062940735,16093
26/06/2020,133,0,6,2,1,65,1,1,157,1,5,74,0,147,58,1,0,2296,13,21,0,0,15,1,0,19,7,6,560,13,0,474,83,0,446,427,68,152,8,21,59,82,14,6,0,33,12,122,0,0,1,66,1,100,6,6,0.033912776,0.184113486,0.022608684,0.008989985,18.44855036,11.04680914,5.064345147,2.337396067,0.016099701,0.120887048,0.000238345,4.99E-05,60,224,260,60.08,34.50582305,6437,100.94,0.364263891,16093,100.04,1.072156115,16093,73.04,6.195616026,16093
27/06/2020,139,0,5,1,2,63,1,2,164,1,4,79,0,176,55,3,0,2316,22,14,0,0,15,0,0,21,8,4,595,14,0,485,94,0,432,437,72,154,11,27,65,95,15,5,0,36,13,129,0,0,1,61,2,106,6,6,0.040434776,0.228760825,0.024775869,0.009017947,21.26869222,13.7256495,5.252484143,2.290558569,0.021906158,0.152638526,0.000253081,4.34E-05,60,212,254,62.06,21.81330417,6437,100.04,0.907709208,16093,100.04,0.907709208,16093,84.02,2.025871491,16093
28/06/2020,141,0,5,2,0,50,2,4,166,1,4,74,0,155,54,2,0,2465,16,19,0,0,19,0,0,26,10,4,595,18,0,482,106,0,459,458,69,160,10,32,69,105,19,10,0,35,12,136,0,0,4,71,1,98,4,7,0.040437532,0.235533195,0.024548172,0.010083399,22.2406427,14.13199173,5.376049751,2.732601218,0.02096676,0.149994134,0.000269271,5.06E-05,60,219,271,57.92,23.55034393,8047,105.08,0.247643034,16093,102.92,0.942901807,16093,78.98,3.560012236,16093
29/06/2020,146,1,7,2,0,61,1,2,170,0,3,72,0,160,56,2,0,2511,15,29,0,0,18,0,0,35,10,7,624,22,0,507,130,0,478,493,79,159,15,41,70,105,16,12,0,44,12,142,0,0,5,80,1,111,4,8,0.036019352,0.219491136,0.023366324,0.009125877,21.21539813,13.16946819,5.280789196,2.765140742,0.018110565,0.140816698,0.000237505,4.09E-05,60,226,303,57.02,32.55672904,8047,91.04,0.00018696,16093,91.04,0.478460453,16093,64.04,9.77126636,16093
30/06/2020,157,2,6,3,3,61,1,4,171,0,4,74,0,175,41,5,0,2538,10,29,0,0,16,0,0,41,9,7,662,24,0,531,127,1,491,453,80,196,12,47,70,93,16,12,0,46,15,170,0,0,0,79,1,119,5,5,0.032300829,0.196867637,0.023431388,0.009031515,20.38182321,11.81205824,5.553238921,3.016526051,0.015446976,0.132829205,0.000235822,4.38E-05,60,237,334,58.46,28.76659122,6437,86,0.129174745,16093,84.92,0.430969462,16093,78.08,1.128916774,16093
01/07/2020,170,2,9,2,2,71,1,6,149,0,4,81,0,178,41,3,0,2580,22,32,0,0,26,2,0,43,8,6,705,33,0,547,136,1,516,462,85,163,14,55,66,100,10,8,0,57,17,182,0,0,0,83,3,117,5,9,0.039513906,0.230832786,0.023320509,0.008468474,21.13993989,13.84996718,5.130511945,2.159460768,0.021574589,0.151829054,0.000243236,3.94E-05,60,220,255,57.92,23.55034393,8047,95,0.022598553,16093,93.02,0.389966363,16093,89.96,0.164458658,16093
02/07/2020,193,1,12,3,2,76,1,5,145,1,1,89,0,206,39,4,1,2612,18,30,0,0,23,0,0,37,9,6,716,39,0,576,149,1,529,459,82,193,15,56,70,107,13,8,0,48,15,209,0,0,0,79,4,122,9,11,0.029871278,0.159577886,0.023571776,0.0084917,17.74353928,9.574673131,5.680798115,2.488068033,0.013186964,0.111897823,0.000226087,3.67E-05,60,241,293,55.94,27.14640005,6437,96.98,0.050486128,16093,96.08,0.233129844,16093,64.94,12.59574129,16093
03/07/2020,208,1,9,0,0,75,1,4,154,1,1,85,0,203,40,3,1,2643,19,31,0,0,26,0,0,36,8,5,744,45,0,571,144,1,539,435,85,206,11,60,75,100,17,9,0,47,18,210,0,0,0,78,1,123,9,10,0.033847887,0.193103377,0.023244714,0.007998324,18.95481697,11.58620259,5.137081856,2.231532522,0.017334751,0.133805784,0.000235213,3.89E-05,60,221,279,59,20.04906789,6437,95,0.004054198,16093,95,0.007493704,16093,73.04,3.013359204,16093
04/07/2020,190,1,8,1,0,81,1,4,162,1,1,91,0,220,48,4,1,2574,27,30,0,1,24,0,0,39,7,7,772,46,0,600,167,1,557,445,82,194,12,50,76,101,15,9,0,45,26,222,0,0,0,80,1,104,9,12,0.035042439,0.200043537,0.02374053,0.008403676,19.48359589,12.00261224,5.127954492,2.353029154,0.017451407,0.13158416,0.00024077,3.76E-05,60,216,280,59,29.10256433,8047,93.92,0.290107434,16093,95,0.176163475,16093,84.02,0.126005124,16093
05/07/2020,183,1,10,2,0,88,1,2,163,1,2,93,1,222,47,4,1,2645,21,40,0,0,24,0,0,40,7,9,792,41,0,614,169,0,565,441,84,188,17,53,73,110,19,7,1,47,30,213,0,0,0,80,0,103,8,16,0.032858097,0.199595612,0.023427881,0.008372268,19.78057415,11.97573672,5.08385024,2.720987193,0.016190069,0.131895489,0.000254499,3.45E-05,60,217,325,57.92,34.15526416,9656,96.98,0.003237949,16093,98.06,0.009507393,16093,98.96,0.0116456,16093
06/07/2020,187,1,13,3,0,84,1,2,162,1,3,91,1,223,52,6,1,2670,32,39,0,0,24,0,0,37,7,6,839,41,1,658,172,0,574,456,80,242,13,55,80,104,13,6,0,43,33,206,0,0,0,86,1,120,9,21,0.032824051,0.199647726,0.023352495,0.00796751,19.59595834,11.97886354,5.067491461,2.549603339,0.01632697,0.131882348,0.000244192,3.16E-05,60,217,320,57.92,39.68247487,9656,98.96,0.008631449,16093,98.06,0.107607934,16093,98.06,0.004052574,16093
07/07/2020,190,2,15,0,1,86,1,3,177,1,3,93,1,223,54,1,0,2829,28,44,0,0,23,0,0,39,8,2,817,55,1,651,173,1,579,479,88,209,19,60,89,114,16,5,0,44,33,215,0,0,0,85,2,116,8,22,0.034067095,0.19545572,0.023609694,0.008476751,19.58857964,11.72734319,5.453839222,2.407397222,0.016911166,0.133351079,0.000234192,4.03E-05,60,231,284,55.94,53.5033321,11265,96.08,0.020121262,16093,96.08,0.043078663,16093,89.06,0.020135324,16093
08/07/2020,188,1,14,0,1,107,0,3,206,1,0,85,1,227,52,3,1,2817,33,43,0,0,22,0,0,44,8,2,815,56,0,664,177,2,599,483,88,244,18,60,86,125,18,7,0,45,35,215,0,0,0,80,3,111,11,20,0.031422307,0.179898203,0.022763397,0.008625394,18.82196207,10.7938922,5.440451799,2.587618068,0.014677684,0.122273896,0.00023568,3.50E-05,60,239,300,57.92,47.32091544,12875,91.04,0.09463309,16093,91.94,0.066941127,16093,89.96,0.083052997,16093
09/07/2020,185,1,16,0,0,112,0,3,229,0,1,77,1,227,57,2,1,2849,30,38,0,0,33,0,0,47,9,3,800,48,0,690,181,3,600,489,94,244,15,58,82,135,16,6,0,47,30,228,0,0,0,74,0,103,15,17,0.041636278,0.229077368,0.023939972,0.008568125,20.56832135,13.74464209,4.83587434,1.987804927,0.023285802,0.152510952,0.000236514,3.99E-05,60,202,232,59,29.10256433,9656,96.08,0.055432509,16093,96.98,0.01827444,16093,89.06,0.327951599,16093
10/07/2020,183,2,16,0,0,107,0,2,235,0,1,74,0,250,58,3,1,2777,41,36,0,2,38,0,0,48,7,2,785,49,0,681,176,4,642,490,97,244,17,62,81,142,17,6,2,46,36,231,0,0,0,71,2,105,15,20,0.031732978,0.180166463,0.02312203,0.008272823,18.69072398,10.80998776,5.456799045,2.423937172,0.014930242,0.122242609,0.000236557,3.55E-05,60,236,293,57.02,74.01186723,8047,98.06,0.055493122,16093,98.96,0.263365313,16093,86,0.564052287,16093
11/07/2020,188,0,16,0,2,103,0,2,239,1,1,76,0,273,65,4,3,2769,36,35,0,2,34,0,0,42,8,2,786,61,0,647,180,3,652,466,97,232,11,59,81,141,17,5,1,52,33,218,0,1,0,77,1,100,11,21,0.040066487,0.209991333,0.024755215,0.008991745,19.47231291,12.59948,4.77775641,2.095076501,0.021729234,0.143637917,0.00027374,3.78E-05,60,193,233,60.08,34.50582305,12875,100.94,0.033710685,16093,100.94,0.177794862,16093,98.96,0.21541359,16093
12/07/2020,187,0,17,2,4,105,0,3,241,1,2,73,0,255,64,4,2,2773,35,30,0,2,38,0,0,43,8,1,758,63,0,635,200,2,669,467,94,237,13,65,84,149,17,3,2,51,34,230,0,2,0,89,2,109,11,19,0.035394821,0.218081815,0.02294774,0.008578957,20.95373395,13.08490889,5.277980164,2.590844892,0.018041829,0.141340981,0.00024784,3.85E-05,60,230,302,62.06,21.81330417,16093,105.08,0.017250694,16093,104,0.383669564,16093,95,0.096498573,16093
13/07/2020,200,1,17,3,4,110,1,2,252,0,1,81,0,253,62,6,1,2805,38,29,0,0,34,1,0,51,11,3,795,67,0,662,201,2,680,458,109,247,14,82,88,166,20,4,2,55,38,240,0,1,0,92,1,124,12,19,0.034613519,0.219304131,0.023665746,0.008464624,21.25270091,13.15824789,5.301127104,2.793325923,0.01741655,0.140859093,0.000241312,3.87E-05,60,224,330,58.28,58.20472286,4559.666667,105.08,0.027570271,16093,105.08,0.298400875,16093,102.92,0.016392349,16093
14/07/2020,204,2,18,4,3,112,1,2,270,0,1,85,0,254,69,2,1,2899,40,34,0,0,37,0,0,50,8,2,809,72,0,716,195,2,676,482,105,236,10,77,91,169,20,5,4,52,41,238,0,1,0,89,3,120,22,20,0.035461108,0.181432643,0.023246172,0.008631057,18.04970413,10.8859586,5.230388694,1.933356836,0.017172802,0.121736651,0.000260385,4.36E-05,60,225,224,59,24.21454069,8047,104,0.01168894,16093,100.94,0.608519058,16093,78.08,2.418750097,16093
15/07/2020,202,2,19,3,4,117,0,3,274,0,3,90,0,250,74,1,1,2851,32,30,0,2,36,1,0,52,9,7,813,69,0,682,204,1,656,500,108,274,11,77,86,183,13,5,3,50,43,235,0,1,0,92,2,151,21,20,0.03299541,0.164372158,0.023492302,0.008883679,17.12461804,9.862329467,5.121321816,2.140966758,0.015003682,0.110370907,0.000248747,4.44E-05,60,218,241,57.92,34.15526416,6437,96.08,0.497926402,16093,96.08,1.322475754,16093,71.06,5.662701405,16093
16/07/2020,211,3,19,0,2,120,0,5,281,1,4,95,0,273,80,4,1,2907,24,29,0,5,36,0,0,54,8,1,801,81,0,675,218,1,676,498,107,233,12,80,84,183,12,3,3,56,46,253,0,1,0,93,3,135,14,19,0.044159639,0.232086373,0.023032419,0.009399548,20.49007257,13.92518238,4.675581109,1.889309082,0.02471836,0.151360175,0.000258773,4.81E-05,60,203,201,59.66,35.37003538,9656,96.98,0.319711013,16093,96.98,0.640001908,16093,73.94,4.627856968,16093
17/07/2020,206,2,17,0,2,116,0,6,284,1,3,99,1,282,81,4,0,2876,40,33,0,10,33,0,1,46,5,2,784,76,0,694,222,2,680,509,105,232,20,80,88,184,21,5,2,57,59,267,0,1,0,83,5,138,17,21,0.029223828,0.158597774,0.023057485,0.009186383,18.03110189,9.515866418,5.649083868,2.866151605,0.01271986,0.112191976,0.00025748,4.64E-05,60,245,312,60.98,30.33494514,8047,98.06,0.235292234,16093,98.06,1.094007584,16093,80.06,1.586485004,16093
18/07/2020,226,2,23,6,2,112,0,3,297,1,2,93,1,277,80,3,0,2840,36,33,0,10,35,0,1,44,12,3,729,70,0,677,223,3,699,487,107,237,14,84,91,194,20,4,2,57,50,257,0,0,0,86,5,123,19,18,0.036011129,0.214918582,0.023286934,0.008007753,20.3462876,12.89511491,5.192986388,2.258186311,0.018860165,0.142274671,0.000243834,3.94E-05,60,223,282,59,24.21454069,6437,98.06,0.191422536,16093,98.96,0.614659193,16093,75.02,6.741400429,16093
19/07/2020,228,2,23,2,3,121,2,4,307,1,2,96,1,270,80,2,0,2834,48,35,0,11,36,0,1,45,6,3,747,64,0,668,241,3,674,482,109,248,17,80,88,204,22,4,2,59,50,248,0,0,0,92,5,118,13,18,0.032808419,0.188379859,0.022912026,0.008284644,18.99607436,11.30279151,5.315589968,2.377692878,0.01521476,0.119956373,0.000249642,4.04E-05,60,232,287,60.98,25.4102166,9656,100.04,0.477152792,16093,98.96,1.186141159,16093,82.94,0.64319307,16093
20/07/2020,230,2,26,3,4,124,1,3,336,1,1,97,2,300,77,0,0,2877,43,33,0,10,47,0,1,44,10,2,773,73,0,707,245,2,676,499,105,270,15,82,96,209,20,4,2,58,56,261,0,0,0,96,4,126,12,16,0.035248087,0.203617993,0.023442822,0.008623797,19.84467303,12.2170796,5.204306426,2.423286997,0.017253375,0.130524156,0.000246852,3.53E-05,60,222,281,56.48,45.74615446,6437.5,98.96,0.376031107,16093,98.96,0.733356734,16093,80.06,2.706457947,16093
21/07/2020,239,4,28,4,0,141,0,3,352,2,3,90,1,306,81,0,0,2830,58,37,0,8,51,0,1,48,10,3,773,86,3,688,269,4,724,485,121,260,17,80,94,216,33,3,0,56,58,266,0,0,0,104,3,135,18,24,0.029973795,0.164663031,0.022774796,0.008011421,17.8044342,9.879781879,5.625374533,2.299277786,0.013215483,0.110670605,0.000232073,3.64E-05,60,247,287,55.49,57.49018279,13679.5,96.98,0.376412674,16093,96.98,0.886384216,16093,87.08,0.884392211,16093
22/07/2020,241,3,27,2,1,147,0,3,352,0,0,78,0,273,78,2,1,2470,70,35,0,5,57,0,1,43,15,3,751,88,0,673,293,2,688,433,113,267,17,83,92,217,14,4,0,67,49,284,0,0,0,111,6,139,14,25,0.038595477,0.214626554,0.024208311,0.008485445,20.14683924,12.87759324,5.156370191,2.112875812,0.02032233,0.142375009,0.000232285,3.84E-05,60,213,249,55.94,53.5033321,11265.5,93.92,0.290107434,16093,93.02,0.946131458,11265,80.96,1.73630801,16093
23/07/2020,283,0,31,2,2,153,0,3,376,2,1,80,1,293,75,2,1,2598,64,31,0,6,57,0,1,42,16,4,711,87,0,661,309,3,704,442,114,247,16,80,84,223,37,4,0,77,65,287,0,0,0,115,3,136,16,26,0.032586564,0.18061164,0.023027198,0.007005505,18.08554303,10.83669843,5.434418691,1.814425908,0.015830127,0.12202101,0.000237349,3.54E-05,60,236,259,57.02,54.13688389,9656,96.98,0.095574071,16093,98.06,0.070521874,14484,71.06,7.916933055,16093
24/07/2020,253,0,29,2,3,147,0,1,376,2,6,77,2,280,74,1,0,2628,66,25,0,6,51,0,1,49,12,2,776,81,0,598,280,6,715,420,110,260,15,75,85,226,39,5,0,68,56,245,0,0,0,115,5,139,12,25,0.031264569,0.179669774,0.02385204,0.008373249,19.25897442,10.78018645,5.891453916,2.587334052,0.014286814,0.1223559,0.000236621,3.98E-05,60,247,309,60.08,28.91342309,11265,93.92,0.510491262,16093,93.02,0.788920772,16093,73.94,5.551587266,16093
25/07/2020,247,1,28,0,2,133,0,1,357,2,1,78,1,277,85,1,0,2552,64,23,0,7,53,0,1,47,17,2,754,92,0,610,285,6,738,442,118,249,18,82,82,232,39,5,0,59,66,248,0,0,0,114,2,123,12,24,0.033991818,0.195792056,0.023593446,0.007991853,19.44332003,11.74752335,5.450085975,2.245710701,0.01698231,0.13300358,0.000236572,3.42E-05,60,231,281,60.98,25.4102166,8047,96.98,0.261741537,16093,96.08,0.581963081,16093,75.92,4.378102076,16093
26/07/2020,257,2,23,1,2,130,0,3,364,2,3,77,1,281,86,0,0,2621,64,23,0,8,64,0,1,42,15,3,707,86,0,630,293,6,713,458,117,263,17,79,85,217,33,7,3,64,61,248,0,0,0,102,2,114,13,28,0.03205037,0.186169478,0.023559601,0.008212888,19.1020206,11.17016868,5.418708198,2.513143718,0.014776936,0.120529619,0.000233979,3.88E-05,60,230,306,62.06,26.05115896,6437,98.06,0.287548016,16093,96.98,1.212683269,16093,78.08,2.828690522,16093
27/07/2020,249,3,26,2,0,136,0,3,345,2,3,82,1,275,86,2,0,2599,60,25,0,8,64,0,2,39,13,1,685,97,1,609,303,6,688,432,118,260,15,86,87,223,33,8,3,65,59,250,0,0,0,107,1,115,13,27,0.032988174,0.189540312,0.022549509,0.008051118,18.60532985,11.37241869,4.938342495,2.294568665,0.015616558,0.119615961,0.000236715,4.07E-05,60,219,285,55.76,52.95054269,4586.6,100.04,0.396785556,16093,98.06,1.735672072,16093,80.96,1.174216586,16093
28/07/2020,256,4,28,1,0,147,0,1,333,2,5,77,1,279,75,1,0,2597,53,23,0,6,53,0,1,44,13,2,707,91,1,632,314,7,710,502,123,271,17,74,96,224,19,10,1,60,71,230,0,0,0,112,1,132,12,20,0.029461669,0.164857974,0.023171639,0.007641175,17.55915486,9.891478434,5.329476904,2.338199526,0.013186394,0.110608508,0.000232591,3.94E-05,60,230,306,55.94,53.5033321,9656,100.04,0.193951619,16093,98.96,0.614659193,16093,78.98,3.560012236,16093
29/07/2020,262,5,27,1,1,145,0,3,328,2,3,67,1,230,71,0,0,2568,60,23,0,6,50,0,1,54,10,2,677,87,0,579,339,4,650,448,123,274,21,79,92,241,22,10,1,61,71,248,0,0,0,107,1,113,11,19,0.036814429,0.198981777,0.022167765,0.007436441,18.22314245,11.93890662,4.588727392,1.695508435,0.01955801,0.131958114,0.000240221,3.33E-05,60,207,228,57.05,56.08516367,2078.666667,100.94,0.177794862,16093,100.04,0.765374971,16093,82.94,1.960200939,16093
30/07/2020,245,5,31,0,3,144,0,1,353,2,1,56,0,247,74,0,0,2457,61,25,0,5,52,0,1,56,12,2,655,96,0,545,329,3,677,420,119,267,18,68,90,224,27,10,4,54,60,248,0,0,1,99,3,119,11,17,0.03562815,0.196191089,0.022848712,0.008409979,18.8116632,11.77146536,4.912473159,2.127724677,0.018339274,0.132842047,0.000224897,3.82E-05,60,215,253,57.02,54.13688389,11265,102.92,0.043444756,16093,102.02,0.130175283,16093,82.04,2.165618923,16093
31/07/2020,251,5,26,0,2,152,1,4,343,2,4,50,0,256,72,2,2,2372,67,30,0,8,51,0,1,47,14,5,584,89,0,541,306,1,650,381,121,260,17,64,89,231,21,8,4,59,53,263,0,1,2,105,2,125,7,21,0.034534475,0.198653321,0.0227035,0.007999763,19.27023704,11.91919924,5.199101472,2.151936322,0.017390885,0.131962845,0.000231813,3.92E-05,60,229,269,57.92,47.32091544,12070,102.02,0.130175283,16093,102.02,0.396003565,16093,84.92,1.837001264,16093
01/08/2020,248,6,31,0,3,148,0,4,332,2,4,48,0,249,72,1,2,2341,61,34,0,8,52,0,1,44,10,5,618,92,0,546,302,4,652,384,119,269,18,64,87,216,21,8,3,66,56,253,0,1,2,117,2,125,9,21,0.034802344,0.213384608,0.022697804,0.007979976,20.1157549,12.80307647,4.902725575,2.409952849,0.018432959,0.14263892,0.000220761,3.40E-05,60,216,302,60.98,47.79252847,12875,100.04,0.106328126,16093,100.04,0.193951619,16093,100.04,0.088360731,16093
02/08/2020,236,12,28,0,1,140,0,2,328,2,4,53,3,333,74,2,1,2263,55,29,0,12,55,0,1,47,7,0,605,96,0,512,295,3,642,375,109,258,16,67,94,221,21,8,3,61,59,252,0,0,0,108,2,119,8,23,0.029302379,0.170962695,0.024276121,0.00824072,18.87073231,10.25776169,5.753440708,2.859529912,0.012268329,0.109417713,0.000234289,3.94E-05,60,237,347,60.98,54.88256136,5967.833333,98.96,0.014819586,16093,98.96,0.310302097,16093,100.94,0.001051954,16093
03/08/2020,242,11,26,0,1,139,1,3,336,2,2,56,3,246,71,0,1,2309,60,28,0,10,58,0,0,50,16,2,605,90,0,543,308,3,637,361,104,253,12,73,89,202,26,7,1,56,58,258,0,0,1,110,3,129,7,21,0.03325519,0.202933967,0.02396236,0.008468236,20.35217626,12.17603801,5.415493468,2.760644779,0.015908294,0.130573384,0.00025134,3.79E-05,60,226,326,64.94,32.70084893,12875,100.94,0.003903713,16093,100.04,0.017519728,16093,100.04,0.021980316,16093
04/08/2020,250,10,23,2,5,136,0,3,336,2,2,47,1,233,70,1,0,2297,49,26,0,12,51,0,0,52,10,2,580,103,0,511,310,3,599,404,104,281,16,66,84,200,21,5,1,53,57,271,0,0,4,118,3,110,6,22,0.028175775,0.164411881,0.02298555,0.00897316,18.68053896,9.86471286,5.585488569,3.23033753,0.011887695,0.110922002,0.000236258,4.23E-05,60,243,360,64.94,37.43665617,12875,98.96,0.118281682,16093,98.96,0.21541359,16093,98.06,0.129367426,16093
05/08/2020,246,6,29,4,5,126,0,3,336,2,1,47,1,229,74,2,0,2282,50,23,0,13,51,0,1,53,8,3,592,106,0,508,310,2,617,371,94,254,17,62,84,199,18,7,0,60,48,280,0,0,2,104,3,117,10,25,0.031551417,0.181232539,0.022367711,0.008656898,18.8046446,10.87395235,5.368250545,2.562441707,0.014726747,0.121639814,0.000224078,4.22E-05,60,240,296,60.53,47.52805588,8047,98.96,0.078264222,16093,98.06,0.070521874,16093,89.06,0.327951599,16093
06/08/2020,225,8,24,3,5,133,5,3,335,2,2,49,1,229,73,2,0,2191,50,27,0,14,58,0,1,52,9,2,558,99,0,515,309,3,601,342,94,222,14,61,88,196,25,7,1,55,51,274,0,2,0,101,4,114,10,28,0.031066547,0.16468868,0.024134464,0.008307755,17.86326475,9.881320819,5.647464631,2.334479295,0.013650588,0.110845714,0.000246392,3.59E-05,60,234,281,60.98,47.79252847,11265,89.96,0.652060224,16093,89.96,1.078273449,16093,78.98,2.178336277,16093
07/08/2020,214,7,20,2,7,127,5,3,324,2,7,48,2,229,71,4,0,2046,50,26,0,17,59,0,1,51,10,2,542,102,0,487,333,2,553,346,90,185,16,58,86,190,18,6,1,57,38,255,0,2,0,105,10,104,6,30,0.028732206,0.16385085,0.024080183,0.008077385,18.38861154,9.831051013,5.827404238,2.730156288,0.012289891,0.110885759,0.000226282,3.44E-05,60,242,338,62.96,26.58039091,8047,87.98,1.137191888,16093,87.98,2.184521503,16093,75.92,5.083753615,16093
08/08/2020,208,8,23,3,8,119,2,5,327,2,6,48,1,233,63,1,0,2027,65,19,1,13,57,0,1,48,6,3,550,93,0,450,325,3,554,323,88,178,16,61,92,203,20,4,1,57,49,245,0,2,0,95,4,105,8,26,0.031712052,0.176885396,0.022796699,0.0082932,18.23443002,10.61312373,5.266037505,2.35526878,0.015258782,0.122970566,0.000236518,3.62E-05,60,231,284,60.98,21.84989847,8047,95,0.146743148,16093,93.92,0.864935727,16093,75.92,2.5786905,16093
09/08/2020,214,9,21,4,7,141,1,3,315,2,7,48,2,229,59,2,0,1992,54,17,1,14,52,0,1,49,10,3,521,90,0,454,326,4,553,324,98,188,21,56,82,211,23,4,1,57,44,226,0,2,0,89,0,102,9,28,0.031319571,0.184390787,0.024135034,0.009251655,19.85660788,11.06344721,5.647597929,3.145562738,0.013899322,0.120932976,0.000271733,4.84E-05,60,234,340,60.98,21.84989847,6437,98.06,0.129367426,16093,98.06,0.669983696,16093,82.94,0.43269454,16093
10/08/2020,204,8,19,4,7,129,2,4,310,2,8,39,4,226,58,2,0,1984,53,20,0,15,51,0,1,49,10,5,512,99,0,450,313,6,549,324,96,178,22,60,87,205,21,3,1,53,43,270,0,2,0,105,1,112,8,25,0.038209339,0.216665332,0.024264873,0.007407102,19.9452751,12.99991991,5.07135844,1.87399675,0.020337657,0.141381883,0.000257148,3.74E-05,60,209,253,62.06,18.75054916,6437,102.02,0.109061173,16093,100.94,0.311147147,16093,82.04,1.536690796,16093
11/08/2020,223,9,18,3,7,122,3,2,304,2,5,37,3,215,59,2,0,1951,55,14,0,14,45,0,1,59,8,4,506,91,1,436,291,5,528,336,102,181,21,61,89,195,21,4,0,52,53,262,0,4,0,94,1,113,9,26,0.032242136,0.179734537,0.023485659,0.008671259,18.70043878,10.78407221,5.401701483,2.51466509,0.015144533,0.122332236,0.000243179,3.94E-05,60,230,290,56.48,53.820108,6437,102.02,0.130175283,16093,100.94,0.438199839,16093,80.06,1.586485004,16093
12/08/2020,218,5,18,2,7,128,2,2,299,2,5,41,3,202,51,1,0,1887,46,15,0,16,44,0,1,50,6,7,480,96,0,391,291,6,549,320,113,172,23,63,79,192,24,4,1,46,48,234,0,2,0,90,2,105,8,27,0.029168331,0.166506152,0.023717227,0.008162257,18.37604838,9.990369119,5.692134487,2.693544775,0.012480104,0.110022676,0.00025809,3.80E-05,60,240,330,57.92,34.15526416,11265,98.96,0.310302097,16093,98.96,0.847344312,16093,82.94,0.43269454,16093
13/08/2020,205,7,21,13,5,112,1,2,287,2,6,35,5,188,51,0,0,1913,40,10,0,15,45,0,1,57,6,5,486,76,0,403,269,8,551,309,110,159,18,66,72,191,23,6,1,49,46,262,0,0,0,90,2,105,5,25,0.044367025,0.243563947,0.023685561,0.008375546,21.20743803,14.61383682,4.784483345,1.809117872,0.026011786,0.162797068,0.000223592,4.97E-05,60,202,216,59,24.21454069,8047,104,0.107787233,16093,100.94,0.608519058,16093,93.92,0.001609391,16093
14/08/2020,210,8,20,4,6,116,4,1,272,2,6,37,4,186,42,0,1,1913,47,19,0,13,44,0,1,50,8,2,494,75,0,410,280,9,536,300,107,166,20,68,67,180,21,7,1,55,54,243,0,1,0,82,3,100,4,28,0.030971714,0.182899539,0.024269525,0.007807332,18.95468876,10.97397235,5.412104126,2.568612278,0.014379842,0.121170324,0.000246092,3.33E-05,60,223,329,62.96,16.53029934,6437,95,0.647339817,16093,93.02,1.507495558,16093,71.96,41.28676851,16093
15/08/2020,229,7,20,2,2,119,1,2,275,2,8,37,3,186,45,1,1,1914,54,19,0,11,34,0,1,53,10,2,495,80,0,384,294,9,541,273,118,164,21,74,66,178,18,9,0,45,51,247,0,1,0,71,3,98,4,27,0.033580906,0.189927031,0.023159241,0.008838584,18.90605028,11.39562184,4.956077663,2.554350778,0.015583718,0.119012671,0.000260691,4.85E-05,60,214,289,69.98,10.5171256,9656,105.08,0.147206255,16093,104,0.383669564,16093,96.08,0.698755128,16093
16/08/2020,244,7,21,3,3,129,1,2,274,2,6,36,3,181,45,1,0,1907,50,18,0,9,36,0,0,56,8,2,478,83,0,393,299,9,527,290,108,172,25,71,60,184,22,9,0,46,55,251,0,1,0,70,3,99,5,28,0.033920595,0.198917687,0.023652469,0.009468385,19.97923067,11.9350612,5.061628336,2.982541133,0.016514094,0.13213944,0.000247159,5.44E-05,60,214,315,71.06,7.916933055,9656,91.04,5.965131441,16093,100.94,2.007654098,16093,105.98,0.274890643,16093
17/08/2020,257,7,22,3,2,126,0,0,275,2,4,37,4,183,45,1,0,1896,38,17,0,9,34,0,0,63,6,3,491,90,0,400,294,9,521,303,109,169,23,71,62,188,27,8,0,45,52,261,0,1,0,71,1,96,6,28,0.034576118,0.200031712,0.022129143,0.009399197,19.43177811,12.00190272,4.713507358,2.716368027,0.017275972,0.131723831,0.000228277,4.51E-05,60,213,289,60.92,57.31846423,5230.333333,107.96,0.320868642,16093,107.96,0.945838757,16093,95,1.24021896,16093
18/08/2020,250,6,24,5,3,130,0,1,260,2,7,35,5,169,43,2,0,1969,40,19,0,9,39,0,0,59,6,2,495,98,0,409,305,11,529,325,132,172,17,68,70,184,20,6,0,49,48,241,0,1,0,63,1,116,8,26,0.043431785,0.227649217,0.021827789,0.009116162,19.58773493,13.658953,4.059968683,1.868813239,0.025463578,0.153268394,0.000234178,3.96E-05,60,186,205,58.784,61.05506687,2333.8,107.06,0.566757787,16093,102.92,2.550088049,16093,104,0.329552525,16093
19/08/2020,258,4,23,4,4,117,0,1,273,2,2,28,4,179,42,1,0,1898,36,17,0,6,39,0,0,51,6,1,459,94,0,388,286,9,500,280,133,174,19,60,61,184,25,6,0,46,46,222,0,2,0,63,1,125,7,26,0.034880862,0.197535001,0.023308927,0.01019322,19.84721045,11.85210005,4.988110401,3.006999996,0.017066784,0.132725181,0.000242624,5.32E-05,60,214,295,62.96,36.27040433,11265,102.92,0.942901807,16093,102.92,2.550088049,16093,102.92,0.302454965,16093
20/08/2020,254,4,25,5,5,120,3,3,273,2,2,29,2,183,44,0,0,1789,38,19,1,5,34,0,0,46,3,3,443,92,0,375,278,8,461,284,125,178,19,65,63,185,18,5,0,48,46,220,0,2,0,66,1,130,10,25,0.031730683,0.181285419,0.023195448,0.008164261,18.49898826,10.87712514,5.172584858,2.449278262,0.015056175,0.121711735,0.000208214,3.55E-05,60,223,300,59.99,51.51189324,11265,96.98,0.01827444,4023,96.02,0.151324123,5364.333333,91.04,0.09463309,4828
21/08/2020,260,4,19,6,4,116,3,3,283,2,7,29,1,163,39,2,0,1726,42,16,1,5,33,0,0,50,3,4,448,77,0,352,269,8,446,286,118,164,16,66,59,178,18,5,0,46,44,234,0,1,0,61,2,118,10,26,0.037772984,0.213495703,0.023675484,0.008779901,20.01968145,12.8097422,4.900825251,2.309113998,0.020013242,0.142604342,0.000220302,4.98E-05,60,207,263,66.02,32.45029392,12875,93.02,0.036870789,1609,94.64,1.135977708,3084.666667,91.67,0.030344944,3219
22/08/2020,248,4,24,6,2,118,2,2,275,2,5,31,0,163,39,0,0,1701,37,19,0,3,33,0,0,47,5,5,426,68,0,319,270,7,419,271,109,150,16,67,58,170,14,8,0,41,49,223,0,1,0,66,1,117,6,18,0.037529925,0.20803544,0.023426647,0.008424122,19.21532185,12.48212639,4.568196083,2.164999381,0.020646216,0.143978348,0.000229481,3.96E-05,60,195,257,68.54,39.47224418,11265,87.98,1.137191888,1207,93.02,4.236743553,2816,95,0.176163475,6437
23/08/2020,233,3,21,7,1,111,0,1,273,2,5,34,0,154,38,1,0,1667,44,19,0,3,31,0,0,43,5,5,446,62,0,340,251,6,427,289,109,160,16,65,60,169,13,7,0,45,49,207,0,1,0,57,1,111,7,19,0.040229692,0.210459139,0.023393273,0.008497081,18.98841461,12.62754837,4.491508462,1.869357783,0.022336329,0.143282713,0.000230677,3.67E-05,60,192,220,62.06,41.08327281,8047,93.92,2.202274527,4023,93.56,3.872860111,4828,87.98,2.184521503,16093
24/08/2020,227,4,24,6,1,110,2,1,272,2,5,33,0,161,35,0,0,1636,30,17,0,2,30,0,0,41,6,5,459,72,0,318,256,7,402,309,117,153,13,70,58,163,21,7,0,41,46,213,0,0,0,57,2,101,8,18,0.05258223,0.244363577,0.023236088,0.008441477,19.87608282,14.66181464,3.973371014,1.240897171,0.032399279,0.161431837,0.000255293,4.22E-05,60,171,147,55.94,63.75698233,4828,93.02,1.30692229,3219,91.04,7.760055479,6437,82.94,9.028424477,16093
25/08/2020,229,3,18,8,4,103,0,2,256,2,1,35,0,158,35,2,0,1685,31,19,0,3,25,0,0,42,6,2,467,67,0,309,255,6,380,323,108,153,13,61,60,160,17,5,0,37,49,211,0,0,0,56,2,102,7,20,0.039662387,0.199986655,0.022996708,0.009465042,18.7999715,11.99919931,4.898298709,1.90247348,0.020306665,0.131573385,0.000229349,4.46E-05,60,213,201,58.955,43.8262823,8449,100.04,0.907709208,2414,98.06,3.237567099,4023,82.04,6.573260326,16093
26/08/2020,238,2,21,5,3,109,0,2,257,2,2,33,0,142,35,2,0,1634,35,19,0,3,27,0,0,40,7,2,423,54,0,321,254,4,367,316,99,161,18,61,43,161,18,4,0,39,43,190,0,0,0,67,2,105,7,20,0.060561558,0.273644673,0.02517555,0.010575745,21.74159935,16.4186804,3.725981388,1.59693756,0.036367154,0.164040202,0.00031098,5.66E-05,60,148,151,60.98,35.06642545,8047,104,0.630197352,6437,98.06,1.479352295,8047,82.04,6.573260326,16093
27/08/2020,245,4,19,4,10,121,0,3,249,2,3,33,0,150,33,2,0,1565,44,19,0,5,26,0,0,39,6,2,400,59,0,310,237,3,361,299,91,158,17,60,42,158,15,4,0,35,44,205,0,0,0,54,2,102,6,21,0.034204113,0.185267252,0.023493457,0.007332255,17.99136334,11.11603514,5.027599899,1.847728297,0.016652526,0.120490976,0.000228057,3.71E-05,60,214,252,57.92,43.50169516,9656,100.94,0.834589715,9656,96.98,2.554942849,9656,94.55,0.33943501,16093
28/08/2020,248,4,19,2,12,120,0,0,228,0,2,32,0,134,32,3,0,1512,37,15,0,5,26,0,0,31,3,2,387,62,0,297,230,2,354,282,92,144,16,53,53,154,15,3,0,36,47,190,0,1,0,55,2,95,6,20,0.034164833,0.17264457,0.023386728,0.007679688,17.18491075,10.35867419,5.09830672,1.727929845,0.01731294,0.123727015,0.000228193,3.54E-05,60,218,225,62.06,30.1239728,6437,102.92,0.180242789,14484,96.98,1.023572438,11265,80.06,1.301690765,16093
29/08/2020,232,1,17,3,11,105,1,1,225,0,2,31,0,124,32,1,0,1458,36,14,0,2,27,0,0,31,3,2,377,61,0,305,245,2,334,303,85,133,15,53,48,166,17,4,0,40,39,184,0,1,0,53,2,92,5,20,0.039265047,0.214777801,0.022856276,0.008214067,19.67178863,12.88666807,4.93695551,1.84816505,0.021137713,0.142077143,0.00024845,4.25E-05,60,216,225,60.98,35.06642545,6437,96.08,0.157855349,16093,100.04,0.021980316,16093,82.94,0.285130637,16093
30/08/2020,220,1,18,4,11,105,0,1,224,0,2,28,0,119,32,0,0,1443,37,15,0,2,26,0,0,35,4,4,378,59,0,281,227,2,337,305,80,116,13,57,40,164,14,3,0,40,36,171,0,1,0,52,2,102,5,13,0.038058032,0.194516995,0.023588369,0.008191721,18.26785544,11.67101973,4.835615596,1.761220116,0.020072401,0.132934907,0.000271773,5.89E-05,60,205,215,60.08,24.86932763,6437,98.96,0.050634206,8047,98.42,0.439485941,4828,80.96,0.675879116,16093
31/08/2020,219,1,18,3,11,109,0,0,209,0,1,27,0,128,40,0,0,1463,41,15,0,2,28,0,0,30,1,6,368,61,0,270,243,2,355,306,86,116,14,55,47,160,13,2,0,38,41,189,0,1,0,51,1,80,6,12,0.043800341,0.22508697,0.023975354,0.007179766,19.53495193,13.50521818,4.651218664,1.378515087,0.025656018,0.153426255,0.000265046,4.19E-05,60,194,192,60.08,14.5811656,6437,96.08,0.157855349,8047,95,0.901951308,11265,82.04,1.536690796,16093
01/09/2020,210,2,17,4,7,98,0,2,206,0,3,29,1,127,38,1,0,1488,37,14,0,4,27,0,0,29,3,2,359,63,0,264,234,4,349,307,93,115,13,52,43,159,16,3,0,38,37,178,0,2,0,52,2,99,7,13,0.044725627,0.233113172,0.023011642,0.008320218,20.21598354,13.98679034,4.648351761,1.580841437,0.025347221,0.150888197,0.000221903,4.31E-05,60,202,190,60.98,25.4102166,6437,96.98,0.119953544,8047,96.08,0.157855349,8047,78.98,1.797712131,16093
02/09/2020,191,3,18,6,1,94,0,1,188,0,3,29,1,126,31,0,0,1378,34,15,0,4,28,0,0,30,1,2,332,58,0,256,222,2,323,290,82,125,14,47,44,158,15,4,0,38,37,165,0,2,0,54,3,91,8,17,0.038442303,0.213763801,0.022831539,0.010938142,20.56663237,12.82582805,4.885949312,2.854855001,0.019806782,0.142708811,0.000218538,6.39E-05,60,214,261,55.94,56.06674466,3017.25,93.92,0.434080433,8047,93.02,1.30692229,8047,73.04,7.187828963,16093
03/09/2020,201,2,21,5,1,84,0,2,181,0,1,27,0,125,32,0,0,1346,37,19,0,4,30,0,0,28,5,1,308,65,0,222,222,2,295,289,74,112,10,41,47,152,16,4,0,45,35,158,0,2,0,51,2,76,8,13,0.040808431,0.230776395,0.022820547,0.009245321,20.73068304,13.84658367,4.609750463,2.274348907,0.022660333,0.151835265,0.000222056,4.15E-05,60,202,246,55.94,63.75698233,9656,93.02,1.097714229,11265,93.02,1.507495558,9656,82.04,2.519503646,16093
04/09/2020,177,2,15,5,2,87,0,1,176,0,2,25,1,99,35,1,0,1321,33,15,0,4,23,0,0,29,4,3,328,57,0,216,210,3,283,278,65,101,10,42,43,133,10,6,0,40,43,159,0,2,0,48,1,80,8,16,0.036153951,0.198119259,0.022844097,0.009213045,19.16159389,11.88715555,4.934324935,2.340113409,0.018251288,0.132164453,0.000217575,5.48E-05,60,216,254,57.11,44.14925728,12875,93.02,0.389966363,11265,91.04,2.561257135,9656,91.94,0.624176045,16093
05/09/2020,187,1,16,6,1,99,1,0,173,0,2,27,0,87,33,1,0,1304,36,20,0,4,29,0,0,29,5,0,307,63,0,220,204,1,282,260,57,104,7,43,48,141,11,4,0,45,41,162,0,2,0,56,1,77,10,19,0.0391436,0.220918347,0.022687216,0.007646549,19.45436929,13.25510081,4.310570969,1.888697509,0.023161684,0.155175618,0.000241426,3.33E-05,60,190,247,64.94,17.53461266,9656,96.08,0.497926402,9656,97.04,1.209722202,7778.333333,100.04,0.070272888,16093
06/09/2020,189,2,21,4,1,92,1,0,170,0,2,31,0,92,36,1,0,1314,36,21,0,5,33,0,0,29,9,2,302,67,0,230,203,1,267,266,74,95,10,46,51,134,14,3,0,40,51,165,0,2,0,59,0,85,10,19,0.044829742,0.255404572,0.023405909,0.008264643,21.4286167,15.32427435,4.096034084,2.008308273,0.027919012,0.172718808,0.000285702,4.76E-05,60,175,243,60.98,30.33494514,8047,100.94,0.364263891,9656,102.02,1.02367638,9656,109.04,0.029489578,16093
07/09/2020,205,2,23,2,0,82,0,0,169,0,2,30,0,97,34,0,0,1350,31,17,0,4,28,0,0,28,7,2,289,65,0,243,182,1,266,283,78,99,12,54,43,133,15,3,0,36,47,180,0,1,0,59,0,79,8,18,0.037650591,0.225061185,0.022069682,0.00885635,20.33131889,13.50367109,4.303588059,2.524059739,0.021394625,0.153854245,0.000251125,5.14E-05,60,195,285,62.06,30.1239728,6437,102.92,0.506346944,11265,98.06,5.88844955,9656,113,0.025912309,16093
08/09/2020,204,1,25,6,2,91,0,0,168,0,4,22,0,98,38,2,0,1355,33,17,0,5,22,0,0,32,4,2,294,62,0,261,203,0,275,278,82,107,15,70,39,137,16,3,0,43,42,194,0,1,0,66,1,80,8,17,0.041612068,0.208492468,0.022988895,0.008673643,18.18447392,12.50954806,3.862134385,1.812791478,0.02409146,0.143967852,0.000262238,4.82E-05,60,168,209,60.08,39.87739941,8047,102.92,1.107879673,8047,98.06,5.88844955,6437,107.06,0.054192963,16093
09/09/2020,189,2,21,5,4,81,0,0,157,0,4,24,0,102,37,1,0,1254,28,19,0,1,19,0,0,28,6,2,309,50,0,238,190,0,270,309,84,93,9,76,39,141,15,3,0,39,34,159,0,1,0,65,1,87,9,20,0.039590643,0.217438652,0.023747903,0.00725018,19.51818709,13.04631913,4.797076326,1.674791627,0.021478827,0.141104,0.000224114,3.17E-05,60,202,231,66.02,17.56771335,8047,91.04,0.04581052,1609,93.02,0.389966363,4023,82.94,1.960200939,16093
10/09/2020,183,2,17,7,2,83,0,1,143,0,5,22,0,85,32,2,0,1219,24,16,0,2,22,0,0,28,5,3,277,59,0,231,183,0,259,285,89,84,10,51,39,132,15,3,1,35,34,155,0,1,0,59,1,90,8,19,0.042536512,0.216302984,0.023162621,0.008396537,19.05635731,12.97817905,4.42406054,1.654117711,0.023517292,0.141509607,0.000213318,4.92E-05,60,191,197,55.94,87.10580877,402,89.06,0.020135324,6437,89.06,1.953312373,12875,80.06,0.603485368,16093
11/09/2020,178,2,11,3,3,93,0,2,127,0,3,25,0,83,31,1,0,1158,25,11,0,3,16,0,0,29,5,3,262,52,0,232,161,0,250,287,92,83,10,48,37,132,16,3,1,33,35,163,0,2,0,50,1,80,5,21,0.03602172,0.201436905,0.024386498,0.008943143,19.73990272,12.08621428,5.194323981,2.459364459,0.017669414,0.130944636,0.000246299,5.48E-05,60,213,275,62.96,26.58039091,1609,77,3.20952824,4828,77.792,11.21562933,3218.8,71.96,2.007748426,14484
12/09/2020,168,1,12,5,3,88,0,2,137,0,3,27,0,81,23,1,0,1150,28,11,0,4,16,0,0,28,6,3,238,60,0,200,175,1,226,277,87,76,10,56,31,126,16,3,1,34,37,148,0,2,0,49,2,63,4,22,0.039564486,0.215776116,0.023445722,0.008251324,19.8218076,12.94656693,4.993938761,1.88130191,0.02112007,0.141660307,0.00023472,4.58E-05,60,213,228,60.08,34.50582305,1609,80.06,1.586485004,6437,80.06,5.913195377,4828,80.06,1.301690765,11265
13/09/2020,162,0,15,2,3,91,2,2,122,0,2,22,0,73,27,1,0,1102,25,16,0,3,14,0,0,28,8,4,238,49,0,200,167,2,217,286,94,87,8,55,33,129,17,3,1,38,39,146,0,2,0,47,1,59,4,19,0.045857438,0.242117952,0.023945935,0.007654704,20.40655987,14.5270771,4.310268346,1.569214419,0.027768355,0.162394114,0.000241318,3.92E-05,60,180,205,53.06,72.41146877,402,82.94,1.628301692,3219,78.08,10.22735935,6437,89.06,0.00208771,16093
14/09/2020,155,0,14,2,3,92,1,1,146,0,4,21,1,81,26,1,0,1147,25,17,0,5,12,0,0,28,9,5,252,51,0,204,155,1,239,273,90,82,9,50,32,123,18,2,0,41,38,143,0,2,0,46,1,64,4,19,0.040724247,0.212124668,0.024275567,0.008636636,19.42546572,12.72748005,4.806562361,1.891423307,0.022092461,0.142605188,0.000246368,5.52E-05,60,198,219,56.3,69.89924657,1475,87.98,1.586668943,3219,87.98,4.675295655,2816,82.94,0.285130637,14484
15/09/2020,154,0,10,2,3,77,0,0,137,0,3,22,0,77,26,0,0,1128,30,11,0,5,16,0,0,29,6,4,258,43,0,217,161,1,237,275,81,80,13,52,31,118,19,2,1,39,35,138,0,1,0,53,1,67,3,19,0.040732469,0.231819131,0.023207091,0.00870842,20.93648882,13.90914784,4.919903304,2.107437678,0.022397378,0.151277442,0.000227748,5.10E-05,60,212,242,64.04,36.91062317,7510.333333,91.22,0.6617048,1609,93.02,2.102150135,2414,86,0.080744028,16093
16/09/2020,147,0,11,1,3,81,0,0,126,0,3,23,0,73,20,0,0,1118,29,16,0,7,15,0,0,31,6,3,251,44,0,218,143,1,245,284,78,72,12,53,25,118,18,2,1,38,34,131,0,1,0,53,1,61,3,21,0.042872566,0.230815519,0.022576571,0.00972189,20.36446904,13.84893113,4.35727828,2.15825963,0.024154054,0.151739138,0.000215581,5.52E-05,60,193,222,64.67,36.78791883,9656,87.98,1.137191888,3219,89.06,1.953312373,4023,87.08,0.007273294,16093
17/09/2020,135,0,9,0,4,80,0,0,131,0,4,20,0,76,23,2,0,1072,29,19,0,7,11,0,0,30,7,2,260,54,0,210,141,2,223,276,86,73,14,49,30,130,18,2,1,46,31,119,0,1,0,47,1,66,5,24,0.041336008,0.230201216,0.022073163,0.010765404,20.58533204,13.81207296,4.017315691,2.755943388,0.023079238,0.151982365,0.000215564,6.83E-05,60,182,256,65.48,82.89007999,3621,89.06,1.183949911,6437,89.06,1.953312373,4828,89.96,0.005137901,16093
18/09/2020,138,0,15,1,3,74,0,0,114,0,4,19,0,70,24,1,0,1128,25,11,0,5,11,0,0,35,5,3,252,54,0,199,151,3,216,249,76,64,12,48,28,133,17,4,1,37,27,120,0,1,0,44,1,61,4,22,0.048171894,0.248482588,0.023719274,0.009373658,20.85842998,14.90895525,4.055995833,1.893478896,0.028516272,0.160281763,0.000233055,4.48E-05,60,171,202,65,46.64584662,12338.33333,84.02,1.740221216,6437,84.92,2.780027078,6236,84.92,1.577525452,14484
19/09/2020,143,0,17,0,5,76,0,0,115,0,4,18,0,76,20,2,0,1077,25,12,0,5,9,0,0,34,4,3,237,54,0,192,148,3,221,253,67,67,12,45,26,131,17,3,1,37,28,112,0,2,0,44,1,59,5,22,0.042692361,0.221260224,0.022876012,0.0092308,19.38233194,13.27561342,4.140558143,1.966160376,0.025200479,0.155061004,0.000192055,4.67E-05,60,181,213,65.48,40.99319404,9656,84.92,2.542035979,16093,84.02,3.826049994,12875,82.94,0.938364875,16093
20/09/2020,144,1,13,0,6,76,1,0,105,0,4,20,0,71,19,2,0,1113,27,12,0,4,9,0,0,35,4,4,237,50,0,186,150,4,218,267,73,64,7,42,26,135,17,3,1,36,27,113,0,3,0,47,0,57,6,20,0.047755941,0.242926477,0.021213451,0.008132477,19.62769167,14.5755886,3.563859776,1.488243289,0.029978614,0.162026022,0.000198885,4.02E-05,60,168,183,64.04,36.91062317,9656,87.08,0.727292848,16093,84.92,1.577525452,16093,87.98,0.539852078,16093
21/09/2020,130,1,13,0,6,74,0,0,106,0,7,23,0,71,21,1,0,1144,27,13,0,5,11,0,0,35,6,4,234,50,0,198,161,3,235,263,70,78,5,47,34,129,15,2,1,34,19,117,0,3,0,49,0,50,5,20,0.052835796,0.242889016,0.022521828,0.008245863,19.33790151,14.57334094,3.53592705,1.228633523,0.03343879,0.162014535,0.000207712,4.16E-05,60,157,149,64.94,37.43665617,9656,87.98,0.660369103,14484,87.08,1.744471338,8047,87.08,0.339565954,16093
22/09/2020,127,1,13,0,5,74,1,0,105,0,7,26,1,70,22,1,0,1145,30,12,0,6,9,0,0,36,4,5,239,51,0,214,171,2,234,260,80,74,4,44,27,122,17,5,1,42,20,118,0,1,0,50,0,59,6,16,0.037210688,0.198680408,0.023200477,0.008868688,18.82860799,11.92082451,4.779298354,2.128485128,0.019092425,0.131948053,0.000226019,5.37E-05,60,206,240,62.78,58.79664018,8047,93.02,0.180070743,9656,93.47,0.672032321,5833.5,82.04,1.038223595,16093
23/09/2020,135,1,12,0,1,66,0,0,108,0,9,27,0,77,15,1,0,1138,30,10,0,8,8,0,0,27,3,2,225,57,0,197,174,1,212,253,74,70,3,47,24,120,17,6,1,48,26,115,0,2,0,52,0,64,6,12,0.045591832,0.245575453,0.024688418,0.007690047,20.97224286,14.73452717,4.592045723,1.645669967,0.026959166,0.161479697,0.000261844,4.79E-05,60,186,214,62.96,42.75368462,11265,91.94,0.201660221,16093,93.02,0.517225577,10460.5,89.96,0.083052997,16093
24/09/2020,123,1,11,0,1,59,0,1,103,0,5,28,0,74,18,0,0,1034,23,8,0,8,11,0,0,28,5,3,226,60,0,204,170,2,194,241,69,56,4,47,27,121,18,5,1,48,21,114,0,4,0,49,0,67,3,12,0.041313704,0.231644656,0.022548954,0.009871138,20.61553822,13.89867937,4.239203291,2.47765556,0.02305992,0.15155998,0.000223394,4.85E-05,60,188,251,64.67,36.78791883,9656,91.94,0.161152039,16093,89.96,0.76574464,14484,93.92,0.05413009,16093
25/09/2020,113,0,12,0,1,49,0,1,101,0,5,25,0,72,13,2,0,1028,32,7,0,9,10,0,0,28,5,3,207,45,0,196,162,2,198,235,72,52,3,45,28,120,20,6,1,33,26,104,0,5,0,45,0,66,3,13,0.041445886,0.230613455,0.022606941,0.007579472,20.01836277,13.83680727,4.476174325,1.70538117,0.023833586,0.151878814,0.000220188,3.65E-05,60,198,225,64.94,51.32207772,4425.5,87.98,0.803333807,16093,87.98,0.803333807,16093,89.06,0.841351007,16093
26/09/2020,111,0,13,0,1,41,0,1,97,0,3,25,0,70,10,1,0,1058,16,13,0,9,9,0,0,29,3,1,200,50,0,181,156,2,196,239,64,49,4,41,26,104,19,9,1,37,25,88,0,4,0,42,1,64,3,13,0.046604766,0.238325675,0.022423672,0.007161885,19.76042084,14.29954049,4.193226623,1.267653733,0.029101481,0.164011075,0.000201856,3.18E-05,60,187,177,60.92,62.71132776,3487,86,0.817276129,16093,84.92,2.196363786,16093,84.92,0.752713155,16093
27/09/2020,113,0,13,0,1,44,0,1,96,0,3,20,1,70,14,1,0,1070,21,14,0,7,10,0,0,29,3,2,224,50,0,177,154,2,210,232,60,52,3,38,22,107,24,7,1,39,24,79,0,4,0,41,1,59,3,14,0.048138078,0.257042876,0.023070488,0.0072425,20.94006388,15.42257255,4.083476301,1.434015028,0.030518453,0.171779093,0.00024491,3.09E-05,60,177,198,64.94,58.32436669,8851.5,87.08,1.251079222,9656,87.98,1.586668943,12875,89.06,0.588847169,16093
28/09/2020,114,0,13,0,1,45,1,1,90,0,5,22,1,74,16,2,0,1025,26,14,0,6,20,0,0,30,6,2,240,52,0,182,160,2,223,257,65,53,3,40,27,111,25,7,1,38,28,78,0,5,0,42,1,53,3,13,0.042957852,0.226527115,0.023305018,0.008203928,19.58878064,13.59162687,4.241513252,1.755640514,0.025117109,0.152925523,0.000255345,4.15E-05,60,182,214,64.94,27.7247385,6437,89.06,1.183949911,16093,87.98,2.972369261,14484,93.02,0.267476288,16093
29/09/2020,125,1,13,0,1,49,0,1,94,0,5,23,0,78,21,2,0,1086,22,15,0,5,20,0,0,30,7,3,224,44,0,182,160,1,225,238,66,53,3,43,23,105,23,6,1,39,21,80,0,5,0,43,1,62,4,14,0.042386198,0.213801696,0.024257138,0.007728295,19.28571993,12.82810179,4.996970426,1.460647717,0.023176004,0.142457393,0.000251669,4.05E-05,60,206,189,84.02,0.701955963,8047,91.04,1.156371997,9656,89.96,3.265055822,11265,91.94,0.754157685,16093
30/09/2020,116,1,9,0,5,46,0,0,106,0,2,26,1,75,15,3,0,1101,19,11,0,7,11,0,0,27,6,3,228,35,0,164,146,1,223,230,74,51,1,42,19,110,20,9,0,32,20,79,0,6,0,48,2,56,6,13,0.038824914,0.213806446,0.023398935,0.008636012,19.76188112,12.82838678,4.84357951,2.089914832,0.020837182,0.142665801,0.000235658,5.20E-05,60,207,242,59,74.70986705,402,98.96,0.064385738,16093,96.08,0.497926402,12875,98.06,0.000986721,16093