Day,Adams,Asotin,Benton,Chelan,Clallam,Clark,Columbia,Cowlitz,Douglas,Ferry,Franklin,Garfield,Grant,Grays Harbor,Island,Jefferson,King,Kitsap,Kittitas,Klickitat,Lewis,Lincoln,Mason,Okanogan,Out of WA,Pacific,Pend Oreille,Pierce,San Juan,Skagit,Skamania,Snohomish,Spokane,Stevens,Thurston,Wahkiakum,Walla Walla,Whatcom,Whitman,Yakima,MEAN_ALL,MEAN_0,MEAN_1,MEAN_2,SUM_ALL,SUM_0,SUM_1,SUM_2,VAR_ALL,VAR_0,VAR_1,VAR_2,NTP_0,NTP_1,NTP_2,EVERTT TMP,EVERTT HUMIDITY,EVERTT VIS,SEATTLE TMP,SEATTLE HUMIDITY,SEATTLE VIS,RICHLAND TMP,RICHLAND HUMIDITY,RICHLAND VIS,YAKIMA TMP,YAKIMA HUMIDITY,YAKIMA VIS
15/04/2020,0,0,0,0,2,8,0,1,3,0,51,0,0,1,1,0,71,0,0,1,2,0,0,0,0,0,0,31,0,3,0,38,2,0,1,0,2,5,0,21,0.041271744,0.146642326,0.015627515,0.014056325,8.625794419,6.158977678,1.187691151,1.27912559,0.023673478,0.105351343,0.000150148,0.000107906,42,76,91,62.06,0.511671444,16093,1831.82,100,16093,62.96,1.811168091,16046.5,74.93,0.030917263,16046.5
16/04/2020,1,4,17,2,0,7,0,0,5,0,-33,0,7,0,1,0,77,0,0,1,0,0,1,0,0,0,0,22,0,11,0,44,8,0,4,0,3,4,1,39,0.045460283,0.169024053,0.017021414,0.01546143,9.955802066,7.099010211,1.310648859,1.546142997,0.026872056,0.12295958,0.000157576,0.000113789,42,77,100,60.08,3.668771472,16093,1831.82,100,16093,64.49,1.37962795,16046.5,59.54,0.319123085,16046.5
17/04/2020,0,1,12,3,1,12,0,0,0,0,10,0,4,0,1,0,205,3,0,0,0,0,1,0,0,0,1,64,0,9,0,24,12,0,3,0,0,-2,1,33,0.038200328,0.144371713,0.017275894,0.014708626,9.206278999,6.063611934,1.45117509,1.691491975,0.020901218,0.107733302,0.000136866,0.000124439,42,84,115,64.94,0.038965006,16093,1831.82,100,16093,69.53,0.024391115,16046.5,63.5,0.000529562,16046.5
18/04/2020,0,0,11,1,0,0,0,3,0,0,15,0,7,0,0,0,0,0,0,0,0,0,1,0,0,0,0,0,2,8,0,37,4,1,0,0,1,5,1,52,0.044141797,0.170452249,0.015407431,0.011119709,9.358060976,7.158994455,1.109335006,1.089731514,0.027809735,0.122271492,0.00015707,7.40E-05,42,72,98,60.98,0.473218451,16093,1831.82,100,16093,67.46,0.182560131,16046.5,76.46,0.000190059,16046.5
19/04/2020,1,2,7,6,0,0,0,0,0,0,14,0,3,0,1,1,272,3,0,0,1,0,0,0,0,0,0,57,0,14,0,50,5,0,4,0,0,1,0,45,0.042994454,0.156260419,0.017239057,0.011661805,8.899852048,6.562937616,1.275690194,1.061224237,0.023900157,0.103083159,0.000183602,7.08E-05,42,74,91,55.94,15.39449154,16093,1831.82,100,6974,56.48,17.45050904,16046.5,67.46,0.275517696,16046.5
20/04/2020,0,0,1,2,-1,19,0,3,-2,0,0,0,0,0,0,-1,0,0,0,0,1,0,0,-1,0,2,0,45,0,5,0,20,6,0,1,0,6,1,-2,31,0.041224204,0.154278193,0.014760007,0.013540913,8.945652314,6.479684107,1.166040543,1.299927663,0.023044453,0.104671432,0.000142176,9.76E-05,42,79,96,55.94,15.39449154,16093,1831.82,100,16093,63.5,2.016777261,16046.5,71.51,0.178397807,16046.5
21/04/2020,2,0,12,6,0,10,0,0,27,0,1,0,0,0,0,0,119,0,0,0,0,0,0,0,0,0,0,31,0,7,0,26,2,0,0,0,0,2,0,33,0.037164211,0.150000319,0.014329347,0.012236752,8.882246355,6.300013397,1.175006459,1.407226499,0.021007027,0.10561164,0.000151975,7.30E-05,42,82,115,57.92,11.35514221,16093,1831.82,100,16093,65.3,2.545859043,16062,75.47,0.044481258,16046.5
22/04/2020,1,1,12,7,0,7,0,2,2,0,15,0,4,0,2,0,86,3,0,0,0,0,0,0,0,0,0,17,0,3,0,20,2,0,0,0,1,1,0,18,0.040534572,0.147685195,0.015606824,0.013765394,8.714932896,6.202778202,1.108084489,1.404070206,0.022760332,0.103624231,0.000151622,0.000119607,42,71,102,53.96,11.90677411,16093,1831.82,100,16093,57.02,8.816634209,16046.5,70.07,0.147850717,16046.5
23/04/2020,1,2,27,0,0,-22,0,1,2,0,26,0,-1,0,-8,0,153,3,0,0,1,0,0,2,0,1,0,-44,-1,25,0,7,3,1,2,0,7,1,0,-7,0.054535761,0.166216178,0.010296049,0.010273146,8.071292566,6.981079467,0.566282677,0.523930423,0.032594859,0.098826944,6.77E-05,8.95E-05,42,55,51,51.98,71.94095413,12875,1831.82,100,4559.666667,53.888,73.19428632,7721,63.95,6.348472717,16046.5
24/04/2020,0,0,18,1,0,2,0,1,6,0,6,0,3,0,0,0,105,-1,0,0,3,0,0,0,0,0,0,20,0,3,0,27,10,0,2,0,7,0,1,44,0.054181966,0.179047548,0.015894563,0.011369275,9.319298215,7.519997009,1.128513997,0.670787208,0.033679509,0.118894308,0.00016389,0.00010335,42,71,59,53.96,30.47582249,16093,1831.82,100,16093,58.46,17.00139865,16046.5,67.01,0.291059213,16046.5
25/04/2020,1,1,16,1,1,3,0,3,1,0,11,0,1,0,1,0,102,1,0,0,4,0,0,1,0,0,0,23,0,4,0,54,15,1,3,0,2,2,0,53,0.042765259,0.153477771,0.015052198,0.012512954,8.63858229,6.446066381,1.12891484,1.063601069,0.02432887,0.102999238,0.000138672,7.95E-05,42,75,85,59,5.416526938,16093,1831.82,100,12338,57.92,15.22155978,16046.5,66.47,0.959262015,16046.5
26/04/2020,0,0,6,1,0,1,0,0,2,0,1,0,0,0,-1,0,124,0,0,0,0,0,0,2,0,0,0,9,0,12,0,14,2,-1,-1,0,2,4,0,39,0.041740619,0.15195168,0.014763694,0.013125704,8.682048706,6.381970573,1.092513328,1.207564805,0.023881533,0.104464547,0.00015813,0.000104953,42,74,92,57.92,4.028849011,16093,1831.82,100,16093,60.53,3.055484754,16046.5,68,0.067520853,16046.5
27/04/2020,0,0,4,2,0,11,0,0,3,0,5,0,2,0,4,0,82,3,0,0,0,0,1,1,0,0,0,19,0,6,0,21,0,0,0,0,3,-1,0,19,0.03876744,0.146335904,0.015054136,0.013092445,8.683906521,6.146107967,1.189276759,1.348521795,0.022302104,0.106146236,0.000155049,0.00010762,42,79,103,57.92,4.028849011,16093,1831.82,100,16093,60.53,2.486834218,16046.5,69.08,0.005858665,16046.5
28/04/2020,0,0,6,3,2,5,0,0,0,0,9,0,3,0,4,0,56,1,1,0,0,0,0,1,0,0,0,30,0,3,0,33,3,0,0,0,2,6,0,12,0.042605136,0.150897821,0.016064348,0.012595766,8.606237503,6.337708464,1.172697373,1.095831666,0.024507368,0.104492963,0.000153278,9.79E-05,42,73,87,53.06,24.36248555,16093,1831.82,100,16093,60.98,4.447422151,16046.5,68.45,0.189625039,16046.5
29/04/2020,1,0,7,2,1,4,0,2,2,0,11,0,0,0,0,0,102,0,-1,0,0,0,0,0,0,0,0,13,0,14,0,24,3,0,4,0,5,1,0,36,0.049764321,0.176312031,0.016506306,0.01177526,9.504985368,7.405105297,1.204960344,0.894919727,0.030429129,0.119564079,0.000146469,7.78E-05,42,73,76,51.08,48.80166873,16093,1831.82,100,16093,60.53,11.50880766,16046.5,69.53,0.38673257,16046.5
30/04/2020,0,1,8,10,0,4,0,4,1,0,3,0,4,0,0,0,104,1,0,1,0,0,0,1,0,0,0,16,0,7,0,44,4,0,1,0,5,8,0,46,0.044961374,0.15466653,0.013829837,0.013433879,8.497699676,6.495994275,0.940428942,1.061276458,0.026308207,0.104281623,0.000157638,0.000127268,42,68,79,62.96,16.53029934,16093,64.4,28.00698124,15556.66667,64.49,9.58451178,16046.5,77.36,0.797509611,16062
01/05/2020,0,0,31,5,0,6,0,2,1,0,30,0,4,0,1,0,67,1,1,0,0,0,2,-1,0,0,0,17,0,8,0,20,10,0,1,0,9,3,0,75,0.042594901,0.152294381,0.016369751,0.010134351,8.391195572,6.396364014,1.11314306,0.881688498,0.025168419,0.104254515,0.000137223,6.41E-05,42,68,87,55.94,8.679587841,16093,56,10.10722559,16093,56.48,9.806290254,16046.5,63.5,0.04162653,16046.5
02/05/2020,1,0,33,1,0,1,0,6,3,0,39,0,6,0,0,0,77,0,0,0,0,0,0,0,0,0,0,37,0,8,0,40,-1,0,5,0,11,7,0,69,0.039911037,0.144943079,0.01511855,0.013388691,8.540961935,6.087609321,1.315313852,1.138038762,0.023492496,0.107433935,0.000149588,0.000114822,42,87,85,60.08,2.371536998,16093,63.2,0.310699836,16093,64.04,1.032474286,16046.5,70.07,0.011219816,16046.5
03/05/2020,0,0,24,4,1,0,0,0,0,0,15,0,1,0,0,0,98,0,0,1,0,0,1,0,0,0,0,17,0,9,0,16,3,0,0,0,1,4,0,24,0.045768094,0.155542535,0.017146478,0.011109271,8.512865521,6.532786489,1.080228109,0.899850924,0.026432848,0.102880557,0.000147958,9.72E-05,42,63,81,51.98,42.02228723,16093,51.8,91.6005188,10728.66667,53.96,44.66782957,16046.5,54.95,24.07258473,14437.5
04/05/2020,0,0,14,2,-1,8,0,6,2,0,14,0,10,0,0,0,96,0,-1,0,0,0,0,0,0,0,0,21,0,3,0,28,3,0,2,0,4,1,0,76,0.042859339,0.1546542,0.015757362,0.014290846,9.000461195,6.495476405,1.118772706,1.386212084,0.023777545,0.104664799,0.00015703,0.000114792,42,71,97,50,18.48059619,14484,48.2,53.66936309,11801.66667,54.95,5.842190387,16046.5,63.05,0.00980779,16046.5
05/05/2020,0,0,5,5,1,1,0,1,0,0,2,0,0,0,-1,0,76,0,0,-1,0,0,0,0,0,0,0,19,0,7,0,12,1,0,0,0,1,1,0,17,0.042637334,0.151861707,0.014749466,0.014585021,8.783290713,6.378191681,1.17995728,1.225141753,0.023689714,0.10261745,0.000139493,0.000104538,42,80,84,62.06,0.67889296,16093,63.2,2.127376825,16093,62.96,1.071996163,16046.5,69.53,0.010542767,16046.5
06/05/2020,1,0,11,12,0,4,0,2,11,0,8,0,-1,0,4,0,83,1,1,1,0,0,0,0,0,0,0,21,0,15,0,35,6,0,3,0,3,6,0,60,0.039845308,0.149105405,0.017041829,0.012903237,8.925349077,6.262427004,1.295178995,1.367743079,0.02241294,0.106243545,0.00016343,0.00011423,42,76,106,66.92,3.876041676,16093,69.8,4.058385523,16093,69.98,3.074087778,16046.5,76.46,0.045890673,16046.5
07/05/2020,0,0,2,2,0,1,0,0,3,0,14,0,0,1,1,0,105,3,0,1,1,0,2,0,0,0,0,42,0,10,0,43,1,0,-1,0,1,4,0,98,0.040074399,0.153029703,0.016347109,0.012844317,9.056814074,6.427247535,1.242380273,1.387186266,0.022255453,0.105460056,0.000139886,0.00013442,42,76,108,55.94,6.926119057,16093,60.2,1.040197269,16093,61.07,3.675038742,16046.5,60.53,0.299138681,16046.5
08/05/2020,0,0,9,1,0,5,0,2,4,0,3,0,1,0,-1,0,54,0,0,0,0,0,0,0,0,4,0,14,0,2,0,7,1,0,0,1,0,1,1,32,0.036384555,0.147946635,0.015352316,0.010331425,8.69590863,6.213758657,1.366356123,1.11579385,0.021479645,0.108710261,0.000147471,6.21E-05,42,89,108,60.98,7.208794772,16093,66.2,1.999641343,16093,65.48,2.391360123,16046.5,66.92,0.092368056,16046.5
09/05/2020,0,0,16,3,0,-1,0,1,5,0,4,0,1,1,1,1,84,1,2,0,0,0,0,1,0,1,0,29,1,6,0,30,0,0,2,0,2,1,0,107,0.037116014,0.146362447,0.01731116,0.01220012,9.056307517,6.147222785,1.506070932,1.403013799,0.020974481,0.108965241,0.000147301,8.58E-05,42,87,115,73.04,0.777825631,16093,77.6,0.355487836,16093,78.53,0.503822571,16046.5,74.48,0.089705954,16046.5
10/05/2020,0,0,2,5,0,5,0,1,5,0,4,0,0,-1,1,0,60,0,1,0,0,0,0,3,0,0,0,23,0,4,0,17,1,0,4,0,0,3,0,95,0.035845683,0.144240347,0.017595714,0.011946272,9.104803459,6.058094555,1.601210015,1.445498889,0.020232276,0.109743321,0.000186126,8.03E-05,42,91,121,77,0.868678212,16093,83.6,0.300708563,16093,84.02,0.270651186,16046.5,79.52,0.054576241,16046.5
11/05/2020,0,0,9,1,0,1,0,0,2,0,8,0,2,0,0,0,61,1,22,1,0,0,0,0,0,0,0,20,0,1,0,9,2,0,0,1,4,5,0,83,0.044199803,0.168202549,0.016901809,0.013965783,9.856556097,7.064507062,1.521162773,1.270886261,0.026510625,0.123548434,0.000157204,0.000109025,42,90,91,75.92,1.794997334,16093,83.6,0.337620275,16093,85.01,0.57953317,16046.5,79.52,0.046913719,16046.5
12/05/2020,1,0,2,1,0,10,0,0,0,0,2,0,0,0,0,0,69,0,0,1,2,0,1,5,0,0,0,11,0,4,0,21,1,0,1,0,3,2,0,52,0.046247089,0.157694099,0.016912259,0.008216831,8.416970131,6.623152154,1.25150715,0.542310826,0.02692059,0.101845244,0.000177621,4.94E-05,42,74,66,60.08,28.91342309,14484,54.8,57.43972665,14483.66667,60.53,4.205494461,16046.5,72.5,0.121280693,16046.5
13/05/2020,0,0,7,3,0,15,0,0,2,0,0,0,2,0,2,0,75,0,0,1,1,0,1,-1,0,0,0,11,0,5,0,9,2,0,0,0,-1,1,1,30,0.063078346,0.202032488,0.014461032,0.012689051,10.09253537,8.485364497,0.896584003,0.710586868,0.041766984,0.13481344,0.000114464,0.000126111,42,62,56,59,11.86386776,16093,56,64.64810767,13411,57.02,33.03829958,16046.5,64.04,5.204677923,16046.5
14/05/2020,0,0,10,10,0,3,0,2,4,0,5,0,0,0,0,0,78,1,-1,0,-1,0,0,2,0,0,0,22,0,5,0,19,6,0,1,0,0,2,0,56,0.042528811,0.156936342,0.019929923,0.01136489,9.313809623,6.591326378,1.654183624,1.068299621,0.022711349,0.10335906,0.000241641,0.000108773,42,83,94,62.51,2.573818826,16093,62.6,4.244476022,16093,63.05,4.533588469,16046.5,68.54,0.300383108,16046.5
15/05/2020,0,0,10,7,2,2,0,0,4,0,6,0,0,1,0,0,35,0,8,0,0,0,0,4,0,0,0,10,0,7,0,17,0,0,-1,0,0,1,0,50,0.038930905,0.153518742,0.019813494,0.013140695,9.927380727,6.447787178,2.020976368,1.458617181,0.019548035,0.104361051,0.000169138,6.12E-05,42,102,111,60.98,4.859920504,16093,57.8,43.99359977,13947.33333,65.48,1.893995052,16046.5,67.01,0.797631692,16046.5
16/05/2020,0,0,12,2,0,4,0,0,1,0,8,0,0,1,0,1,101,2,4,0,2,0,0,2,0,0,0,18,0,2,0,17,3,0,1,0,1,3,0,165,0.039098662,0.150133708,0.013611553,0.013617748,8.797199031,6.305615752,1.020866448,1.47071683,0.022675472,0.107825997,0.000135914,0.000109644,42,75,108,62.96,3.651235093,16093,66.2,3.674036608,16093,66.47,2.501851207,16046.5,71.51,0.258853031,16046.5
17/05/2020,0,0,6,4,0,2,0,0,1,0,3,0,1,0,0,0,46,1,1,2,0,0,1,3,0,0,0,26,0,0,0,11,4,0,1,0,1,6,0,36,0.046219184,0.157931988,0.015659774,0.012851677,8.689206538,6.633143499,1.002225535,1.053837504,0.026215835,0.102673998,0.000138973,0.000108102,42,64,82,62.06,18.75054916,16093,63.8,51.55015219,16093,61.52,41.75994023,16046.5,70.52,0.681954606,16046.5
18/05/2020,0,0,10,2,0,0,0,0,3,0,12,0,1,0,0,0,43,0,5,0,1,0,2,0,0,0,0,7,0,1,0,13,3,0,0,0,0,5,0,117,0.043005974,0.156625999,0.01431433,0.012321164,8.68720668,6.57829197,0.987688743,1.121225968,0.024679996,0.103790079,0.000131162,0.000129826,42,69,91,62.06,12.88554325,16093,65.6,6.379126177,16093,66.47,2.501851207,16046.5,62.96,8.787381665,16046.5
19/05/2020,0,0,9,4,0,3,0,1,1,0,8,0,-1,0,0,0,50,1,4,1,0,0,0,0,0,0,0,17,0,0,0,21,8,1,0,0,-1,1,0,74,0.050458398,0.177370907,0.016515772,0.012561075,9.637554023,7.449578093,1.32126178,0.86671415,0.030554146,0.120015554,0.000160592,6.19E-05,42,80,69,64.04,9.77126636,16093,68,4.714456648,16093,64.94,7.3428682,16046.5,64.49,5.531300001,16046.5
20/05/2020,0,0,8,4,4,1,0,1,2,0,2,0,2,0,0,0,37,0,5,-1,0,0,0,0,0,0,0,12,0,0,0,8,4,0,0,0,0,1,0,74,0.061742482,0.200794285,0.01895677,0.01866473,10.99016177,8.433359968,1.194276521,1.362525284,0.037469774,0.135220625,0.000196254,0.000181322,42,63,73,62.96,11.35142532,16093,60.8,25.3016841,44061.66667,63.95,9.147360168,16046.5,62.51,20.05310575,16046.5
21/05/2020,0,0,6,12,0,2,0,1,5,0,6,0,0,0,1,0,28,0,0,0,0,0,0,2,0,0,0,3,0,0,0,20,6,0,0,0,0,3,0,33,0.05491072,0.166506873,0.00958751,0.013051982,8.23660807,6.993288678,0.460200492,0.7831189,0.032679261,0.100814031,5.98E-05,0.000105749,42,48,60,53.96,64.74278827,4023,59,27.0837221,16093,57.47,25.26423149,16046.5,68.54,0.874069929,16046.5
22/05/2020,0,0,8,6,0,5,0,0,2,0,8,0,1,1,0,0,39,-1,0,0,0,0,1,0,0,0,0,9,0,0,0,17,16,0,0,0,0,0,0,43,0.054383761,0.17846412,0.016066505,0.014146839,9.517158239,7.495493031,1.172854878,0.84881033,0.033388331,0.120536379,0.000151106,9.74E-05,42,73,60,53.06,16.5500955,16093,57.2,5.685899897,16093,51.98,38.83178358,16046.5,61.07,0.230224949,16046.5
23/05/2020,0,0,0,0,0,0,0,0,0,0,0,0,0,0,0,0,0,0,0,0,0,0,0,0,0,0,0,0,0,0,0,0,0,0,0,0,0,0,0,0,0.048214951,0.157220438,0.014005823,0.009884588,8.100111794,6.603258407,0.854355188,0.642498199,0.02935378,0.103009956,0.000126624,8.03E-05,42,61,65,53.96,17.6961454,16093,59,8.094021247,16093,59.99,6.86331881,16046.5,64.04,0.381248568,16046.5
24/05/2020,3,0,22,25,0,11,0,1,18,0,19,0,1,0,0,0,114,1,6,0,0,0,0,1,0,0,1,28,0,0,0,32,40,0,3,0,1,5,0,218,0.03986951,0.152495937,0.014635119,0.010614557,8.532075244,6.404829341,1.097633898,1.029612005,0.023783572,0.106971724,0.000109401,8.78E-05,42,75,97,60.08,2.90088138,16093,60.8,5.69913299,16093,63.5,2.248617348,16046.5,71.51,0.075892409,16046.5
25/05/2020,0,1,8,2,0,2,0,1,0,0,4,0,0,0,0,0,43,0,3,0,0,0,0,1,0,0,0,6,0,0,0,9,17,0,2,0,1,1,0,146,0.040566117,0.150121965,0.016467603,0.010902375,8.559450765,6.305122519,1.218602603,1.035725642,0.023760951,0.105904982,0.000149212,6.52E-05,42,74,95,62.96,6.685077048,16093,69.2,2.454733804,16093,68.54,3.085751502,16046.5,76.46,0.313123065,16046.5
26/05/2020,0,0,23,2,0,9,0,0,0,0,7,0,0,0,0,0,9,0,0,0,0,0,0,0,0,0,0,4,0,1,0,12,3,0,1,0,0,9,0,50,0.048320583,0.169628898,0.012577298,0.008313643,8.456101982,7.124413731,0.666596804,0.665091448,0.028243946,0.099861806,6.22E-05,3.87E-05,42,53,80,53.96,86.6818898,1005.5,62.6,60.24454069,16093,60.98,47.79252847,16062,73.04,4.043224261,16046.5
27/05/2020,0,0,6,3,0,3,0,0,5,0,3,0,4,0,0,0,28,0,5,0,0,0,0,1,0,0,0,90,0,1,0,11,19,0,1,0,0,2,0,40,0.042616646,0.154743707,0.015723501,0.010684821,8.565945877,6.499235708,1.147815539,0.91889463,0.025059672,0.105542171,0.000140466,7.13E-05,42,73,86,64.04,9.77126636,16093,62.6,22.39333548,16093,64.94,13.63119704,16046.5,81.5,0.217818226,16046.5
28/05/2020,1,0,9,2,0,25,0,0,2,0,10,0,4,0,0,0,60,0,0,0,0,0,0,2,0,0,0,28,0,0,0,10,15,1,1,0,0,3,0,183,0.037951779,0.148743802,0.016892257,0.012387444,9.070475255,6.247239673,1.435841839,1.387393743,0.021143606,0.106871652,0.000154436,9.94E-05,42,85,112,66.92,2.623784096,16093,74,1.353493511,16093,73.94,1.71456874,16046.5,82.94,0.002961683,16046.5
29/05/2020,5,0,15,6,0,28,0,0,3,0,12,0,4,0,1,0,26,0,3,0,0,0,1,0,0,0,0,25,0,2,0,8,24,0,1,0,0,0,0,138,0.038883438,0.14874379,0.01640366,0.010841797,8.709890169,6.24723918,1.443522073,1.019128915,0.021928164,0.10357832,0.000152717,5.04E-05,42,88,94,71.96,3.447598483,16093,80,0.757446158,16093,78.53,0.986261114,16046.5,86.54,0.034618263,16046.5
30/05/2020,3,0,19,2,0,32,0,0,2,0,14,0,1,0,0,0,44,0,4,0,1,0,0,-1,0,0,0,13,0,2,0,11,27,0,2,0,1,9,0,89,0.042196231,0.152658023,0.015283971,0.011677837,8.56583491,6.411636962,1.161581779,0.992616169,0.024970946,0.106773248,0.000163154,8.93E-05,42,76,85,57.92,20.07587609,16093,77,1.84290724,16093,75.92,2.119711027,16046.5,91.04,0.094796369,16046.5
31/05/2020,1,0,18,2,0,5,0,0,3,0,25,0,1,1,0,0,99,0,1,1,1,0,1,3,0,0,0,15,0,2,0,11,14,0,12,0,-1,4,0,127,0.058529392,0.193739943,0.017186233,0.007763462,9.657349676,8.137077589,1.031173963,0.489098124,0.035107727,0.114900109,0.000204542,3.13E-05,42,60,63,51.98,71.94095413,8047,52.4,100,4559.666667,53.96,72.79246881,3212.666667,84.92,1.577525452,16000
01/06/2020,0,0,16,2,0,2,0,0,0,0,24,0,4,0,0,1,31,1,0,0,0,0,0,0,0,0,0,3,0,1,0,9,4,0,4,0,0,2,0,164,0.040345017,0.151978683,0.015032081,0.010602025,8.553143591,6.383104697,1.247662742,0.922376152,0.023847746,0.106260608,0.000146488,0.00011191,42,83,87,55.04,21.76037828,16093,60.8,4.307204134,16093,61.52,5.097129758,16046.5,73.22,0.230712858,16046.5
02/06/2020,0,0,13,0,0,30,0,1,0,0,12,0,0,0,3,0,54,0,1,3,0,0,0,1,0,0,0,10,0,3,0,11,12,0,1,0,2,3,0,68,0.038564955,0.150046123,0.014532926,0.010274949,8.484290125,6.301937161,1.206232853,0.976120111,0.023224281,0.107843734,0.000125789,8.79E-05,42,83,95,60.98,6.039451925,16093,68,0.220216348,16093,66.92,1.742658539,16046.5,78.44,0.046096298,16046.5
03/06/2020,10,0,15,4,2,4,0,2,0,0,22,0,3,1,0,0,87,1,0,0,0,0,0,2,0,0,0,18,0,5,1,4,15,2,2,0,0,1,4,121,0.058545946,0.168892755,0.01872486,0.007847429,8.489162135,7.0934957,1.011142418,0.384524018,0.032819839,0.097262647,0.000246095,4.71E-05,42,54,49,59,29.10256433,16093,59,30.47202724,15556.66667,59,20.37971234,16046.5,79.52,0.218221799,16046.5
04/06/2020,4,0,14,1,0,0,0,0,1,0,10,0,1,0,0,0,54,0,-1,1,0,0,0,1,0,0,0,23,0,3,-1,8,21,0,0,0,1,2,0,93,0.042093362,0.153548021,0.013881974,0.011375755,8.460765689,6.449016882,1.124439916,0.887308892,0.025067476,0.105798318,0.000125147,7.74E-05,42,81,78,60.08,8.223548252,16093,65,6.033583778,16093,64.49,5.460853442,16046.5,80.06,0.075137667,16046.5
05/06/2020,1,0,21,5,0,0,0,0,4,0,28,0,2,1,0,0,53,1,0,1,0,0,1,-1,0,0,0,16,0,4,0,15,16,0,3,0,0,1,0,110,0.041024589,0.15047169,0.015206227,0.010938257,8.410040774,6.319810974,1.09484837,0.99538143,0.024531573,0.10622505,0.000131532,7.12E-05,42,72,91,64.04,3.900916316,16093,68,1.752822603,16093,68,3.297091552,16046.5,76.46,0.195393557,16046.5
06/06/2020,1,0,33,1,0,9,0,2,0,0,34,0,1,0,0,0,46,1,0,3,0,0,0,4,0,0,0,12,0,-1,0,11,49,0,6,0,2,4,0,225,0.049738332,0.153558397,0.017601038,0.0091755,8.107348162,6.449452679,1.144067455,0.513828028,0.030277139,0.104332305,0.00019193,5.48E-05,42,65,56,62.06,18.75054916,16093,66.2,5.787061366,16093,64.49,8.55706728,16046.5,72.5,0.503782957,16046.5
07/06/2020,0,0,24,1,0,3,0,3,1,0,18,0,1,0,0,0,40,0,1,0,0,0,1,0,0,0,0,15,0,0,0,8,14,0,3,0,3,1,0,143,0.047422117,0.157164124,0.018868826,0.008735339,8.53598107,6.600893206,1.358555477,0.576532386,0.027320235,0.102713273,0.000180701,4.54E-05,42,72,66,58.1,16.71016905,15556.66667,59,15.95089388,16093,59.45,12.22520321,16046.5,64.49,0.917094048,16046.5
08/06/2020,0,0,29,0,0,4,0,5,0,0,24,0,2,0,1,0,39,0,1,2,0,0,0,0,0,0,0,6,0,1,0,6,26,0,4,0,0,9,0,156,0.049654807,0.163313224,0.014936769,0.010292478,8.44131723,6.859155412,0.85139586,0.730765957,0.029033506,0.101732759,0.000140323,9.26E-05,42,57,71,60.98,8.871917361,16093,56,77.66120615,13947.66667,62.51,12.11848429,16046.5,68.54,0.394301956,16046.5
09/06/2020,1,0,20,2,0,5,0,3,0,0,18,0,4,0,-1,0,33,5,0,2,0,0,1,0,0,1,0,10,0,0,0,25,16,0,1,0,1,1,0,169,0.0425985,0.150659298,0.014214773,0.012147372,8.349306007,6.327690497,1.0376784,0.983937111,0.025401791,0.105203413,0.00012935,7.92E-05,42,73,81,60.98,6.039451925,16093,62.6,3.796572566,16093,61.52,5.097129758,16046.5,64.04,0.506777966,16046.5
10/06/2020,0,0,0,0,0,0,0,0,0,0,0,0,0,0,0,0,0,0,0,0,0,0,0,0,0,0,0,0,0,0,0,0,0,0,0,0,0,0,0,0,0.057321406,0.165812256,0.011783838,0.010658338,8.082318242,6.964114762,0.65989494,0.45830854,0.033933562,0.098531232,7.43E-05,6.49E-05,42,56,43,62.06,38.40531241,16093,64.4,36.13918148,16093,60.755,62.26308557,9132.5,71.51,3.723844366,16046.5
11/06/2020,9,0,62,4,1,24,0,12,0,0,62,0,13,0,1,0,21,0,0,5,0,0,0,0,0,0,0,28,-1,2,0,11,9,2,1,0,1,8,1,154,0.058488391,0.182979265,0.013817974,0.008992965,8.948723756,7.685129147,0.759988587,0.503606021,0.03743583,0.116653704,0.00012633,5.03E-05,42,55,56,68,13.55083261,16093,69.2,33.01257692,16093,70.07,15.51238197,16046.5,81.95,0.405021889,16046.5
12/06/2020,0,1,34,3,0,9,0,1,0,0,21,0,6,1,0,0,61,3,2,0,1,0,0,1,0,1,0,19,1,2,0,32,13,0,11,0,0,8,6,141,0.04585899,0.156642546,0.015789771,0.012504728,8.621490032,6.578986923,1.042124869,1.00037824,0.025932255,0.101696564,0.000141318,8.16E-05,42,66,80,66.92,11.25846999,16093,69.2,19.43877372,16093,69.53,3.995298825,16046.5,79.97,1.094657611,16046.5
13/06/2020,1,0,31,1,1,7,0,3,2,0,25,0,12,0,0,0,83,3,0,3,0,0,0,0,0,0,0,14,0,3,0,22,13,0,4,0,0,4,0,136,0.059477909,0.168114295,0.0138565,0.006585202,8.029517768,7.060800377,0.678968498,0.289748892,0.03554353,0.098391649,0.000134301,3.65E-05,42,49,44,55.94,38.38570724,16093,58.4,48.49759816,16093,56.93,48.95612324,16046.5,71.06,2.961693744,16046.5
14/06/2020,1,0,26,1,0,6,0,2,5,0,24,0,6,0,0,0,28,0,0,0,0,0,1,0,0,1,0,23,0,4,0,7,16,0,3,0,0,8,0,119,0.046334502,0.164204286,0.015929347,0.01424525,9.266900359,6.896580009,1.130983625,1.239336725,0.024710799,0.101517773,0.000143859,7.45E-05,42,71,87,55.94,31.82227481,16093,55.4,69.16540139,16093,59.54,18.58346788,16046.5,64.49,1.179060517,16046.5
15/06/2020,2,0,39,0,0,3,0,2,-2,0,50,0,5,0,0,1,63,2,0,1,1,0,0,1,0,0,0,9,0,2,0,16,13,0,0,0,2,5,0,66,0.041201787,0.153527664,0.013417229,0.010983651,8.40516454,6.448161897,0.979457702,0.977544941,0.024765031,0.106002609,9.24E-05,7.96E-05,42,73,89,60.98,4.859920504,16093,63.8,3.14979267,16093,64.49,3.331808959,16046.5,70.97,0.1175686,16046.5
16/06/2020,7,0,47,0,0,9,0,9,0,0,59,0,4,0,1,0,65,0,0,3,1,0,0,0,0,0,0,18,1,1,0,19,13,0,7,0,2,2,2,147,0.042757842,0.156038537,0.019334316,0.011828792,9.192935932,6.553618575,1.527410926,1.111906432,0.023057067,0.103448791,0.000164419,8.34E-05,42,79,94,55.94,22.3164578,16093,61.4,26.29702885,16093,61.52,11.88279315,16046.5,61.07,23.83198612,16046.5
17/06/2020,1,0,18,3,3,1,0,2,1,0,39,0,42,1,1,0,35,2,0,0,1,0,1,3,0,0,0,18,0,5,0,16,24,1,0,0,2,2,-1,54,0.038111164,0.150825171,0.016251328,0.012980547,9.261012882,6.334657175,1.576378813,1.349976894,0.020822651,0.106494555,0.000168449,0.000106933,42,97,104,60.08,11.96465966,16093,65,11.79633003,16093,66.92,1.742658539,16046.5,66.47,1.733477595,16046.5
18/06/2020,0,0,32,3,0,8,0,4,5,0,37,0,18,0,0,0,78,2,0,3,2,0,0,1,0,0,0,20,0,5,0,13,10,0,4,0,3,10,2,126,0.046553557,0.155417668,0.013598274,0.011836425,8.239979601,6.527542076,0.883887798,0.828549728,0.02822075,0.104916099,0.000109282,8.08E-05,42,65,70,64.04,14.24180417,16093,72.2,2.973215197,16093,71.96,4.622558117,16046.5,81.05,0.130405522,16046.5
19/06/2020,1,0,45,-1,1,-3,1,6,-3,0,32,0,20,1,2,1,98,3,2,-1,4,0,0,1,0,0,0,31,0,5,2,8,22,0,8,0,2,7,-2,138,0.05282198,0.198772973,0.014568789,0.012722835,10.45875204,8.348464846,0.990677673,1.119609516,0.033725687,0.133919588,0.000117568,0.000111557,42,68,88,69.08,7.287153009,16093,75.8,2.15561552,16093,76.01,2.134848963,16046.5,84.02,0.093914071,16046.5
20/06/2020,0,0,47,2,0,7,0,6,2,0,80,0,6,2,2,0,93,4,1,0,0,0,1,0,0,0,0,28,1,3,0,18,52,0,3,0,3,12,0,214,0.039932996,0.149861695,0.015443401,0.01131284,8.545661166,6.294191211,1.142811663,1.108658291,0.023260516,0.105031922,0.000133164,6.46E-05,42,74,98,71.96,7.076469037,16093,79.4,2.910970083,16093,78.53,3.230841685,16046.5,88.52,0.192637001,16046.5
21/06/2020,0,0,66,5,0,5,0,9,5,0,85,0,19,0,0,0,57,1,3,0,2,0,0,0,0,0,0,23,1,3,0,11,20,1,-1,0,3,13,2,154,0.045509699,0.161224634,0.011451143,0.009451811,8.191745806,6.771434648,0.664166311,0.756144848,0.027384623,0.10146134,7.18E-05,5.28E-05,42,58,80,71.06,17.05852019,16093,71,26.38538969,16093,68.45,38.13554332,13632.5,79.52,3.476832502,16046.5
22/06/2020,6,0,11,1,0,7,0,0,3,0,28,0,3,-1,-1,0,42,1,1,1,0,0,1,0,0,1,0,7,1,0,-2,12,11,0,5,0,5,0,-2,43,0.041945275,0.153893441,0.014529985,0.011060572,8.514890833,6.46352452,1.133338826,0.918027487,0.024916584,0.106166097,0.000113747,9.06E-05,42,78,83,59,20.04906789,16093,69.8,6.818462069,16093,69.08,7.287153009,16046.5,84.02,0.284535994,16046.5
23/06/2020,1,0,26,3,0,6,6,4,-1,0,29,0,29,0,0,0,113,4,1,1,1,0,0,0,0,0,0,33,0,1,1,80,36,-1,5,0,4,22,3,109,0.039541392,0.1483438,0.016875503,0.011414555,8.699106236,6.230439586,1.350040216,1.118626434,0.023215488,0.108561862,0.000120233,8.08E-05,42,80,98,71.06,3.862485814,16093,78.8,1.662866985,16093,79.52,0.866766469,16046.5,90.5,0.188143216,16046.5
24/06/2020,0,0,61,4,0,11,0,4,10,0,71,0,9,1,1,2,87,3,9,2,2,0,0,0,0,0,0,40,1,2,-1,17,48,0,5,0,0,33,-1,55,0.043779307,0.155710868,0.017501194,0.005995004,8.405626957,6.539856444,1.470100263,0.39567025,0.025552252,0.102129049,0.000152728,3.20E-05,42,84,66,69.98,14.41363827,16093,80.6,7.701728736,16093,77.54,6.871360206,16046.5,95.99,0.290363778,16046.5
25/06/2020,1,0,32,3,0,10,0,5,3,0,45,0,24,0,3,1,120,2,3,0,1,0,3,0,0,-1,0,39,-1,3,0,25,29,0,-2,1,3,20,3,117,0.050752558,0.178794905,0.016532667,0.009195244,9.236965579,7.509386029,0.991959991,0.73561956,0.032070812,0.119321515,0.000157438,8.03E-05,42,60,80,69.98,22.92938181,16093,76.4,13.84219705,16093,77.54,10.89989793,16046.5,86,0.48897004,16046.5
26/06/2020,2,0,25,9,1,4,0,8,8,0,40,0,9,0,0,0,99,5,1,1,4,0,-1,1,0,0,0,21,0,2,1,35,46,0,0,0,1,14,0,152,0.040771133,0.151979002,0.015414108,0.009089474,8.317311174,6.383118095,1.125229895,0.808963183,0.024469334,0.104790369,0.000144237,5.45E-05,42,73,89,73.04,13.38992258,16093,78.8,5.599670287,16093,80.06,4.742659119,16046.5,91.04,0.265732403,16046.5
27/06/2020,1,0,76,9,1,7,0,4,7,0,64,0,10,1,1,1,137,6,4,1,3,1,1,3,0,0,0,44,0,9,0,25,35,0,6,0,4,11,4,69,0.048146848,0.182023362,0.016317776,0.008582735,9.533075811,7.644981191,1.158562114,0.729532506,0.029610443,0.118573173,0.00015037,4.15E-05,42,71,85,64.94,20.29316679,16093,77.6,12.05332398,16093,77.99,4.050957497,16046.5,95,0.344260953,16046.5
28/06/2020,17,1,29,1,1,5,0,0,7,0,23,0,15,1,0,0,86,2,5,2,4,0,1,0,0,1,0,20,0,1,0,7,14,1,7,0,6,1,0,92,0.048104114,0.154637149,0.016347625,0.01497461,8.658740514,6.494760244,1.160681395,1.003298875,0.027504367,0.104360067,0.000143156,0.000192264,42,71,67,55.22,37.30628309,16093,61.4,14.23470049,16093,63.05,12.67684897,16046.5,76.01,0.269816189,16046.5
29/06/2020,0,0,32,10,0,3,0,2,3,0,32,0,15,0,0,1,124,-1,5,1,0,0,0,3,0,0,1,25,0,9,0,25,43,0,4,0,3,15,0,88,0.040694121,0.151136461,0.01601108,0.014842024,9.156177113,6.347731354,1.264875297,1.543570463,0.022195191,0.105304247,0.000124621,0.000141702,42,79,104,66.92,8.014366793,16093,66.8,15.07909642,16093,68.54,7.119533129,16046.5,61.52,20.04923511,15046.5
30/06/2020,4,0,13,5,0,31,0,7,0,0,30,0,24,1,0,0,158,9,1,-1,1,1,3,7,0,4,0,54,0,7,1,45,108,1,12,0,5,7,1,63,0.04650205,0.159082045,0.012571983,0.011982105,8.370369086,6.681445876,0.754318997,0.934604213,0.027407861,0.102453862,9.16E-05,7.34E-05,42,60,78,69.98,10.5171256,16093,69.8,19.75051005,16093,70.07,12.46791048,16046.5,83.48,0.220379345,16046.5
01/07/2020,8,0,67,17,0,18,0,8,9,0,57,0,0,-1,1,0,127,4,3,0,3,0,1,8,0,0,0,26,0,8,0,27,45,0,8,0,4,13,0,57,0.046326944,0.157580141,0.014941516,0.01210068,8.524157698,6.618365916,0.986140084,0.919651698,0.026895754,0.10315574,0.000153811,0.000115364,42,66,76,57.065,54.96623117,3419.75,62.6,18.41695173,16093,64.94,9.545510001,16046.5,72.5,0.467479027,16046.5
02/07/2020,4,0,56,28,5,19,0,15,11,0,57,0,7,0,2,0,231,5,9,7,3,0,1,2,0,1,0,57,0,1,1,53,54,0,11,0,1,14,2,142,0.078150383,0.189933322,0.019489895,0.006846778,9.065444468,7.977199504,0.896535177,0.191709787,0.047730102,0.113475021,0.000226709,3.07E-05,42,46,28,57.92,64.72964737,11265,63.2,20.4336389,16093,60.53,32.4203841,16046.5,70.52,0.854158321,16046.5
03/07/2020,1,0,35,13,1,22,0,5,12,0,39,0,11,0,1,0,149,9,0,0,-1,0,1,1,0,0,0,54,0,4,1,51,86,1,10,0,5,10,-2,79,0.04296629,0.159142775,0.014883025,0.009857382,8.593257956,6.683996534,1.041811762,0.86744966,0.024848368,0.102708771,0.000152628,5.39E-05,42,70,88,62.96,11.35142532,16093,65,14.21195855,16093,64.49,12.3486595,16046.5,80.51,0.219221132,16046.5
04/07/2020,3,0,26,4,0,130,0,-3,8,0,47,0,7,0,1,0,98,2,0,1,5,0,0,4,0,0,1,48,0,17,0,22,22,0,5,0,1,4,1,47,0.042066956,0.156364765,0.017384837,0.008928203,8.665792986,6.567320143,1.303862749,0.794610094,0.0241251,0.103343608,0.000166201,4.71E-05,42,75,89,62.96,16.53029934,16093,65.6,17.65478044,16093,64.49,11.14083509,16046.5,80.51,0.265684725,16046.5
05/07/2020,16,0,41,11,1,2,0,4,6,0,58,0,16,0,1,1,159,2,6,0,0,0,0,26,0,0,0,55,0,0,2,35,51,1,2,0,3,4,0,93,0.039766899,0.15339436,0.013640918,0.010363386,8.470349582,6.442563111,1.063991614,0.963794857,0.023727075,0.105783104,0.000143753,6.57E-05,42,78,93,66.02,9.037710201,16093,71,4.247578396,16093,70.52,3.520194734,16046.5,82.49,0.246962467,16046.5
06/07/2020,30,0,80,33,2,11,0,2,24,0,140,0,151,5,-2,2,164,5,12,0,2,0,1,34,0,0,0,44,1,8,1,26,106,0,1,0,7,6,0,145,0.040668782,0.150115368,0.0142161,0.011579008,8.418437838,6.304845441,1.094639733,1.018952664,0.024406364,0.106824744,0.000140763,6.61E-05,42,77,88,69.08,7.287153009,16093,72.8,3.469717998,16093,73.04,2.783960987,16046.5,83.48,0.220379345,16046.5
07/07/2020,7,0,58,6,1,29,0,8,5,0,75,0,6,1,2,0,77,3,2,3,1,0,1,1,0,0,2,30,0,1,4,42,55,0,9,0,6,8,0,62,0.048772384,0.154461343,0.015143907,0.013723306,8.340077744,6.487376385,0.878346618,0.97435474,0.028952738,0.10451074,0.000137002,0.000103709,42,58,71,64.94,12.59574129,16093,69.8,6.844665197,16093,69.08,6.038797516,16046.5,87.08,0.225302159,16046.5
08/07/2020,-4,0,29,40,0,28,0,11,17,0,27,0,11,0,1,0,102,10,2,3,1,0,0,7,0,0,0,54,0,9,4,24,56,0,5,0,2,4,0,57,0.047696965,0.15305995,0.015854269,0.012972955,8.346968943,6.428517891,1.062236004,0.856215049,0.028182012,0.104135823,0.000164518,0.000145707,42,67,66,57.56,45.10327381,16093,66.2,28.43978063,16093,66.02,16.37124774,16046.5,74.48,0.585879118,16046.5
09/07/2020,19,0,60,9,1,14,0,5,7,0,72,0,18,1,3,0,135,8,3,3,6,0,0,1,0,0,0,63,0,4,1,31,33,1,6,0,4,4,5,115,0.058186416,0.222041072,0.014450215,0.0107972,11.17179196,9.325725018,0.895913342,0.950153604,0.040186972,0.151624625,0.000148804,7.09E-05,42,62,88,68,11.69812739,16093,73.4,4.792843526,16093,72.5,4.359748145,16046.5,81.5,0.277404201,16046.5
10/07/2020,4,0,55,23,3,29,0,7,16,1,69,0,22,5,1,0,149,8,0,0,4,0,0,18,0,0,1,64,0,2,3,40,51,2,12,0,5,3,0,66,0.044178187,0.154734164,0.015990978,0.010987729,8.482211923,6.498834882,1.0713955,0.911981542,0.025929405,0.104260523,0.000174621,0.000101141,42,67,83,60.08,24.86932763,16093,69.8,23.44649294,16093,70.52,14.6454107,16046.5,76.46,2.262719294,14437.5
11/07/2020,0,0,0,0,0,0,0,0,0,0,0,0,0,0,0,0,0,0,0,0,0,0,0,0,0,0,0,0,0,0,0,0,0,0,0,0,0,0,0,0,0.058663787,0.221849169,0.017043862,0.013075975,11.61542986,9.317665082,1.107851019,1.189913761,0.0391737,0.153166728,0.000154784,8.14E-05,42,65,91,69.98,7.575409942,16093,75.2,6.398340845,16093,72.5,5.534992581,16046.5,84.47,0.239611287,16046.5
12/07/2020,16,0,103,39,6,32,1,27,32,2,116,1,36,5,3,0,257,14,11,2,5,0,5,24,0,0,1,126,0,32,1,107,160,4,30,0,15,18,1,188,0.045608924,0.160847223,0.01428095,0.008991272,8.392042095,6.755583361,0.971104601,0.665354133,0.026932142,0.102246473,0.000139243,4.70E-05,42,68,74,60.98,25.4102166,16093,65.6,17.65478044,16093,64.49,15.62260516,16046.5,83.03,0.183070854,16046.5
13/07/2020,6,0,46,37,4,13,0,19,16,0,68,0,57,8,0,2,252,15,5,1,7,0,2,29,0,0,3,72,2,14,5,67,70,1,24,0,11,8,0,203,0.040717308,0.15149369,0.013823619,0.011968884,8.509917387,6.362734984,1.10588949,1.041292913,0.024262854,0.106910594,0.000138626,8.40E-05,42,80,87,62.06,10.96821302,16093,71,5.961703374,16093,70.52,4.481340194,16046.5,80.51,0.315311755,16046.5
14/07/2020,7,0,100,3,2,8,0,2,4,0,40,1,13,1,0,1,136,6,4,0,3,0,3,0,0,0,1,55,0,8,6,39,77,0,8,0,5,7,3,32,0.038106762,0.147651247,0.015791534,0.009787153,8.421594427,6.201352357,1.231739627,0.988502443,0.022982508,0.107664048,0.000163093,5.52E-05,42,78,101,69.08,3.454172436,16093,75.2,0.436667795,16093,75.02,0.920504191,16046.5,81.5,0.093779619,16046.5
15/07/2020,1,0,135,18,0,39,0,22,7,0,45,0,7,4,3,6,112,4,15,0,4,0,1,10,0,0,0,83,0,17,2,50,66,2,10,0,9,7,0,79,0.047864271,0.172635814,0.017033565,0.010056141,9.333532847,7.2507042,1.32861804,0.754210606,0.029910211,0.120783726,0.000159087,4.05E-05,42,78,75,73.94,3.962701094,16093,78.8,0.650637188,16093,80.51,1.034373874,16046.5,88.52,0.060767031,16046.5
16/07/2020,0,0,54,38,3,20,0,6,15,0,24,0,-1,2,0,0,233,22,47,1,2,1,4,25,0,0,5,91,0,11,2,59,117,5,14,0,5,17,3,369,0.044354087,0.151557206,0.017026187,0.008880417,8.205506136,6.365402668,1.191833062,0.648270406,0.026328993,0.10248965,0.00017149,5.28E-05,42,70,73,73.94,10.47037906,16093,82.4,1.216289318,16093,82.49,1.879891034,16046.5,94.46,0.304546726,16046.5
17/07/2020,25,0,49,16,2,7,0,7,8,2,71,0,23,5,3,0,208,15,25,0,5,0,4,26,0,0,0,74,2,2,-1,57,58,2,15,0,14,11,0,134,0.042439924,0.156315458,0.015246325,0.009658005,8.487984801,6.565249237,1.082489107,0.840246458,0.024785462,0.103075615,0.000149984,5.89E-05,42,71,87,68,25.08972723,16093,77.6,11.2417436,16093,75.47,14.85613829,16046.5,92.03,0.298116131,16046.5
18/07/2020,11,0,62,35,2,40,0,14,27,0,57,0,30,3,2,0,187,9,1,1,5,0,1,30,0,1,0,83,0,12,3,69,122,6,21,0,10,12,4,101,0.043123945,0.154941223,0.015346691,0.011207225,8.581665067,6.507531375,1.166348496,0.907785196,0.025113915,0.104610281,0.000142664,8.19E-05,42,76,81,64.94,14.6666528,16093,69.8,8.183563412,16093,70.97,14.144853,16046.5,85.46,0.36405618,16046.5
19/07/2020,8,0,53,31,-1,1,0,6,34,0,51,0,25,-1,1,0,200,27,7,1,7,0,2,60,0,0,5,106,0,17,0,42,90,1,13,0,8,8,1,85,0.04187529,0.150896846,0.016212391,0.009424365,8.333182788,6.337667529,1.232141705,0.763373554,0.024749224,0.103706012,0.000139206,4.26E-05,42,76,81,73.04,7.187828963,16093,78.8,1.835335365,16093,78.53,2.598227383,16046.5,90.5,0.172722302,16046.5
20/07/2020,11,0,44,35,0,8,0,3,39,0,41,0,22,1,1,0,166,10,17,1,2,1,4,71,0,0,2,85,0,21,1,37,79,0,12,0,16,8,0,60,0.044715726,0.153719454,0.016702144,0.010398583,8.451272255,6.456217085,1.235958623,0.759096548,0.025826747,0.102399985,0.000147154,4.46E-05,42,74,73,75.02,10.56694115,16093,83,3.839631418,16093,82.94,4.688165542,16046.5,94.46,0.231148513,16046.5
21/07/2020,7,0,62,12,4,59,1,18,14,0,52,0,20,0,1,0,131,8,6,0,3,0,3,28,0,6,1,79,0,0,4,68,78,2,6,1,3,14,0,76,0.042556885,0.152950767,0.016847019,0.009576332,8.511376939,6.423932229,1.330914514,0.756530195,0.024558555,0.102958784,0.00016237,4.08E-05,42,79,79,78.98,10.52924476,16093,87.8,2.782873041,16093,85.46,4.199118633,16046.5,96.08,0.214472977,16046.5
22/07/2020,4,1,37,40,-1,11,0,2,32,0,36,0,12,0,2,0,177,16,1,2,0,0,4,24,0,1,0,90,1,5,-2,58,76,2,9,0,8,5,1,51,0.044100862,0.158692144,0.015698426,0.009797669,8.555567157,6.665070029,1.067492941,0.823004186,0.025053239,0.100415124,0.000128919,5.31E-05,42,68,84,69.98,22.92938181,16093,82.4,5.928191117,16093,80.06,6.967702934,16046.5,101.48,0.044474664,16046.5
23/07/2020,4,0,34,18,-1,26,0,11,5,1,25,0,11,4,2,0,208,19,2,0,5,1,1,18,0,1,2,120,0,11,1,50,74,2,12,0,6,11,1,55,0.042337734,0.158645244,0.015272354,0.008761377,8.594560096,6.663100235,1.221788349,0.709671512,0.024522592,0.102933534,0.000152384,3.97E-05,42,80,81,66.02,35.26257315,16093,75.2,12.16897711,16093,71.96,13.31290838,16046.5,93.56,0.122660401,16046.5
24/07/2020,6,0,60,21,3,11,0,11,16,0,42,0,25,5,1,0,191,31,3,1,3,1,5,27,0,-1,0,116,1,2,0,78,53,1,17,0,11,6,0,94,0.046511898,0.176287951,0.015354143,0.009471757,9.255867767,7.404093946,0.951956883,0.899816938,0.029735256,0.121364237,0.000106516,7.73E-05,42,62,95,61.79,28.35233219,16093,68,17.37949191,16093,65.42,17.91172138,16062,89.96,0.085358538,16046.5
25/07/2020,14,0,57,35,2,10,2,1,21,0,43,0,24,4,1,0,223,21,5,2,5,2,8,24,0,1,4,116,2,10,1,78,142,4,25,-1,15,6,1,96,0.043936071,0.153506875,0.015958847,0.011241186,8.47966179,6.447288753,1.133078147,0.89929489,0.026011508,0.105592254,0.000177207,9.10E-05,42,71,80,60.08,20.68354859,16093,69.2,9.270572288,16093,69.53,6.93856966,16046.5,80.06,0.410911426,16046.5
26/07/2020,18,0,32,31,3,10,0,5,20,2,34,0,31,2,2,0,168,26,2,2,2,-1,10,30,0,3,2,99,0,7,2,28,104,4,8,0,7,14,0,72,0.042572914,0.149762521,0.015414701,0.010429166,8.259145321,6.290025888,1.18693196,0.782187473,0.025321425,0.103808464,0.000144855,4.10E-05,42,77,75,71.06,5.662701405,16093,77,1.472607591,16093,77,2.065350086,16046.5,84.02,0.113769441,16046.5
27/07/2020,3,0,37,28,1,5,0,7,27,1,22,0,15,0,0,0,162,22,3,1,4,0,3,30,0,0,2,102,0,11,0,42,50,0,18,0,7,9,0,71,0.040263596,0.149586032,0.017615841,0.009598212,8.656673048,6.282613343,1.567809878,0.806249827,0.022991052,0.104285394,0.000163987,4.04E-05,42,89,84,78.08,7.402708364,16093,87.2,1.835261271,16093,87.98,1.838061438,16046.5,91.49,0.213442221,16046.5
28/07/2020,5,0,103,9,7,49,1,13,16,1,75,0,41,4,6,0,138,22,1,8,5,0,9,20,0,1,0,70,0,7,0,65,103,7,6,0,14,18,23,58,0.042564758,0.148697165,0.016713084,0.010605351,8.342692637,6.245280937,1.270194355,0.827217344,0.025010641,0.103828575,0.000164971,5.43E-05,42,76,78,84.92,1.577525452,16093,96.8,0.230372723,16093,92.48,1.593521654,16046.5,98.06,0.070587708,16046.5
29/07/2020,3,0,84,38,2,16,0,5,25,1,50,0,23,5,1,1,139,11,6,1,4,1,10,18,0,1,-1,110,0,6,0,50,89,3,8,0,15,8,2,46,0.052861791,0.175021459,0.015873488,0.008653629,8.933642664,7.350901266,1.06352368,0.519217718,0.034224685,0.119573175,0.00013368,4.63E-05,42,67,60,71.06,5.662701405,16093,84.8,1.760138509,16093,80.51,6.109187943,16046.5,100.04,0.144908223,16046.5
30/07/2020,3,2,44,21,3,13,0,6,20,0,37,0,12,2,2,0,169,23,0,0,6,0,11,16,0,1,1,100,0,17,0,46,102,13,25,0,12,15,0,61,0.035752806,0.130942523,0.016131504,0.011009155,7.937122969,5.499585953,1.435703887,1.00183313,0.01776337,0.083839921,0.000139651,6.04E-05,42,89,91,75.92,5.083753615,16093,87.8,0.33750826,16093,84.47,1.658873334,16046.5,98.96,0.108313267,16046.5
31/07/2020,0,0,0,0,0,0,0,0,0,0,0,0,0,0,0,0,0,0,0,0,0,0,0,0,0,0,0,0,0,0,0,0,0,0,0,0,0,0,0,0,0.051963864,0.171558342,0.017788638,0.01200962,9.30153167,7.205450344,1.387513755,0.708567571,0.032340004,0.120851875,0.000155573,6.23E-05,42,78,59,82.04,3.479834432,16093,89.6,0.864237308,16093,88.52,1.549297103,16046.5,103.46,0.113606132,16046.5
01/08/2020,12,0,51,87,0,102,0,15,62,1,71,0,45,4,3,0,365,35,21,3,10,3,4,46,0,7,-1,228,0,22,5,138,193,7,33,0,18,16,4,96,0.047526636,0.156336431,0.014876195,0.010371524,8.22210803,6.566130107,0.981828857,0.674149066,0.028052116,0.101343629,0.000139212,5.43E-05,42,66,65,71.06,14.87718312,16093,83,1.295596624,16093,80.96,2.850418409,16046.5,98.51,0.18534433,16046.5
02/08/2020,10,0,16,27,3,97,0,5,20,5,28,0,45,1,2,2,111,12,1,3,10,0,8,20,0,0,1,63,0,10,1,56,57,0,2,0,7,12,0,56,0.044883192,0.154737741,0.01508732,0.010183411,8.303390434,6.498985104,1.071199702,0.733205628,0.026334304,0.101876894,0.000125038,4.54E-05,42,71,72,73.04,9.86991771,16093,77.6,5.301327222,16093,75.02,5.266615676,16046.5,87.53,0.430575081,16046.5
03/08/2020,4,0,13,44,0,10,0,0,22,0,16,0,18,2,0,0,102,13,0,0,3,0,6,16,0,0,0,89,0,11,0,16,46,3,2,0,34,14,-1,30,0.043767052,0.153621646,0.021242405,0.007939648,8.709643389,6.452109116,1.614422794,0.643111479,0.024539596,0.102232103,0.000198258,3.83E-05,42,76,81,73.94,10.47037906,16093,82.4,1.513116927,16093,80.51,2.347869694,16046.5,92.93,0.106566046,16046.5
04/08/2020,7,0,55,13,2,47,0,7,10,2,49,0,27,2,2,1,123,16,5,0,1,2,12,12,0,1,1,64,1,10,1,60,96,2,9,0,6,5,0,34,0.043408335,0.15465602,0.015480041,0.008649396,8.204175337,6.495552859,0.990722623,0.717899855,0.025855594,0.101927445,0.000124201,4.89E-05,42,64,83,73.94,8.851463349,16093,81.2,2.938280445,16093,80.51,5.631319884,16046.5,89.51,0.348140921,16046.5
05/08/2020,0,0,44,34,2,38,0,1,28,4,16,0,12,8,0,0,139,16,1,2,4,4,6,12,0,3,2,68,-1,13,2,42,83,2,10,0,10,16,0,61,0.04325054,0.151490593,0.016330834,0.010851768,8.433855393,6.36260492,1.224812564,0.846437909,0.025058481,0.102864954,0.000154847,5.36E-05,42,75,78,75.92,11.18446395,16093,82.4,2.279603584,16093,82.04,2.519503646,16046.5,90.5,0.257223157,16046.5
06/08/2020,10,1,19,31,2,7,0,8,22,-3,22,0,60,0,0,0,213,17,1,0,3,1,6,25,0,3,-1,129,0,9,-1,65,104,3,21,0,17,8,2,25,0.047206394,0.153854435,0.016716319,0.009022171,8.11949982,6.461886276,1.05312808,0.604485463,0.028283529,0.10216815,0.00016176,5.46E-05,42,63,67,68,18.54835264,16093,81.8,2.449352879,16093,80.06,4.450219403,16046.5,95,0.259899665,16046.5
07/08/2020,6,0,58,21,2,37,0,10,18,1,35,0,29,0,6,0,144,14,5,1,10,2,14,16,0,1,1,45,0,0,2,43,85,6,14,0,8,5,14,43,0.043510762,0.151986938,0.020891473,0.009758814,9.006727635,6.383451376,1.901124042,0.722152218,0.02398235,0.1045838,0.000236173,8.35E-05,42,91,74,57.92,54.6532632,12070,68,4.553433902,16093,63.5,16.73885601,16046.5,72.05,0.552168596,16046.5
08/08/2020,11,2,24,30,1,18,0,5,30,0,39,2,37,10,2,0,217,9,13,2,6,6,11,25,0,1,1,84,0,18,0,54,138,3,14,0,27,12,1,59,0.043432299,0.152632032,0.017549505,0.009198553,8.46929822,6.410545361,1.368861409,0.68989145,0.025012183,0.10232796,0.000162681,4.61E-05,42,78,75,66.02,15.17478213,16093,75.8,1.37000167,16093,74.03,3.01232141,16046.5,80.96,0.111990179,16046.5
09/08/2020,6,0,9,28,17,10,0,5,10,0,21,0,32,1,1,0,131,9,0,2,7,-1,5,3,0,2,1,76,0,4,0,42,27,2,9,0,11,7,0,56,0.044579251,0.155074588,0.015265229,0.008759445,8.247161366,6.513132716,1.129626958,0.604401693,0.026475462,0.102250179,0.000148161,5.15E-05,42,74,69,64.94,8.635505174,16093,69.8,10.14501848,16093,67.46,8.658883138,16046.5,84.02,0.393062241,16046.5
10/08/2020,12,0,25,24,2,10,0,3,13,1,33,0,49,2,-3,0,137,7,2,0,5,0,9,13,0,-1,3,69,0,10,0,21,62,0,15,0,14,1,1,42,0.053961761,0.19566722,0.018055271,0.010612432,10.3606581,8.218023235,1.336090039,0.806544822,0.035061747,0.136563181,0.000174797,4.46E-05,42,74,76,71.06,5.662701405,16093,77,1.630559958,16093,77,1.863098367,16046.5,85.46,0.086091792,16046.5
11/08/2020,5,1,28,5,17,36,0,10,4,0,20,0,22,0,2,1,101,15,19,5,4,0,3,0,0,1,0,50,2,1,0,46,57,2,10,0,2,1,5,22,0.041756105,0.152586283,0.016018894,0.008342327,8.309464873,6.408623897,1.233454831,0.667386144,0.024711755,0.102950658,0.000169856,3.57E-05,42,77,80,73.04,8.55716562,16093,81.2,2.619102175,16093,80.51,3.840106734,16046.5,93.92,0.136029436,16046.5
12/08/2020,0,0,11,42,3,26,0,1,11,-1,17,0,22,3,0,0,133,7,18,1,2,0,13,4,0,4,2,73,0,13,0,50,41,0,10,0,15,9,3,23,0.043717908,0.151463375,0.017012532,0.010261876,8.437556216,6.361461747,1.326977519,0.74911695,0.025360227,0.10315376,0.000154689,4.21E-05,42,78,73,66.02,20.86354885,16093,74.6,0.253780585,16093,73.49,3.241905609,16046.5,87.53,0.086231061,16046.5
13/08/2020,3,3,15,44,2,25,0,6,9,0,28,0,43,2,0,1,177,10,0,0,2,0,-2,4,0,-1,0,66,0,5,0,39,65,1,9,0,8,7,5,55,0.122225006,0.219348385,0.015534434,0.010546389,9.778000474,9.21263219,0.512636337,0.052731946,0.076096166,0.126130713,0.000186142,2.55E-05,42,33,5,64.04,4.662443783,16093,68.6,0.870388433,16093,69.08,2.354813688,16093,80.06,0.003156717,16093
14/08/2020,19,2,13,33,2,23,0,2,22,0,62,0,49,5,0,1,190,15,14,2,8,3,14,18,0,1,0,98,0,7,1,47,56,1,13,0,9,5,2,56,0.042245068,0.147442179,0.017249149,0.01023678,8.364523398,6.192571499,1.414430188,0.757521711,0.024796855,0.104334961,0.000148731,4.60E-05,42,82,74,66.92,3.140010668,16093,75.2,0.150790824,16093,73.49,0.52157635,16046.5,82.04,0.062285724,16046.5
15/08/2020,15,6,30,19,6,30,0,0,4,0,38,0,70,6,1,0,183,8,19,12,16,1,3,4,0,2,2,56,0,6,0,48,35,3,7,0,6,6,4,67,0.041820378,0.148263717,0.015185401,0.01006271,8.196794096,6.227076113,1.245202869,0.724515114,0.025135686,0.10437255,0.000147581,5.03E-05,42,82,72,73.04,3.013359204,16093,80,0.567831857,16093,80.06,0.997522825,16046.5,87.98,0.117832111,16046.5
16/08/2020,10,2,6,43,11,6,0,1,20,0,8,0,75,4,3,2,132,5,1,1,4,0,5,17,0,1,2,56,0,10,0,14,33,0,9,0,51,6,0,35,0.039490944,0.149924783,0.017806632,0.01195694,9.082917172,6.296840868,1.638210103,1.147866201,0.021218639,0.102658891,0.000174308,6.25E-05,42,92,96,78.98,4.907099265,16093,86,1.539400641,16093,86.54,1.850383997,16046.5,94.46,0.138844273,16046.5
17/08/2020,0,0,9,4,6,5,0,1,3,0,22,0,12,2,1,0,122,6,2,0,1,0,2,1,0,0,0,27,-1,2,0,11,15,-1,8,0,4,5,0,20,0.03573166,0.125332735,0.017113994,0.012693234,7.968160159,5.263974878,1.57448744,1.129697841,0.017720493,0.085285849,0.000169835,6.20E-05,42,92,89,86,3.096758048,16093,95.6,0.647741807,16093,95.99,0.909025156,16046.5,97.07,0.095226814,16046.5
18/08/2020,5,1,32,5,2,41,0,4,7,3,23,0,39,0,0,2,163,14,0,18,5,0,0,5,0,0,1,35,0,2,2,59,30,2,8,0,8,5,2,20,0.042743094,0.154372515,0.015887339,0.009146396,8.420389606,6.483645648,1.223325094,0.713418864,0.024895854,0.102355854,0.00016282,4.78E-05,42,77,78,73.04,15.74379502,16093,89.6,1.581995753,16093,87.08,3.014257588,16046.5,100.94,0.165594543,16046.5
19/08/2020,-4,0,21,12,2,3,0,2,20,-3,0,0,30,4,4,1,146,27,-2,2,11,0,6,3,0,1,0,65,0,11,-2,23,17,3,7,-1,11,-2,2,15,0.044211663,0.15593389,0.015630704,0.009703119,8.400215969,6.549223376,1.094149303,0.756843291,0.025771016,0.102000778,0.000157876,4.54E-05,42,70,78,71.06,17.05852019,16093,82.4,3.065646778,16093,78.53,4.843785937,16046.5,99.5,0.08430887,16046.5
20/08/2020,16,2,19,12,1,18,0,2,21,1,18,0,33,17,1,1,243,16,1,5,7,0,2,12,0,0,1,55,0,11,0,32,55,-1,25,2,17,6,0,40,0.042595041,0.1532022,0.016345119,0.01019681,8.519008165,6.434492379,1.258574149,0.825941637,0.024403142,0.102185032,0.000144081,4.73E-05,42,77,81,73.94,12.01461409,16093,82.4,2.279603584,16093,81.05,2.833126059,16046.5,92.48,0.060022618,16046.5
21/08/2020,3,1,17,15,3,28,0,0,1,0,27,0,13,2,2,2,37,24,0,1,8,0,-1,1,0,0,1,51,0,6,0,42,34,0,4,0,6,5,0,38,0.043492692,0.153316812,0.014603139,0.010337834,8.263611535,6.43930609,1.00761658,0.816688865,0.025632211,0.101890781,0.000156341,6.83E-05,42,69,79,75.92,6.993575187,16093,81.2,2.619102175,16093,78.53,5.675638308,16046.5,87.53,0.855005628,16046.5
22/08/2020,12,1,32,45,9,23,0,5,20,0,22,0,91,22,3,1,212,19,1,2,6,0,9,10,0,0,0,86,0,17,0,31,40,2,11,0,8,7,16,38,0.05493495,0.157599895,0.018219405,0.009087235,8.130372655,6.619195571,1.093164286,0.418012798,0.032115727,0.099749347,0.000158198,3.77E-05,42,60,46,68,39.18511767,16093,64.4,100,37624.66667,67.04,51.82133336,16062,81.95,1.682304851,16046.5
23/08/2020,13,1,5,19,1,5,0,0,9,0,9,0,21,19,0,1,116,17,0,2,4,0,4,14,0,1,0,68,0,0,0,19,29,0,8,0,3,4,11,20,0.043826544,0.151123704,0.015810013,0.011861948,8.414696521,6.347195587,1.154130924,0.91337001,0.025509811,0.10329986,0.000151227,8.80E-05,42,73,77,69.08,3.454172436,16093,74,4.049237391,16093,74.03,2.223502918,16046.5,83.48,0.054525259,16046.5
24/08/2020,3,2,15,11,9,0,0,1,6,1,9,0,19,7,1,2,135,8,0,2,5,0,8,1,0,0,0,27,0,2,0,18,33,1,7,0,9,3,5,14,0.042473788,0.149768646,0.017577317,0.009164689,8.409810102,6.290283146,1.441339988,0.678186968,0.024864056,0.103994618,0.000183486,4.30E-05,42,82,74,69.98,6.495127723,16093,75.8,1.502393835,16093,76.46,0.538654874,16046.5,87.53,0.193389354,16046.5
25/08/2020,16,0,20,9,2,37,0,4,1,0,7,0,30,0,2,1,40,1,0,0,7,0,3,-1,0,0,0,21,0,2,0,33,29,0,7,0,6,0,41,13,0.043345208,0.149410681,0.016349068,0.010660582,8.278934761,6.275248592,1.193481961,0.810204208,0.025655494,0.103727103,0.000150067,5.39E-05,42,73,76,71.06,3.27685931,16093,73.4,1.796599294,16093,72.5,3.292535039,16046.5,89.06,0.227616142,16046.5
26/08/2020,8,1,16,17,4,18,0,2,15,1,14,0,-3,4,1,-1,139,11,0,3,4,1,4,7,0,0,-1,36,0,7,0,34,44,2,9,0,15,5,21,10,0.070860243,0.190243731,0.01541899,0.005689958,8.999250859,7.990236718,0.832625445,0.176388696,0.044099012,0.113437652,0.000167049,1.44E-05,42,54,31,71.96,5.903477515,16093,77,1.156702858,16093,77,0.900251929,16046.5,87.53,0.113201492,16046.5
27/08/2020,20,1,20,20,2,11,0,3,12,0,10,0,60,2,0,0,179,13,0,5,8,-1,4,4,0,0,0,40,0,5,0,45,41,0,4,0,6,3,11,16,0.043639736,0.149726996,0.015938155,0.009890595,8.204270361,6.288533824,1.243176091,0.672560446,0.026052132,0.10355051,0.000167454,4.91E-05,42,78,68,69.98,5.380473624,16093,76.4,1.40852453,16093,75.47,1.048128262,16046.5,86.54,0.058143089,16046.5
28/08/2020,23,0,48,16,3,19,0,6,0,0,25,0,58,1,1,0,167,9,3,0,3,0,3,-1,0,0,0,17,0,6,0,37,50,-1,17,0,6,9,46,30,0.042766657,0.150216603,0.016279949,0.009176112,8.211198066,6.309097324,1.204716261,0.69738448,0.025491088,0.103221458,0.000142305,5.00E-05,42,74,76,73.04,4.425261317,16093,78.8,0.744938497,16093,78.98,1.248176454,16046.5,87.08,0.01982216,16046.5
29/08/2020,1,1,39,-7,2,20,0,2,4,0,15,0,12,0,0,0,127,8,0,0,5,0,5,13,0,0,0,41,0,8,0,45,50,1,14,0,11,7,110,29,0.04878571,0.15573719,0.017327228,0.006758401,8.244785029,6.540961984,1.386178203,0.317644842,0.028764163,0.101799877,0.000189846,2.13E-05,42,80,47,66.02,20.86354885,16093,79.4,0.874547875,16093,77,3.398426086,16046.5,87.98,0.046836629,16046.5
30/08/2020,5,0,9,6,0,12,0,2,2,0,16,0,31,14,1,0,104,9,0,1,3,0,2,3,0,0,1,37,0,6,0,19,28,0,4,0,9,7,82,14,0.064509513,0.168052908,0.015912482,0.007835632,8.192708132,7.058222142,0.92292393,0.21156206,0.03688443,0.096699915,0.000134917,4.08E-05,42,58,27,66.92,9.662610497,16093,72.2,5.000351539,16093,69.53,8.874614932,16046.5,78.98,0.242840014,16046.5
31/08/2020,9,0,6,6,0,10,0,3,2,0,14,0,22,6,0,1,90,11,0,1,3,0,6,0,0,0,0,38,0,3,0,20,21,1,2,0,6,14,27,6,0.045953341,0.152467097,0.016087014,0.006994373,8.225648091,6.403618085,1.528266346,0.29376366,0.027388413,0.103253407,0.000166634,2.68E-05,42,95,42,66.92,6.613733634,16093,73.4,1.258201526,16093,72.05,2.109670014,16046.5,78.08,0.043467788,16046.5
01/09/2020,1,0,9,-8,0,27,0,3,1,0,20,0,20,1,2,0,55,7,1,1,3,0,1,1,0,0,1,36,0,2,1,22,37,0,3,0,3,4,30,15,0.048896826,0.156889571,0.01574312,0.00802247,8.116873121,6.589361981,1.086275307,0.441235833,0.029326791,0.101730132,0.00013134,2.78E-05,42,69,55,66.02,9.037710201,16093,70.4,5.130335561,16093,68.54,7.212061731,16046.5,80.96,0.497324508,16046.5
02/09/2020,6,0,14,4,2,13,1,3,0,0,9,0,22,4,0,0,99,11,0,0,4,0,2,1,0,0,0,43,0,4,2,28,51,2,1,0,8,8,72,12,0.044180892,0.151263707,0.017363157,0.008772287,8.217645838,6.353075673,1.215420963,0.649149202,0.026379342,0.103444126,0.000153395,5.01E-05,42,70,74,73.94,7.672213859,16093,82.4,3.404232225,16093,80.51,3.840106734,16046.5,91.49,1.190104559,16046.5
03/09/2020,23,4,5,7,1,21,1,0,2,2,15,0,45,8,0,0,95,6,-1,0,5,0,1,1,0,0,0,58,0,14,-2,39,41,0,10,0,-2,4,55,19,0.044588944,0.155593225,0.016442917,0.008211135,8.293543566,6.534915449,1.151004164,0.607623953,0.026291197,0.101939471,0.000153815,3.89E-05,42,70,74,69.98,17.02796414,16093,78.2,11.25892696,16093,77.54,7.350625712,16046.5,93.47,0.26045588,12023.5
04/09/2020,7,1,13,5,4,22,0,4,0,0,19,0,15,13,1,0,130,8,1,2,1,1,10,4,0,4,1,59,0,2,2,23,33,0,11,0,9,7,51,13,0.039960428,0.149961811,0.017500715,0.010174705,8.751333766,6.298396053,1.557563653,0.89537406,0.022562951,0.10410115,0.000171281,4.97E-05,42,89,88,75.02,5.658662649,16093,82.4,3.065646778,16093,81.05,3.382416046,16046.5,91.49,0.50933721,16046.5
05/09/2020,19,0,10,1,1,17,0,3,1,1,16,0,31,9,1,0,144,9,0,-1,8,0,1,0,0,2,1,49,0,2,-1,33,40,0,5,0,5,8,54,27,0.039971633,0.131262222,0.015579782,0.011840133,7.514667066,5.513013331,1.13732405,0.864329685,0.020864725,0.083792656,0.000153258,5.47E-05,42,73,73,78.98,5.814260509,16093,84.2,1.870507443,16093,81.5,4.390278768,16046.5,93.47,0.138873813,16046.5
06/09/2020,14,1,5,19,0,7,0,0,5,0,9,0,21,11,0,0,71,8,1,0,10,1,2,0,0,1,0,39,0,5,0,23,26,1,4,0,8,6,58,25,0.042260968,0.154639995,0.016174924,0.009745283,8.494454625,6.494879773,1.132244654,0.867330197,0.024382463,0.102183935,0.000150822,4.99E-05,42,70,89,68,16.10403034,16093,71.6,14.31246493,16093,71.96,8.207042353,16046.5,92.48,0.124466002,16046.5
07/09/2020,5,0,6,6,0,7,0,2,1,0,3,0,47,7,0,1,89,4,0,0,12,1,3,1,0,1,0,26,0,1,0,12,36,1,2,0,3,6,22,12,0.045015559,0.152216967,0.017182339,0.008649826,8.192831662,6.3931126,1.185581408,0.614137653,0.026863429,0.102900757,0.000160959,3.41E-05,42,69,71,75.02,5.658662649,16093,78.8,3.813130333,16093,79.97,3.477433418,16046.5,95,0.115954938,16062
08/09/2020,0,0,0,0,0,0,0,0,0,0,0,0,0,0,0,0,0,0,0,0,0,0,0,0,0,0,0,0,0,0,0,0,0,0,0,0,0,0,0,0,0.045562543,0.171798921,0.01787314,0.011295694,9.750384209,7.215554687,1.608582618,0.926246904,0.027313092,0.121074537,0.000147207,7.34E-05,42,90,82,78.08,0.505502877,16093,83.6,0.096623603,16093,81.995,0.175498292,16069.75,72.104,0.022373134,5223.2
09/09/2020,15,2,39,3,0,11,-1,1,1,1,24,0,25,6,0,-1,87,16,0,3,24,1,3,0,0,1,0,45,0,1,0,41,48,0,10,0,3,6,31,25,0.039410581,0.146778591,0.018113419,0.010431974,8.749149063,6.164700822,1.666434538,0.918013703,0.022039885,0.103669752,0.000169104,5.94E-05,42,92,88,73.94,0.128921698,11265,83.6,7.75E-05,16093,955.31,50.01437394,55499.5,73.04,0.003964732,16046.5
10/09/2020,5,0,20,2,1,64,0,13,2,0,14,4,12,20,0,0,106,8,0,2,7,0,5,0,0,5,0,40,0,3,0,21,39,0,6,0,10,16,16,16,0.043866041,0.172587947,0.017462537,0.010199322,9.738261089,7.248693753,1.571628373,0.917938963,0.026409656,0.120959128,0.000129077,5.68E-05,42,90,90,80.06,1.301690765,16093,86.6,0.121286111,16093,86,0.385267708,11132.5,82.04,0.010313008,10828
11/09/2020,2,1,13,3,-3,34,0,0,0,0,9,0,36,6,2,0,121,10,25,4,9,1,2,0,0,2,0,43,0,6,0,41,73,0,9,0,6,11,74,17,0.038444382,0.13256664,0.017855606,0.011733404,8.150208913,5.567798868,1.714138146,0.868271898,0.018623839,0.08390925,0.000188836,8.00E-05,42,96,74,82.04,1.79958113,12875,90.8,0.019001371,16093,958.91,50.10066788,55632,86.99,0.05547753,16046.5
12/09/2020,4,1,22,3,0,14,0,4,0,0,19,1,18,21,2,1,134,13,10,0,3,1,3,0,0,0,0,30,0,0,0,18,53,2,7,0,6,14,47,12,0.047700498,0.154996773,0.016961337,0.009225636,8.252186088,6.509864457,1.170332229,0.571989402,0.027831126,0.100774552,0.00017442,4.65E-05,42,69,62,71.06,7.916933055,3621,75.2,2.811727994,2146,72.68,3.356003608,2407,87.53,0.175090284,12437.5
13/09/2020,11,1,14,17,0,10,0,0,1,0,12,1,29,7,0,0,89,6,1,0,2,1,2,0,0,1,0,45,0,2,0,28,40,1,2,0,2,8,7,12,0.05183233,0.160447736,0.016309742,0.006774754,8.137675858,6.738804915,1.060133247,0.338737696,0.030675207,0.099871638,0.000161325,2.56E-05,42,65,50,55.04,61.47703348,1609,62.6,35.05314764,2414,58.46,40.01620982,1604.5,74.48,1.932487168,1203.5
14/09/2020,17,0,9,13,1,7,0,2,2,0,18,0,53,8,0,0,49,-1,0,0,4,0,0,4,0,0,0,31,0,1,0,20,50,0,1,0,0,4,0,18,0.05295006,0.156199416,0.016605462,0.008954201,7.995459023,6.560375479,0.996327696,0.438755848,0.031857873,0.101037587,0.000189472,6.50E-05,42,60,49,60.98,34.65710089,1475,66.2,28.43978063,1609,62.33,28.24684601,1604.5,70.58,2.337533784,803.3333333
15/09/2020,5,5,9,3,1,46,0,3,0,0,4,0,18,4,3,0,48,3,1,2,9,1,0,12,0,0,0,26,0,3,0,28,36,0,4,0,2,4,37,15,0.045904021,0.154604598,0.017090551,0.009142372,8.492243893,6.493393108,1.486877944,0.511972841,0.026229229,0.101575466,0.000173199,4.58E-05,42,87,56,62.96,31.53421913,1207,71,20.32334862,1609,67.64,23.75534334,1604.5,72.95,2.541154,802.5
16/09/2020,1,2,13,9,1,12,0,4,6,1,6,1,15,12,5,0,89,4,1,0,2,-1,1,5,0,0,0,31,0,0,0,19,57,3,4,0,8,11,6,8,0.044455009,0.158780932,0.014510101,0.01053635,8.535361712,6.668799159,1.044727247,0.821835306,0.025282764,0.100233879,0.00016465,5.81E-05,42,72,78,66.92,28.84313552,2012,74,18.34170441,3755,71.51,19.03800538,2407,73.49,4.133466564,1203.5
17/09/2020,11,6,14,4,0,21,0,5,0,-1,6,0,11,12,1,0,99,14,0,1,6,1,4,-1,0,1,1,30,0,4,0,21,51,0,7,0,5,6,25,19,0.046771974,0.162607565,0.015395393,0.010368334,8.6995872,6.829517728,1.154654449,0.715415023,0.026066282,0.099483879,0.000140433,6.18E-05,42,75,69,66.92,39.58643755,3219,72.8,34.92501881,4023,69.89,28.63076954,2407,77.99,3.895105781,2006
18/09/2020,5,6,11,0,2,8,0,1,0,0,7,0,26,13,3,1,116,6,2,0,1,0,5,1,0,2,1,42,0,3,0,32,54,7,4,0,8,8,20,16,0.054205124,0.185771847,0.014029659,0.010495675,9.431691566,7.802417591,0.968046481,0.661227494,0.032939145,0.115310179,0.000132254,4.87E-05,42,69,63,65.93,38.88150971,4828,71,39.80915681,6437,69.98,26.83737975,4011.5,78.53,2.945815629,2407
19/09/2020,14,1,14,7,1,39,0,13,0,0,22,0,44,15,2,-1,124,6,1,0,4,0,3,1,0,0,0,52,0,4,0,28,103,3,8,0,11,19,25,31,0.050333375,0.161285232,0.013518522,0.009269476,8.154006789,6.77397974,0.851666898,0.528360151,0.029597366,0.098856322,0.000151346,7.41E-05,42,63,57,62.195,81.47197313,4727.25,66.2,61.91437357,12338.33333,64.64,60.8063403,4818.666667,72.29,5.422017395,4155.166667
20/09/2020,9,4,10,2,2,13,0,8,0,0,11,0,11,13,0,0,65,4,0,0,7,1,4,0,0,0,0,33,0,2,3,22,46,1,4,0,3,12,29,23,0.054060056,0.157849411,0.012047316,0.011339746,7.83870818,6.629675268,0.698744349,0.510288563,0.032955898,0.100003824,9.92E-05,6.60E-05,42,58,45,62.33,47.28906171,12070,68,36.01448186,13947.33333,66.02,24.01715746,16093,73.49,1.951691615,16046.5
21/09/2020,0,0,0,0,0,0,0,0,0,0,0,0,0,0,0,0,63,0,0,0,0,0,0,0,0,0,0,62,0,0,0,0,57,0,0,0,0,0,0,0,0.044725856,0.154683075,0.014409239,0.01074822,8.319009248,6.496689159,1.080692921,0.741627168,0.026187959,0.10184946,0.000125116,4.84E-05,42,75,69,66.02,15.17478213,16093,69.2,16.53130846,16093,69.53,8.785225304,16046.5,76.01,0.748426011,16046.5
22/09/2020,6,-1,26,1,1,48,0,19,3,0,12,0,15,14,7,0,43,7,3,2,11,1,4,5,0,0,1,41,0,5,0,38,88,6,6,0,3,23,16,18,0.040628427,0.155634396,0.015411404,0.011583223,8.816368658,6.536644643,1.017152688,1.262571327,0.02300209,0.103905579,0.000120885,0.00010216,42,66,109,66.92,18.53020189,16093,68,29.45575847,16093,69.08,14.01542206,16046.5,76.46,0.253527178,16046.5
23/09/2020,4,3,40,1,1,25,0,5,3,0,19,0,50,14,2,0,91,4,15,-1,10,0,3,4,0,0,0,42,0,4,1,27,81,8,5,0,5,15,11,15,0.047120093,0.15278126,0.018884409,0.009272818,8.246016361,6.416812915,1.170833349,0.658370096,0.028155858,0.104016047,0.000183996,4.58E-05,42,62,71,68,5.734316168,16093,70.4,5.80032578,16093,69.08,6.038797516,16093,77.54,0.527613839,16046.5
24/09/2020,13,11,24,2,3,36,0,16,0,0,12,0,40,8,6,0,110,6,5,1,1,1,2,9,0,0,1,39,0,2,0,23,114,1,15,0,5,6,9,15,0.048154926,0.155576911,0.019460563,0.01386564,8.908661391,6.534230265,1.362239413,1.012191713,0.02631337,0.1021956,0.000199126,0.000135787,42,70,73,60.53,64.18095555,16093,60.2,100,5096,61.52,70.17388148,6218.5,67.55,23.95457775,14437.5
25/09/2020,4,5,15,2,0,491,0,6,1,1,12,0,15,8,5,0,106,16,11,0,7,3,6,3,0,0,0,52,0,5,1,36,100,3,11,0,6,10,28,16,0.044701492,0.157622679,0.014919903,0.0122213,8.672089535,6.620152508,1.074233027,0.977704,0.02554465,0.103135414,0.000163839,7.75E-05,42,72,80,62.06,21.81330417,16093,59.6,84.71738415,10729,62.06,28.08756588,16046.5,67.55,1.772888771,16046.5
26/09/2020,7,0,15,1,1,39,0,3,2,0,23,0,11,16,1,0,129,19,4,0,7,4,7,1,0,0,0,61,0,5,0,57,69,2,16,0,9,9,41,31,0.047229632,0.157494356,0.020534097,0.010660516,8.831941245,6.614762945,1.396318596,0.820859704,0.026345832,0.102954406,0.000163521,8.10E-05,42,68,77,54.455,42.72421162,3922.75,60.8,25.3016841,16093,60.98,21.78804315,16046.5,66.47,3.735110311,16046.5
27/09/2020,4,5,12,4,1,19,0,-1,1,0,17,0,18,7,0,0,108,8,1,0,24,0,3,1,0,0,2,64,0,3,0,27,71,0,7,0,3,11,10,17,0.045019477,0.156715205,0.01452184,0.013575934,8.688759028,6.58203862,0.871310377,1.235410031,0.025571936,0.102898942,0.000161518,0.00012954,42,60,91,59,29.10256433,16093,58.4,92.25469157,16093,61.52,28.19305205,16046.5,66.47,1.097675234,16046.5
28/09/2020,12,1,4,3,1,11,0,2,3,0,15,0,16,3,0,0,95,12,4,1,2,-1,5,1,0,0,0,48,0,4,0,15,65,0,14,0,6,7,11,10,0.03955032,0.151179853,0.015170091,0.012545149,8.819721372,6.349553824,1.15292694,1.317240607,0.022646651,0.106373809,0.000154279,9.18E-05,42,76,105,62.06,10.96821302,16093,68,5.672162203,16093,68,4.427428371,16046.5,70.52,0.301122034,16046.5
29/09/2020,6,5,27,4,0,46,0,18,1,0,13,2,20,-1,0,0,39,3,5,0,13,3,2,-1,0,3,3,41,0,0,0,30,56,0,2,0,3,8,36,8,0.04070176,0.154564775,0.018905325,0.011419486,9.157896041,6.491720544,1.455710022,1.210465476,0.022560018,0.106351657,0.000165891,8.02E-05,42,77,106,64.94,14.6666528,16093,72.8,12.43130383,16093,73.04,6.787797852,16046.5,74.93,0.336976588,16046.5
30/09/2020,2,6,14,0,4,22,0,5,1,0,22,-1,3,17,1,0,130,6,1,0,10,-1,3,7,0,3,0,62,0,4,0,40,73,14,6,0,13,2,0,18,0.039075353,0.154127443,0.015967294,0.012930562,9.221783426,6.47335262,1.261416214,1.487014592,0.021500266,0.106176926,0.000148497,9.63E-05,42,79,115,69.98,14.41363827,16093,78.8,7.62650836,44061.66667,76.01,7.058195605,16046.5,79.52,0.298365146,16046.5